STRUCTURE,STRUCTURE_ID,STRUCTURE_NAME,freq,Time frequency,sex,Sex,age,Age class,unit,Unit of measure,geo,Geopolitical entity (reporting),TIME_PERIOD,Time,OBS_VALUE,Observation value,OBS_FLAG,Observation status (Flag)
dataflow,ESTAT:LFSI_NEET_A(1.0),"Young people neither in employment nor in education and training (NEET), by sex and age - annual data",A,Annual,T,Total,Y15-29,From 15 to 29 years,THS_PER,Thousand persons,AT,Austria,2014,,149,,,
dataflow,ESTAT:LFSI_NEET_A(1.0),"Young people neither in employment nor in education and training (NEET), by sex and age - annual data",A,Annual,T,Total,Y15-29,From 15 to 29 years,THS_PER,Thousand persons,AT,Austria,2015,,139,,,
dataflow,ESTAT:LFSI_NEET_A(1.0),"Young people neither in employment nor in education and training (NEET), by sex and age - annual data",A,Annual,T,Total,Y15-29,From 15 to 29 years,THS_PER,Thousand persons,AT,Austria,2016,,145,,,
dataflow,ESTAT:LFSI_NEET_A(1.0),"Young people neither in employment nor in education and training (NEET), by sex and age - annual data",A,Annual,T,Total,Y15-29,From 15 to 29 years,THS_PER,Thousand persons,AT,Austria,2017,,135,,,
dataflow,ESTAT:LFSI_NEET_A(1.0),"Young people neither in employment nor in education and training (NEET), by sex and age - annual data",A,Annual,T,Total,Y15-29,From 15 to 29 years,THS_PER,Thousand persons,AT,Austria,2018,,134,,,
dataflow,ESTAT:LFSI_NEET_A(1.0),"Young people neither in employment nor in education and training (NEET), by sex and age - annual data",A,Annual,T,Total,Y15-29,From 15 to 29 years,THS_PER,Thousand persons,AT,Austria,2019,,130,,,
dataflow,ESTAT:LFSI_NEET_A(1.0),"Young people neither in employment nor in education and training (NEET), by sex and age - annual data",A,Annual,T,Total,Y15-29,From 15 to 29 years,THS_PER,Thousand persons,AT,Austria,2020,,147,,,
dataflow,ESTAT:LFSI_NEET_A(1.0),"Young people neither in employment nor in education and training (NEET), by sex and age - annual data",A,Annual,T,Total,Y15-29,From 15 to 29 years,THS_PER,Thousand persons,AT,Austria,2021,,139,,,
dataflow,ESTAT:LFSI_NEET_A(1.0),"Young people neither in employment nor in education and training (NEET), by sex and age - annual data",A,Annual,T,Total,Y15-29,From 15 to 29 years,THS_PER,Thousand persons,AT,Austria,2022,,134,,,
dataflow,ESTAT:LFSI_NEET_A(1.0),"Young people neither in employment nor in education and training (NEET), by sex and age - annual data",A,Annual,T,Total,Y15-29,From 15 to 29 years,THS_PER,Thousand persons,AT,Austria,2023,,140,,,
dataflow,ESTAT:LFSI_NEET_A(1.0),"Young people neither in employment nor in education and training (NEET), by sex and age - annual data",A,Annual,T,Total,Y15-29,From 15 to 29 years,THS_PER,Thousand persons,BA,Bosnia and Herzegovina,2021,,155,,,
dataflow,ESTAT:LFSI_NEET_A(1.0),"Young people neither in employment nor in education and training (NEET), by sex and age - annual data",A,Annual,T,Total,Y15-29,From 15 to 29 years,THS_PER,Thousand persons,BA,Bosnia and Herzegovina,2022,,142,,,
dataflow,ESTAT:LFSI_NEET_A(1.0),"Young people neither in employment nor in education and training (NEET), by sex and age - annual data",A,Annual,T,Total,Y15-29,From 15 to 29 years,THS_PER,Thousand persons,BA,Bosnia and Herzegovina,2023,,133,,,
dataflow,ESTAT:LFSI_NEET_A(1.0),"Young people neither in employment nor in education and training (NEET), by sex and age - annual data",A,Annual,T,Total,Y15-29,From 15 to 29 years,THS_PER,Thousand persons,BE,Belgium,2014,,269,,,
dataflow,ESTAT:LFSI_NEET_A(1.0),"Young people neither in employment nor in education and training (NEET), by sex and age - annual data",A,Annual,T,Total,Y15-29,From 15 to 29 years,THS_PER,Thousand persons,BE,Belgium,2015,,277,,,
dataflow,ESTAT:LFSI_NEET_A(1.0),"Young people neither in employment nor in education and training (NEET), by sex and age - annual data",A,Annual,T,Total,Y15-29,From 15 to 29 years,THS_PER,Thousand persons,BE,Belgium,2016,,249,,,
dataflow,ESTAT:LFSI_NEET_A(1.0),"Young people neither in employment nor in education and training (NEET), by sex and age - annual data",A,Annual,T,Total,Y15-29,From 15 to 29 years,THS_PER,Thousand persons,BE,Belgium,2017,,240,,b,break in time series
dataflow,ESTAT:LFSI_NEET_A(1.0),"Young people neither in employment nor in education and training (NEET), by sex and age - annual data",A,Annual,T,Total,Y15-29,From 15 to 29 years,THS_PER,Thousand persons,BE,Belgium,2018,,230,,,
dataflow,ESTAT:LFSI_NEET_A(1.0),"Young people neither in employment nor in education and training (NEET), by sex and age - annual data",A,Annual,T,Total,Y15-29,From 15 to 29 years,THS_PER,Thousand persons,BE,Belgium,2019,,226,,,
dataflow,ESTAT:LFSI_NEET_A(1.0),"Young people neither in employment nor in education and training (NEET), by sex and age - annual data",A,Annual,T,Total,Y15-29,From 15 to 29 years,THS_PER,Thousand persons,BE,Belgium,2020,,230,,,
dataflow,ESTAT:LFSI_NEET_A(1.0),"Young people neither in employment nor in education and training (NEET), by sex and age - annual data",A,Annual,T,Total,Y15-29,From 15 to 29 years,THS_PER,Thousand persons,BE,Belgium,2021,,205,,b,break in time series
dataflow,ESTAT:LFSI_NEET_A(1.0),"Young people neither in employment nor in education and training (NEET), by sex and age - annual data",A,Annual,T,Total,Y15-29,From 15 to 29 years,THS_PER,Thousand persons,BE,Belgium,2022,,189,,,
dataflow,ESTAT:LFSI_NEET_A(1.0),"Young people neither in employment nor in education and training (NEET), by sex and age - annual data",A,Annual,T,Total,Y15-29,From 15 to 29 years,THS_PER,Thousand persons,BE,Belgium,2023,,199,,,
dataflow,ESTAT:LFSI_NEET_A(1.0),"Young people neither in employment nor in education and training (NEET), by sex and age - annual data",A,Annual,T,Total,Y15-29,From 15 to 29 years,THS_PER,Thousand persons,BG,Bulgaria,2014,,293,,,
dataflow,ESTAT:LFSI_NEET_A(1.0),"Young people neither in employment nor in education and training (NEET), by sex and age - annual data",A,Annual,T,Total,Y15-29,From 15 to 29 years,THS_PER,Thousand persons,BG,Bulgaria,2015,,264,,,
dataflow,ESTAT:LFSI_NEET_A(1.0),"Young people neither in employment nor in education and training (NEET), by sex and age - annual data",A,Annual,T,Total,Y15-29,From 15 to 29 years,THS_PER,Thousand persons,BG,Bulgaria,2016,,257,,,
dataflow,ESTAT:LFSI_NEET_A(1.0),"Young people neither in employment nor in education and training (NEET), by sex and age - annual data",A,Annual,T,Total,Y15-29,From 15 to 29 years,THS_PER,Thousand persons,BG,Bulgaria,2017,,209,,,
dataflow,ESTAT:LFSI_NEET_A(1.0),"Young people neither in employment nor in education and training (NEET), by sex and age - annual data",A,Annual,T,Total,Y15-29,From 15 to 29 years,THS_PER,Thousand persons,BG,Bulgaria,2018,,193,,,
dataflow,ESTAT:LFSI_NEET_A(1.0),"Young people neither in employment nor in education and training (NEET), by sex and age - annual data",A,Annual,T,Total,Y15-29,From 15 to 29 years,THS_PER,Thousand persons,BG,Bulgaria,2019,,149,,b,break in time series
dataflow,ESTAT:LFSI_NEET_A(1.0),"Young people neither in employment nor in education and training (NEET), by sex and age - annual data",A,Annual,T,Total,Y15-29,From 15 to 29 years,THS_PER,Thousand persons,BG,Bulgaria,2020,,156,,,
dataflow,ESTAT:LFSI_NEET_A(1.0),"Young people neither in employment nor in education and training (NEET), by sex and age - annual data",A,Annual,T,Total,Y15-29,From 15 to 29 years,THS_PER,Thousand persons,BG,Bulgaria,2021,,148,,,
dataflow,ESTAT:LFSI_NEET_A(1.0),"Young people neither in employment nor in education and training (NEET), by sex and age - annual data",A,Annual,T,Total,Y15-29,From 15 to 29 years,THS_PER,Thousand persons,BG,Bulgaria,2022,,125,,,
dataflow,ESTAT:LFSI_NEET_A(1.0),"Young people neither in employment nor in education and training (NEET), by sex and age - annual data",A,Annual,T,Total,Y15-29,From 15 to 29 years,THS_PER,Thousand persons,BG,Bulgaria,2023,,118,,,
dataflow,ESTAT:LFSI_NEET_A(1.0),"Young people neither in employment nor in education and training (NEET), by sex and age - annual data",A,Annual,T,Total,Y15-29,From 15 to 29 years,THS_PER,Thousand persons,CH,Switzerland,2014,,113,,,
dataflow,ESTAT:LFSI_NEET_A(1.0),"Young people neither in employment nor in education and training (NEET), by sex and age - annual data",A,Annual,T,Total,Y15-29,From 15 to 29 years,THS_PER,Thousand persons,CH,Switzerland,2015,,108,,,
dataflow,ESTAT:LFSI_NEET_A(1.0),"Young people neither in employment nor in education and training (NEET), by sex and age - annual data",A,Annual,T,Total,Y15-29,From 15 to 29 years,THS_PER,Thousand persons,CH,Switzerland,2016,,111,,,
dataflow,ESTAT:LFSI_NEET_A(1.0),"Young people neither in employment nor in education and training (NEET), by sex and age - annual data",A,Annual,T,Total,Y15-29,From 15 to 29 years,THS_PER,Thousand persons,CH,Switzerland,2017,,105,,,
dataflow,ESTAT:LFSI_NEET_A(1.0),"Young people neither in employment nor in education and training (NEET), by sex and age - annual data",A,Annual,T,Total,Y15-29,From 15 to 29 years,THS_PER,Thousand persons,CH,Switzerland,2018,,96,,,
dataflow,ESTAT:LFSI_NEET_A(1.0),"Young people neither in employment nor in education and training (NEET), by sex and age - annual data",A,Annual,T,Total,Y15-29,From 15 to 29 years,THS_PER,Thousand persons,CH,Switzerland,2019,,90,,,
dataflow,ESTAT:LFSI_NEET_A(1.0),"Young people neither in employment nor in education and training (NEET), by sex and age - annual data",A,Annual,T,Total,Y15-29,From 15 to 29 years,THS_PER,Thousand persons,CH,Switzerland,2020,,90,,,
dataflow,ESTAT:LFSI_NEET_A(1.0),"Young people neither in employment nor in education and training (NEET), by sex and age - annual data",A,Annual,T,Total,Y15-29,From 15 to 29 years,THS_PER,Thousand persons,CH,Switzerland,2023,,111,,,
dataflow,ESTAT:LFSI_NEET_A(1.0),"Young people neither in employment nor in education and training (NEET), by sex and age - annual data",A,Annual,T,Total,Y15-29,From 15 to 29 years,THS_PER,Thousand persons,CY,Cyprus,2014,,35,,,
dataflow,ESTAT:LFSI_NEET_A(1.0),"Young people neither in employment nor in education and training (NEET), by sex and age - annual data",A,Annual,T,Total,Y15-29,From 15 to 29 years,THS_PER,Thousand persons,CY,Cyprus,2015,,31,,,
dataflow,ESTAT:LFSI_NEET_A(1.0),"Young people neither in employment nor in education and training (NEET), by sex and age - annual data",A,Annual,T,Total,Y15-29,From 15 to 29 years,THS_PER,Thousand persons,CY,Cyprus,2016,,30,,,
dataflow,ESTAT:LFSI_NEET_A(1.0),"Young people neither in employment nor in education and training (NEET), by sex and age - annual data",A,Annual,T,Total,Y15-29,From 15 to 29 years,THS_PER,Thousand persons,CY,Cyprus,2017,,30,,,
dataflow,ESTAT:LFSI_NEET_A(1.0),"Young people neither in employment nor in education and training (NEET), by sex and age - annual data",A,Annual,T,Total,Y15-29,From 15 to 29 years,THS_PER,Thousand persons,CY,Cyprus,2018,,25,,,
dataflow,ESTAT:LFSI_NEET_A(1.0),"Young people neither in employment nor in education and training (NEET), by sex and age - annual data",A,Annual,T,Total,Y15-29,From 15 to 29 years,THS_PER,Thousand persons,CY,Cyprus,2019,,21,,,
dataflow,ESTAT:LFSI_NEET_A(1.0),"Young people neither in employment nor in education and training (NEET), by sex and age - annual data",A,Annual,T,Total,Y15-29,From 15 to 29 years,THS_PER,Thousand persons,CY,Cyprus,2020,,22,,,
dataflow,ESTAT:LFSI_NEET_A(1.0),"Young people neither in employment nor in education and training (NEET), by sex and age - annual data",A,Annual,T,Total,Y15-29,From 15 to 29 years,THS_PER,Thousand persons,CY,Cyprus,2021,,22,,,
dataflow,ESTAT:LFSI_NEET_A(1.0),"Young people neither in employment nor in education and training (NEET), by sex and age - annual data",A,Annual,T,Total,Y15-29,From 15 to 29 years,THS_PER,Thousand persons,CY,Cyprus,2022,,21,,,
dataflow,ESTAT:LFSI_NEET_A(1.0),"Young people neither in employment nor in education and training (NEET), by sex and age - annual data",A,Annual,T,Total,Y15-29,From 15 to 29 years,THS_PER,Thousand persons,CY,Cyprus,2023,,21,,,
dataflow,ESTAT:LFSI_NEET_A(1.0),"Young people neither in employment nor in education and training (NEET), by sex and age - annual data",A,Annual,T,Total,Y15-29,From 15 to 29 years,THS_PER,Thousand persons,CZ,Czechia,2014,,219,,,
dataflow,ESTAT:LFSI_NEET_A(1.0),"Young people neither in employment nor in education and training (NEET), by sex and age - annual data",A,Annual,T,Total,Y15-29,From 15 to 29 years,THS_PER,Thousand persons,CZ,Czechia,2015,,208,,,
dataflow,ESTAT:LFSI_NEET_A(1.0),"Young people neither in employment nor in education and training (NEET), by sex and age - annual data",A,Annual,T,Total,Y15-29,From 15 to 29 years,THS_PER,Thousand persons,CZ,Czechia,2016,,190,,,
dataflow,ESTAT:LFSI_NEET_A(1.0),"Young people neither in employment nor in education and training (NEET), by sex and age - annual data",A,Annual,T,Total,Y15-29,From 15 to 29 years,THS_PER,Thousand persons,CZ,Czechia,2017,,167,,,
dataflow,ESTAT:LFSI_NEET_A(1.0),"Young people neither in employment nor in education and training (NEET), by sex and age - annual data",A,Annual,T,Total,Y15-29,From 15 to 29 years,THS_PER,Thousand persons,CZ,Czechia,2018,,157,,,
dataflow,ESTAT:LFSI_NEET_A(1.0),"Young people neither in employment nor in education and training (NEET), by sex and age - annual data",A,Annual,T,Total,Y15-29,From 15 to 29 years,THS_PER,Thousand persons,CZ,Czechia,2019,,159,,,
dataflow,ESTAT:LFSI_NEET_A(1.0),"Young people neither in employment nor in education and training (NEET), by sex and age - annual data",A,Annual,T,Total,Y15-29,From 15 to 29 years,THS_PER,Thousand persons,CZ,Czechia,2020,,176,,,
dataflow,ESTAT:LFSI_NEET_A(1.0),"Young people neither in employment nor in education and training (NEET), by sex and age - annual data",A,Annual,T,Total,Y15-29,From 15 to 29 years,THS_PER,Thousand persons,CZ,Czechia,2021,,172,,,
dataflow,ESTAT:LFSI_NEET_A(1.0),"Young people neither in employment nor in education and training (NEET), by sex and age - annual data",A,Annual,T,Total,Y15-29,From 15 to 29 years,THS_PER,Thousand persons,CZ,Czechia,2022,,178,,,
dataflow,ESTAT:LFSI_NEET_A(1.0),"Young people neither in employment nor in education and training (NEET), by sex and age - annual data",A,Annual,T,Total,Y15-29,From 15 to 29 years,THS_PER,Thousand persons,CZ,Czechia,2023,,165,,,
dataflow,ESTAT:LFSI_NEET_A(1.0),"Young people neither in employment nor in education and training (NEET), by sex and age - annual data",A,Annual,T,Total,Y15-29,From 15 to 29 years,THS_PER,Thousand persons,DE,Germany,2014,,1323,,,
dataflow,ESTAT:LFSI_NEET_A(1.0),"Young people neither in employment nor in education and training (NEET), by sex and age - annual data",A,Annual,T,Total,Y15-29,From 15 to 29 years,THS_PER,Thousand persons,DE,Germany,2015,,1298,,,
dataflow,ESTAT:LFSI_NEET_A(1.0),"Young people neither in employment nor in education and training (NEET), by sex and age - annual data",A,Annual,T,Total,Y15-29,From 15 to 29 years,THS_PER,Thousand persons,DE,Germany,2016,,1391,,,
dataflow,ESTAT:LFSI_NEET_A(1.0),"Young people neither in employment nor in education and training (NEET), by sex and age - annual data",A,Annual,T,Total,Y15-29,From 15 to 29 years,THS_PER,Thousand persons,DE,Germany,2017,,1321,,,
dataflow,ESTAT:LFSI_NEET_A(1.0),"Young people neither in employment nor in education and training (NEET), by sex and age - annual data",A,Annual,T,Total,Y15-29,From 15 to 29 years,THS_PER,Thousand persons,DE,Germany,2018,,1213,,,
dataflow,ESTAT:LFSI_NEET_A(1.0),"Young people neither in employment nor in education and training (NEET), by sex and age - annual data",A,Annual,T,Total,Y15-29,From 15 to 29 years,THS_PER,Thousand persons,DE,Germany,2019,,1154,,,
dataflow,ESTAT:LFSI_NEET_A(1.0),"Young people neither in employment nor in education and training (NEET), by sex and age - annual data",A,Annual,T,Total,Y15-29,From 15 to 29 years,THS_PER,Thousand persons,DE,Germany,2020,,1264,,b,break in time series
dataflow,ESTAT:LFSI_NEET_A(1.0),"Young people neither in employment nor in education and training (NEET), by sex and age - annual data",A,Annual,T,Total,Y15-29,From 15 to 29 years,THS_PER,Thousand persons,DE,Germany,2021,,1230,,,
dataflow,ESTAT:LFSI_NEET_A(1.0),"Young people neither in employment nor in education and training (NEET), by sex and age - annual data",A,Annual,T,Total,Y15-29,From 15 to 29 years,THS_PER,Thousand persons,DE,Germany,2022,,1159,,,
dataflow,ESTAT:LFSI_NEET_A(1.0),"Young people neither in employment nor in education and training (NEET), by sex and age - annual data",A,Annual,T,Total,Y15-29,From 15 to 29 years,THS_PER,Thousand persons,DE,Germany,2023,,1174,,,
dataflow,ESTAT:LFSI_NEET_A(1.0),"Young people neither in employment nor in education and training (NEET), by sex and age - annual data",A,Annual,T,Total,Y15-29,From 15 to 29 years,THS_PER,Thousand persons,DK,Denmark,2014,,85,,,
dataflow,ESTAT:LFSI_NEET_A(1.0),"Young people neither in employment nor in education and training (NEET), by sex and age - annual data",A,Annual,T,Total,Y15-29,From 15 to 29 years,THS_PER,Thousand persons,DK,Denmark,2015,,91,,,
dataflow,ESTAT:LFSI_NEET_A(1.0),"Young people neither in employment nor in education and training (NEET), by sex and age - annual data",A,Annual,T,Total,Y15-29,From 15 to 29 years,THS_PER,Thousand persons,DK,Denmark,2016,,92,,b,break in time series
dataflow,ESTAT:LFSI_NEET_A(1.0),"Young people neither in employment nor in education and training (NEET), by sex and age - annual data",A,Annual,T,Total,Y15-29,From 15 to 29 years,THS_PER,Thousand persons,DK,Denmark,2017,,109,,b,break in time series
dataflow,ESTAT:LFSI_NEET_A(1.0),"Young people neither in employment nor in education and training (NEET), by sex and age - annual data",A,Annual,T,Total,Y15-29,From 15 to 29 years,THS_PER,Thousand persons,DK,Denmark,2018,,107,,,
dataflow,ESTAT:LFSI_NEET_A(1.0),"Young people neither in employment nor in education and training (NEET), by sex and age - annual data",A,Annual,T,Total,Y15-29,From 15 to 29 years,THS_PER,Thousand persons,DK,Denmark,2019,,107,,,
dataflow,ESTAT:LFSI_NEET_A(1.0),"Young people neither in employment nor in education and training (NEET), by sex and age - annual data",A,Annual,T,Total,Y15-29,From 15 to 29 years,THS_PER,Thousand persons,DK,Denmark,2020,,113,,,
dataflow,ESTAT:LFSI_NEET_A(1.0),"Young people neither in employment nor in education and training (NEET), by sex and age - annual data",A,Annual,T,Total,Y15-29,From 15 to 29 years,THS_PER,Thousand persons,DK,Denmark,2021,,93,,,
dataflow,ESTAT:LFSI_NEET_A(1.0),"Young people neither in employment nor in education and training (NEET), by sex and age - annual data",A,Annual,T,Total,Y15-29,From 15 to 29 years,THS_PER,Thousand persons,DK,Denmark,2022,,88,,,
dataflow,ESTAT:LFSI_NEET_A(1.0),"Young people neither in employment nor in education and training (NEET), by sex and age - annual data",A,Annual,T,Total,Y15-29,From 15 to 29 years,THS_PER,Thousand persons,DK,Denmark,2023,,96,,b,break in time series
dataflow,ESTAT:LFSI_NEET_A(1.0),"Young people neither in employment nor in education and training (NEET), by sex and age - annual data",A,Annual,T,Total,Y15-29,From 15 to 29 years,THS_PER,Thousand persons,EA20,Euro area – 20 countries (from 2023),2014,,8974,,,
dataflow,ESTAT:LFSI_NEET_A(1.0),"Young people neither in employment nor in education and training (NEET), by sex and age - annual data",A,Annual,T,Total,Y15-29,From 15 to 29 years,THS_PER,Thousand persons,EA20,Euro area – 20 countries (from 2023),2015,,8656,,,
dataflow,ESTAT:LFSI_NEET_A(1.0),"Young people neither in employment nor in education and training (NEET), by sex and age - annual data",A,Annual,T,Total,Y15-29,From 15 to 29 years,THS_PER,Thousand persons,EA20,Euro area – 20 countries (from 2023),2016,,8316,,,
dataflow,ESTAT:LFSI_NEET_A(1.0),"Young people neither in employment nor in education and training (NEET), by sex and age - annual data",A,Annual,T,Total,Y15-29,From 15 to 29 years,THS_PER,Thousand persons,EA20,Euro area – 20 countries (from 2023),2017,,7906,,,
dataflow,ESTAT:LFSI_NEET_A(1.0),"Young people neither in employment nor in education and training (NEET), by sex and age - annual data",A,Annual,T,Total,Y15-29,From 15 to 29 years,THS_PER,Thousand persons,EA20,Euro area – 20 countries (from 2023),2018,,7493,,,
dataflow,ESTAT:LFSI_NEET_A(1.0),"Young people neither in employment nor in education and training (NEET), by sex and age - annual data",A,Annual,T,Total,Y15-29,From 15 to 29 years,THS_PER,Thousand persons,EA20,Euro area – 20 countries (from 2023),2019,,7169,,,
dataflow,ESTAT:LFSI_NEET_A(1.0),"Young people neither in employment nor in education and training (NEET), by sex and age - annual data",A,Annual,T,Total,Y15-29,From 15 to 29 years,THS_PER,Thousand persons,EA20,Euro area – 20 countries (from 2023),2020,,7807,,,
dataflow,ESTAT:LFSI_NEET_A(1.0),"Young people neither in employment nor in education and training (NEET), by sex and age - annual data",A,Annual,T,Total,Y15-29,From 15 to 29 years,THS_PER,Thousand persons,EA20,Euro area – 20 countries (from 2023),2021,,7213,,,
dataflow,ESTAT:LFSI_NEET_A(1.0),"Young people neither in employment nor in education and training (NEET), by sex and age - annual data",A,Annual,T,Total,Y15-29,From 15 to 29 years,THS_PER,Thousand persons,EA20,Euro area – 20 countries (from 2023),2022,,6508,,,
dataflow,ESTAT:LFSI_NEET_A(1.0),"Young people neither in employment nor in education and training (NEET), by sex and age - annual data",A,Annual,T,Total,Y15-29,From 15 to 29 years,THS_PER,Thousand persons,EA20,Euro area – 20 countries (from 2023),2023,,6348,,,
dataflow,ESTAT:LFSI_NEET_A(1.0),"Young people neither in employment nor in education and training (NEET), by sex and age - annual data",A,Annual,T,Total,Y15-29,From 15 to 29 years,THS_PER,Thousand persons,EE,Estonia,2014,,32,,,
dataflow,ESTAT:LFSI_NEET_A(1.0),"Young people neither in employment nor in education and training (NEET), by sex and age - annual data",A,Annual,T,Total,Y15-29,From 15 to 29 years,THS_PER,Thousand persons,EE,Estonia,2015,,29,,,
dataflow,ESTAT:LFSI_NEET_A(1.0),"Young people neither in employment nor in education and training (NEET), by sex and age - annual data",A,Annual,T,Total,Y15-29,From 15 to 29 years,THS_PER,Thousand persons,EE,Estonia,2016,,31,,,
dataflow,ESTAT:LFSI_NEET_A(1.0),"Young people neither in employment nor in education and training (NEET), by sex and age - annual data",A,Annual,T,Total,Y15-29,From 15 to 29 years,THS_PER,Thousand persons,EE,Estonia,2017,,23,,,
dataflow,ESTAT:LFSI_NEET_A(1.0),"Young people neither in employment nor in education and training (NEET), by sex and age - annual data",A,Annual,T,Total,Y15-29,From 15 to 29 years,THS_PER,Thousand persons,EE,Estonia,2018,,25,,,
dataflow,ESTAT:LFSI_NEET_A(1.0),"Young people neither in employment nor in education and training (NEET), by sex and age - annual data",A,Annual,T,Total,Y15-29,From 15 to 29 years,THS_PER,Thousand persons,EE,Estonia,2019,,20,,,
dataflow,ESTAT:LFSI_NEET_A(1.0),"Young people neither in employment nor in education and training (NEET), by sex and age - annual data",A,Annual,T,Total,Y15-29,From 15 to 29 years,THS_PER,Thousand persons,EE,Estonia,2020,,22,,,
dataflow,ESTAT:LFSI_NEET_A(1.0),"Young people neither in employment nor in education and training (NEET), by sex and age - annual data",A,Annual,T,Total,Y15-29,From 15 to 29 years,THS_PER,Thousand persons,EE,Estonia,2021,,22,,,
dataflow,ESTAT:LFSI_NEET_A(1.0),"Young people neither in employment nor in education and training (NEET), by sex and age - annual data",A,Annual,T,Total,Y15-29,From 15 to 29 years,THS_PER,Thousand persons,EE,Estonia,2022,,21,,,
dataflow,ESTAT:LFSI_NEET_A(1.0),"Young people neither in employment nor in education and training (NEET), by sex and age - annual data",A,Annual,T,Total,Y15-29,From 15 to 29 years,THS_PER,Thousand persons,EE,Estonia,2023,,19,,,
dataflow,ESTAT:LFSI_NEET_A(1.0),"Young people neither in employment nor in education and training (NEET), by sex and age - annual data",A,Annual,T,Total,Y15-29,From 15 to 29 years,THS_PER,Thousand persons,EL,Greece,2014,,455,,,
dataflow,ESTAT:LFSI_NEET_A(1.0),"Young people neither in employment nor in education and training (NEET), by sex and age - annual data",A,Annual,T,Total,Y15-29,From 15 to 29 years,THS_PER,Thousand persons,EL,Greece,2015,,403,,,
dataflow,ESTAT:LFSI_NEET_A(1.0),"Young people neither in employment nor in education and training (NEET), by sex and age - annual data",A,Annual,T,Total,Y15-29,From 15 to 29 years,THS_PER,Thousand persons,EL,Greece,2016,,364,,,
dataflow,ESTAT:LFSI_NEET_A(1.0),"Young people neither in employment nor in education and training (NEET), by sex and age - annual data",A,Annual,T,Total,Y15-29,From 15 to 29 years,THS_PER,Thousand persons,EL,Greece,2017,,341,,,
dataflow,ESTAT:LFSI_NEET_A(1.0),"Young people neither in employment nor in education and training (NEET), by sex and age - annual data",A,Annual,T,Total,Y15-29,From 15 to 29 years,THS_PER,Thousand persons,EL,Greece,2018,,310,,,
dataflow,ESTAT:LFSI_NEET_A(1.0),"Young people neither in employment nor in education and training (NEET), by sex and age - annual data",A,Annual,T,Total,Y15-29,From 15 to 29 years,THS_PER,Thousand persons,EL,Greece,2019,,281,,,
dataflow,ESTAT:LFSI_NEET_A(1.0),"Young people neither in employment nor in education and training (NEET), by sex and age - annual data",A,Annual,T,Total,Y15-29,From 15 to 29 years,THS_PER,Thousand persons,EL,Greece,2020,,297,,,
dataflow,ESTAT:LFSI_NEET_A(1.0),"Young people neither in employment nor in education and training (NEET), by sex and age - annual data",A,Annual,T,Total,Y15-29,From 15 to 29 years,THS_PER,Thousand persons,EL,Greece,2021,,279,,,
dataflow,ESTAT:LFSI_NEET_A(1.0),"Young people neither in employment nor in education and training (NEET), by sex and age - annual data",A,Annual,T,Total,Y15-29,From 15 to 29 years,THS_PER,Thousand persons,EL,Greece,2022,,247,,,
dataflow,ESTAT:LFSI_NEET_A(1.0),"Young people neither in employment nor in education and training (NEET), by sex and age - annual data",A,Annual,T,Total,Y15-29,From 15 to 29 years,THS_PER,Thousand persons,EL,Greece,2023,,258,,,
dataflow,ESTAT:LFSI_NEET_A(1.0),"Young people neither in employment nor in education and training (NEET), by sex and age - annual data",A,Annual,T,Total,Y15-29,From 15 to 29 years,THS_PER,Thousand persons,ES,Spain,2014,,1483,,,
dataflow,ESTAT:LFSI_NEET_A(1.0),"Young people neither in employment nor in education and training (NEET), by sex and age - annual data",A,Annual,T,Total,Y15-29,From 15 to 29 years,THS_PER,Thousand persons,ES,Spain,2015,,1373,,,
dataflow,ESTAT:LFSI_NEET_A(1.0),"Young people neither in employment nor in education and training (NEET), by sex and age - annual data",A,Annual,T,Total,Y15-29,From 15 to 29 years,THS_PER,Thousand persons,ES,Spain,2016,,1262,,,
dataflow,ESTAT:LFSI_NEET_A(1.0),"Young people neither in employment nor in education and training (NEET), by sex and age - annual data",A,Annual,T,Total,Y15-29,From 15 to 29 years,THS_PER,Thousand persons,ES,Spain,2017,,1148,,,
dataflow,ESTAT:LFSI_NEET_A(1.0),"Young people neither in employment nor in education and training (NEET), by sex and age - annual data",A,Annual,T,Total,Y15-29,From 15 to 29 years,THS_PER,Thousand persons,ES,Spain,2018,,1083,,,
dataflow,ESTAT:LFSI_NEET_A(1.0),"Young people neither in employment nor in education and training (NEET), by sex and age - annual data",A,Annual,T,Total,Y15-29,From 15 to 29 years,THS_PER,Thousand persons,ES,Spain,2019,,1070,,,
dataflow,ESTAT:LFSI_NEET_A(1.0),"Young people neither in employment nor in education and training (NEET), by sex and age - annual data",A,Annual,T,Total,Y15-29,From 15 to 29 years,THS_PER,Thousand persons,ES,Spain,2020,,1263,,,
dataflow,ESTAT:LFSI_NEET_A(1.0),"Young people neither in employment nor in education and training (NEET), by sex and age - annual data",A,Annual,T,Total,Y15-29,From 15 to 29 years,THS_PER,Thousand persons,ES,Spain,2021,,1041,,d,definition differs (see metadata)
dataflow,ESTAT:LFSI_NEET_A(1.0),"Young people neither in employment nor in education and training (NEET), by sex and age - annual data",A,Annual,T,Total,Y15-29,From 15 to 29 years,THS_PER,Thousand persons,ES,Spain,2022,,952,,d,definition differs (see metadata)
dataflow,ESTAT:LFSI_NEET_A(1.0),"Young people neither in employment nor in education and training (NEET), by sex and age - annual data",A,Annual,T,Total,Y15-29,From 15 to 29 years,THS_PER,Thousand persons,ES,Spain,2023,,949,,d,definition differs (see metadata)
dataflow,ESTAT:LFSI_NEET_A(1.0),"Young people neither in employment nor in education and training (NEET), by sex and age - annual data",A,Annual,T,Total,Y15-29,From 15 to 29 years,THS_PER,Thousand persons,EU27_2020,European Union - 27 countries (from 2020),2014,,11960,,,
dataflow,ESTAT:LFSI_NEET_A(1.0),"Young people neither in employment nor in education and training (NEET), by sex and age - annual data",A,Annual,T,Total,Y15-29,From 15 to 29 years,THS_PER,Thousand persons,EU27_2020,European Union - 27 countries (from 2020),2015,,11508,,,
dataflow,ESTAT:LFSI_NEET_A(1.0),"Young people neither in employment nor in education and training (NEET), by sex and age - annual data",A,Annual,T,Total,Y15-29,From 15 to 29 years,THS_PER,Thousand persons,EU27_2020,European Union - 27 countries (from 2020),2016,,10961,,,
dataflow,ESTAT:LFSI_NEET_A(1.0),"Young people neither in employment nor in education and training (NEET), by sex and age - annual data",A,Annual,T,Total,Y15-29,From 15 to 29 years,THS_PER,Thousand persons,EU27_2020,European Union - 27 countries (from 2020),2017,,10275,,,
dataflow,ESTAT:LFSI_NEET_A(1.0),"Young people neither in employment nor in education and training (NEET), by sex and age - annual data",A,Annual,T,Total,Y15-29,From 15 to 29 years,THS_PER,Thousand persons,EU27_2020,European Union - 27 countries (from 2020),2018,,9691,,,
dataflow,ESTAT:LFSI_NEET_A(1.0),"Young people neither in employment nor in education and training (NEET), by sex and age - annual data",A,Annual,T,Total,Y15-29,From 15 to 29 years,THS_PER,Thousand persons,EU27_2020,European Union - 27 countries (from 2020),2019,,9214,,,
dataflow,ESTAT:LFSI_NEET_A(1.0),"Young people neither in employment nor in education and training (NEET), by sex and age - annual data",A,Annual,T,Total,Y15-29,From 15 to 29 years,THS_PER,Thousand persons,EU27_2020,European Union - 27 countries (from 2020),2020,,9947,,,
dataflow,ESTAT:LFSI_NEET_A(1.0),"Young people neither in employment nor in education and training (NEET), by sex and age - annual data",A,Annual,T,Total,Y15-29,From 15 to 29 years,THS_PER,Thousand persons,EU27_2020,European Union - 27 countries (from 2020),2021,,9287,,,
dataflow,ESTAT:LFSI_NEET_A(1.0),"Young people neither in employment nor in education and training (NEET), by sex and age - annual data",A,Annual,T,Total,Y15-29,From 15 to 29 years,THS_PER,Thousand persons,EU27_2020,European Union - 27 countries (from 2020),2022,,8367,,,
dataflow,ESTAT:LFSI_NEET_A(1.0),"Young people neither in employment nor in education and training (NEET), by sex and age - annual data",A,Annual,T,Total,Y15-29,From 15 to 29 years,THS_PER,Thousand persons,EU27_2020,European Union - 27 countries (from 2020),2023,,8071,,,
dataflow,ESTAT:LFSI_NEET_A(1.0),"Young people neither in employment nor in education and training (NEET), by sex and age - annual data",A,Annual,T,Total,Y15-29,From 15 to 29 years,THS_PER,Thousand persons,FI,Finland,2014,,109,,,
dataflow,ESTAT:LFSI_NEET_A(1.0),"Young people neither in employment nor in education and training (NEET), by sex and age - annual data",A,Annual,T,Total,Y15-29,From 15 to 29 years,THS_PER,Thousand persons,FI,Finland,2015,,114,,,
dataflow,ESTAT:LFSI_NEET_A(1.0),"Young people neither in employment nor in education and training (NEET), by sex and age - annual data",A,Annual,T,Total,Y15-29,From 15 to 29 years,THS_PER,Thousand persons,FI,Finland,2016,,107,,,
dataflow,ESTAT:LFSI_NEET_A(1.0),"Young people neither in employment nor in education and training (NEET), by sex and age - annual data",A,Annual,T,Total,Y15-29,From 15 to 29 years,THS_PER,Thousand persons,FI,Finland,2017,,100,,,
dataflow,ESTAT:LFSI_NEET_A(1.0),"Young people neither in employment nor in education and training (NEET), by sex and age - annual data",A,Annual,T,Total,Y15-29,From 15 to 29 years,THS_PER,Thousand persons,FI,Finland,2018,,92,,,
dataflow,ESTAT:LFSI_NEET_A(1.0),"Young people neither in employment nor in education and training (NEET), by sex and age - annual data",A,Annual,T,Total,Y15-29,From 15 to 29 years,THS_PER,Thousand persons,FI,Finland,2019,,86,,,
dataflow,ESTAT:LFSI_NEET_A(1.0),"Young people neither in employment nor in education and training (NEET), by sex and age - annual data",A,Annual,T,Total,Y15-29,From 15 to 29 years,THS_PER,Thousand persons,FI,Finland,2020,,92,,,
dataflow,ESTAT:LFSI_NEET_A(1.0),"Young people neither in employment nor in education and training (NEET), by sex and age - annual data",A,Annual,T,Total,Y15-29,From 15 to 29 years,THS_PER,Thousand persons,FI,Finland,2021,,86,,,
dataflow,ESTAT:LFSI_NEET_A(1.0),"Young people neither in employment nor in education and training (NEET), by sex and age - annual data",A,Annual,T,Total,Y15-29,From 15 to 29 years,THS_PER,Thousand persons,FI,Finland,2022,,87,,,
dataflow,ESTAT:LFSI_NEET_A(1.0),"Young people neither in employment nor in education and training (NEET), by sex and age - annual data",A,Annual,T,Total,Y15-29,From 15 to 29 years,THS_PER,Thousand persons,FI,Finland,2023,,86,,,
dataflow,ESTAT:LFSI_NEET_A(1.0),"Young people neither in employment nor in education and training (NEET), by sex and age - annual data",A,Annual,T,Total,Y15-29,From 15 to 29 years,THS_PER,Thousand persons,FR,France,2014,,1518,,,
dataflow,ESTAT:LFSI_NEET_A(1.0),"Young people neither in employment nor in education and training (NEET), by sex and age - annual data",A,Annual,T,Total,Y15-29,From 15 to 29 years,THS_PER,Thousand persons,FR,France,2015,,1577,,,
dataflow,ESTAT:LFSI_NEET_A(1.0),"Young people neither in employment nor in education and training (NEET), by sex and age - annual data",A,Annual,T,Total,Y15-29,From 15 to 29 years,THS_PER,Thousand persons,FR,France,2016,,1538,,,
dataflow,ESTAT:LFSI_NEET_A(1.0),"Young people neither in employment nor in education and training (NEET), by sex and age - annual data",A,Annual,T,Total,Y15-29,From 15 to 29 years,THS_PER,Thousand persons,FR,France,2017,,1489,,,
dataflow,ESTAT:LFSI_NEET_A(1.0),"Young people neither in employment nor in education and training (NEET), by sex and age - annual data",A,Annual,T,Total,Y15-29,From 15 to 29 years,THS_PER,Thousand persons,FR,France,2018,,1460,,,
dataflow,ESTAT:LFSI_NEET_A(1.0),"Young people neither in employment nor in education and training (NEET), by sex and age - annual data",A,Annual,T,Total,Y15-29,From 15 to 29 years,THS_PER,Thousand persons,FR,France,2019,,1396,,,
dataflow,ESTAT:LFSI_NEET_A(1.0),"Young people neither in employment nor in education and training (NEET), by sex and age - annual data",A,Annual,T,Total,Y15-29,From 15 to 29 years,THS_PER,Thousand persons,FR,France,2020,,1513,,,
dataflow,ESTAT:LFSI_NEET_A(1.0),"Young people neither in employment nor in education and training (NEET), by sex and age - annual data",A,Annual,T,Total,Y15-29,From 15 to 29 years,THS_PER,Thousand persons,FR,France,2021,,1432,,d,definition differs (see metadata)
dataflow,ESTAT:LFSI_NEET_A(1.0),"Young people neither in employment nor in education and training (NEET), by sex and age - annual data",A,Annual,T,Total,Y15-29,From 15 to 29 years,THS_PER,Thousand persons,FR,France,2022,,1369,,d,definition differs (see metadata)
dataflow,ESTAT:LFSI_NEET_A(1.0),"Young people neither in employment nor in education and training (NEET), by sex and age - annual data",A,Annual,T,Total,Y15-29,From 15 to 29 years,THS_PER,Thousand persons,FR,France,2023,,1422,,d,definition differs (see metadata)
dataflow,ESTAT:LFSI_NEET_A(1.0),"Young people neither in employment nor in education and training (NEET), by sex and age - annual data",A,Annual,T,Total,Y15-29,From 15 to 29 years,THS_PER,Thousand persons,HR,Croatia,2014,,160,,,
dataflow,ESTAT:LFSI_NEET_A(1.0),"Young people neither in employment nor in education and training (NEET), by sex and age - annual data",A,Annual,T,Total,Y15-29,From 15 to 29 years,THS_PER,Thousand persons,HR,Croatia,2015,,142,,,
dataflow,ESTAT:LFSI_NEET_A(1.0),"Young people neither in employment nor in education and training (NEET), by sex and age - annual data",A,Annual,T,Total,Y15-29,From 15 to 29 years,THS_PER,Thousand persons,HR,Croatia,2016,,134,,,
dataflow,ESTAT:LFSI_NEET_A(1.0),"Young people neither in employment nor in education and training (NEET), by sex and age - annual data",A,Annual,T,Total,Y15-29,From 15 to 29 years,THS_PER,Thousand persons,HR,Croatia,2017,,119,,,
dataflow,ESTAT:LFSI_NEET_A(1.0),"Young people neither in employment nor in education and training (NEET), by sex and age - annual data",A,Annual,T,Total,Y15-29,From 15 to 29 years,THS_PER,Thousand persons,HR,Croatia,2018,,100,,,
dataflow,ESTAT:LFSI_NEET_A(1.0),"Young people neither in employment nor in education and training (NEET), by sex and age - annual data",A,Annual,T,Total,Y15-29,From 15 to 29 years,THS_PER,Thousand persons,HR,Croatia,2019,,90,,,
dataflow,ESTAT:LFSI_NEET_A(1.0),"Young people neither in employment nor in education and training (NEET), by sex and age - annual data",A,Annual,T,Total,Y15-29,From 15 to 29 years,THS_PER,Thousand persons,HR,Croatia,2020,,90,,,
dataflow,ESTAT:LFSI_NEET_A(1.0),"Young people neither in employment nor in education and training (NEET), by sex and age - annual data",A,Annual,T,Total,Y15-29,From 15 to 29 years,THS_PER,Thousand persons,HR,Croatia,2021,,91,,,
dataflow,ESTAT:LFSI_NEET_A(1.0),"Young people neither in employment nor in education and training (NEET), by sex and age - annual data",A,Annual,T,Total,Y15-29,From 15 to 29 years,THS_PER,Thousand persons,HR,Croatia,2022,,80,,,
dataflow,ESTAT:LFSI_NEET_A(1.0),"Young people neither in employment nor in education and training (NEET), by sex and age - annual data",A,Annual,T,Total,Y15-29,From 15 to 29 years,THS_PER,Thousand persons,HR,Croatia,2023,,73,,,
dataflow,ESTAT:LFSI_NEET_A(1.0),"Young people neither in employment nor in education and training (NEET), by sex and age - annual data",A,Annual,T,Total,Y15-29,From 15 to 29 years,THS_PER,Thousand persons,HU,Hungary,2014,,253,,,
dataflow,ESTAT:LFSI_NEET_A(1.0),"Young people neither in employment nor in education and training (NEET), by sex and age - annual data",A,Annual,T,Total,Y15-29,From 15 to 29 years,THS_PER,Thousand persons,HU,Hungary,2015,,224,,,
dataflow,ESTAT:LFSI_NEET_A(1.0),"Young people neither in employment nor in education and training (NEET), by sex and age - annual data",A,Annual,T,Total,Y15-29,From 15 to 29 years,THS_PER,Thousand persons,HU,Hungary,2016,,201,,,
dataflow,ESTAT:LFSI_NEET_A(1.0),"Young people neither in employment nor in education and training (NEET), by sex and age - annual data",A,Annual,T,Total,Y15-29,From 15 to 29 years,THS_PER,Thousand persons,HU,Hungary,2017,,185,,,
dataflow,ESTAT:LFSI_NEET_A(1.0),"Young people neither in employment nor in education and training (NEET), by sex and age - annual data",A,Annual,T,Total,Y15-29,From 15 to 29 years,THS_PER,Thousand persons,HU,Hungary,2018,,169,,b,break in time series
dataflow,ESTAT:LFSI_NEET_A(1.0),"Young people neither in employment nor in education and training (NEET), by sex and age - annual data",A,Annual,T,Total,Y15-29,From 15 to 29 years,THS_PER,Thousand persons,HU,Hungary,2019,,174,,,
dataflow,ESTAT:LFSI_NEET_A(1.0),"Young people neither in employment nor in education and training (NEET), by sex and age - annual data",A,Annual,T,Total,Y15-29,From 15 to 29 years,THS_PER,Thousand persons,HU,Hungary,2020,,193,,,
dataflow,ESTAT:LFSI_NEET_A(1.0),"Young people neither in employment nor in education and training (NEET), by sex and age - annual data",A,Annual,T,Total,Y15-29,From 15 to 29 years,THS_PER,Thousand persons,HU,Hungary,2021,,179,,,
dataflow,ESTAT:LFSI_NEET_A(1.0),"Young people neither in employment nor in education and training (NEET), by sex and age - annual data",A,Annual,T,Total,Y15-29,From 15 to 29 years,THS_PER,Thousand persons,HU,Hungary,2022,,162,,,
dataflow,ESTAT:LFSI_NEET_A(1.0),"Young people neither in employment nor in education and training (NEET), by sex and age - annual data",A,Annual,T,Total,Y15-29,From 15 to 29 years,THS_PER,Thousand persons,HU,Hungary,2023,,166,,,
dataflow,ESTAT:LFSI_NEET_A(1.0),"Young people neither in employment nor in education and training (NEET), by sex and age - annual data",A,Annual,T,Total,Y15-29,From 15 to 29 years,THS_PER,Thousand persons,IE,Ireland,2014,,155,,,
dataflow,ESTAT:LFSI_NEET_A(1.0),"Young people neither in employment nor in education and training (NEET), by sex and age - annual data",A,Annual,T,Total,Y15-29,From 15 to 29 years,THS_PER,Thousand persons,IE,Ireland,2015,,143,,,
dataflow,ESTAT:LFSI_NEET_A(1.0),"Young people neither in employment nor in education and training (NEET), by sex and age - annual data",A,Annual,T,Total,Y15-29,From 15 to 29 years,THS_PER,Thousand persons,IE,Ireland,2016,,126,,,
dataflow,ESTAT:LFSI_NEET_A(1.0),"Young people neither in employment nor in education and training (NEET), by sex and age - annual data",A,Annual,T,Total,Y15-29,From 15 to 29 years,THS_PER,Thousand persons,IE,Ireland,2017,,113,,,
dataflow,ESTAT:LFSI_NEET_A(1.0),"Young people neither in employment nor in education and training (NEET), by sex and age - annual data",A,Annual,T,Total,Y15-29,From 15 to 29 years,THS_PER,Thousand persons,IE,Ireland,2018,,104,,,
dataflow,ESTAT:LFSI_NEET_A(1.0),"Young people neither in employment nor in education and training (NEET), by sex and age - annual data",A,Annual,T,Total,Y15-29,From 15 to 29 years,THS_PER,Thousand persons,IE,Ireland,2019,,104,,,
dataflow,ESTAT:LFSI_NEET_A(1.0),"Young people neither in employment nor in education and training (NEET), by sex and age - annual data",A,Annual,T,Total,Y15-29,From 15 to 29 years,THS_PER,Thousand persons,IE,Ireland,2020,,130,,,
dataflow,ESTAT:LFSI_NEET_A(1.0),"Young people neither in employment nor in education and training (NEET), by sex and age - annual data",A,Annual,T,Total,Y15-29,From 15 to 29 years,THS_PER,Thousand persons,IE,Ireland,2021,,91,,b,break in time series
dataflow,ESTAT:LFSI_NEET_A(1.0),"Young people neither in employment nor in education and training (NEET), by sex and age - annual data",A,Annual,T,Total,Y15-29,From 15 to 29 years,THS_PER,Thousand persons,IE,Ireland,2022,,82,,,
dataflow,ESTAT:LFSI_NEET_A(1.0),"Young people neither in employment nor in education and training (NEET), by sex and age - annual data",A,Annual,T,Total,Y15-29,From 15 to 29 years,THS_PER,Thousand persons,IE,Ireland,2023,,83,,,
dataflow,ESTAT:LFSI_NEET_A(1.0),"Young people neither in employment nor in education and training (NEET), by sex and age - annual data",A,Annual,T,Total,Y15-29,From 15 to 29 years,THS_PER,Thousand persons,IS,Iceland,2014,,4,,,
dataflow,ESTAT:LFSI_NEET_A(1.0),"Young people neither in employment nor in education and training (NEET), by sex and age - annual data",A,Annual,T,Total,Y15-29,From 15 to 29 years,THS_PER,Thousand persons,IS,Iceland,2015,,3,,,
dataflow,ESTAT:LFSI_NEET_A(1.0),"Young people neither in employment nor in education and training (NEET), by sex and age - annual data",A,Annual,T,Total,Y15-29,From 15 to 29 years,THS_PER,Thousand persons,IS,Iceland,2016,,3,,,
dataflow,ESTAT:LFSI_NEET_A(1.0),"Young people neither in employment nor in education and training (NEET), by sex and age - annual data",A,Annual,T,Total,Y15-29,From 15 to 29 years,THS_PER,Thousand persons,IS,Iceland,2017,,3,,,
dataflow,ESTAT:LFSI_NEET_A(1.0),"Young people neither in employment nor in education and training (NEET), by sex and age - annual data",A,Annual,T,Total,Y15-29,From 15 to 29 years,THS_PER,Thousand persons,IS,Iceland,2018,,4,,,
dataflow,ESTAT:LFSI_NEET_A(1.0),"Young people neither in employment nor in education and training (NEET), by sex and age - annual data",A,Annual,T,Total,Y15-29,From 15 to 29 years,THS_PER,Thousand persons,IS,Iceland,2019,,4,,,
dataflow,ESTAT:LFSI_NEET_A(1.0),"Young people neither in employment nor in education and training (NEET), by sex and age - annual data",A,Annual,T,Total,Y15-29,From 15 to 29 years,THS_PER,Thousand persons,IS,Iceland,2020,,5,,b,break in time series
dataflow,ESTAT:LFSI_NEET_A(1.0),"Young people neither in employment nor in education and training (NEET), by sex and age - annual data",A,Annual,T,Total,Y15-29,From 15 to 29 years,THS_PER,Thousand persons,IS,Iceland,2021,,5,,,
dataflow,ESTAT:LFSI_NEET_A(1.0),"Young people neither in employment nor in education and training (NEET), by sex and age - annual data",A,Annual,T,Total,Y15-29,From 15 to 29 years,THS_PER,Thousand persons,IS,Iceland,2022,,4,,,
dataflow,ESTAT:LFSI_NEET_A(1.0),"Young people neither in employment nor in education and training (NEET), by sex and age - annual data",A,Annual,T,Total,Y15-29,From 15 to 29 years,THS_PER,Thousand persons,IS,Iceland,2023,,4,,,
dataflow,ESTAT:LFSI_NEET_A(1.0),"Young people neither in employment nor in education and training (NEET), by sex and age - annual data",A,Annual,T,Total,Y15-29,From 15 to 29 years,THS_PER,Thousand persons,IT,Italy,2014,,2415,,,
dataflow,ESTAT:LFSI_NEET_A(1.0),"Young people neither in employment nor in education and training (NEET), by sex and age - annual data",A,Annual,T,Total,Y15-29,From 15 to 29 years,THS_PER,Thousand persons,IT,Italy,2015,,2344,,,
dataflow,ESTAT:LFSI_NEET_A(1.0),"Young people neither in employment nor in education and training (NEET), by sex and age - annual data",A,Annual,T,Total,Y15-29,From 15 to 29 years,THS_PER,Thousand persons,IT,Italy,2016,,2208,,,
dataflow,ESTAT:LFSI_NEET_A(1.0),"Young people neither in employment nor in education and training (NEET), by sex and age - annual data",A,Annual,T,Total,Y15-29,From 15 to 29 years,THS_PER,Thousand persons,IT,Italy,2017,,2182,,,
dataflow,ESTAT:LFSI_NEET_A(1.0),"Young people neither in employment nor in education and training (NEET), by sex and age - annual data",A,Annual,T,Total,Y15-29,From 15 to 29 years,THS_PER,Thousand persons,IT,Italy,2018,,2108,,b,break in time series
dataflow,ESTAT:LFSI_NEET_A(1.0),"Young people neither in employment nor in education and training (NEET), by sex and age - annual data",A,Annual,T,Total,Y15-29,From 15 to 29 years,THS_PER,Thousand persons,IT,Italy,2019,,1991,,,
dataflow,ESTAT:LFSI_NEET_A(1.0),"Young people neither in employment nor in education and training (NEET), by sex and age - annual data",A,Annual,T,Total,Y15-29,From 15 to 29 years,THS_PER,Thousand persons,IT,Italy,2020,,2084,,,
dataflow,ESTAT:LFSI_NEET_A(1.0),"Young people neither in employment nor in education and training (NEET), by sex and age - annual data",A,Annual,T,Total,Y15-29,From 15 to 29 years,THS_PER,Thousand persons,IT,Italy,2021,,2032,,,
dataflow,ESTAT:LFSI_NEET_A(1.0),"Young people neither in employment nor in education and training (NEET), by sex and age - annual data",A,Annual,T,Total,Y15-29,From 15 to 29 years,THS_PER,Thousand persons,IT,Italy,2022,,1670,,,
dataflow,ESTAT:LFSI_NEET_A(1.0),"Young people neither in employment nor in education and training (NEET), by sex and age - annual data",A,Annual,T,Total,Y15-29,From 15 to 29 years,THS_PER,Thousand persons,IT,Italy,2023,,1405,,,
dataflow,ESTAT:LFSI_NEET_A(1.0),"Young people neither in employment nor in education and training (NEET), by sex and age - annual data",A,Annual,T,Total,Y15-29,From 15 to 29 years,THS_PER,Thousand persons,LT,Lithuania,2014,,73,,,
dataflow,ESTAT:LFSI_NEET_A(1.0),"Young people neither in employment nor in education and training (NEET), by sex and age - annual data",A,Annual,T,Total,Y15-29,From 15 to 29 years,THS_PER,Thousand persons,LT,Lithuania,2015,,65,,,
dataflow,ESTAT:LFSI_NEET_A(1.0),"Young people neither in employment nor in education and training (NEET), by sex and age - annual data",A,Annual,T,Total,Y15-29,From 15 to 29 years,THS_PER,Thousand persons,LT,Lithuania,2016,,56,,,
dataflow,ESTAT:LFSI_NEET_A(1.0),"Young people neither in employment nor in education and training (NEET), by sex and age - annual data",A,Annual,T,Total,Y15-29,From 15 to 29 years,THS_PER,Thousand persons,LT,Lithuania,2017,,50,,,
dataflow,ESTAT:LFSI_NEET_A(1.0),"Young people neither in employment nor in education and training (NEET), by sex and age - annual data",A,Annual,T,Total,Y15-29,From 15 to 29 years,THS_PER,Thousand persons,LT,Lithuania,2018,,43,,,
dataflow,ESTAT:LFSI_NEET_A(1.0),"Young people neither in employment nor in education and training (NEET), by sex and age - annual data",A,Annual,T,Total,Y15-29,From 15 to 29 years,THS_PER,Thousand persons,LT,Lithuania,2019,,49,,,
dataflow,ESTAT:LFSI_NEET_A(1.0),"Young people neither in employment nor in education and training (NEET), by sex and age - annual data",A,Annual,T,Total,Y15-29,From 15 to 29 years,THS_PER,Thousand persons,LT,Lithuania,2020,,57,,,
dataflow,ESTAT:LFSI_NEET_A(1.0),"Young people neither in employment nor in education and training (NEET), by sex and age - annual data",A,Annual,T,Total,Y15-29,From 15 to 29 years,THS_PER,Thousand persons,LT,Lithuania,2021,,54,,,
dataflow,ESTAT:LFSI_NEET_A(1.0),"Young people neither in employment nor in education and training (NEET), by sex and age - annual data",A,Annual,T,Total,Y15-29,From 15 to 29 years,THS_PER,Thousand persons,LT,Lithuania,2022,,44,,,
dataflow,ESTAT:LFSI_NEET_A(1.0),"Young people neither in employment nor in education and training (NEET), by sex and age - annual data",A,Annual,T,Total,Y15-29,From 15 to 29 years,THS_PER,Thousand persons,LT,Lithuania,2023,,54,,,
dataflow,ESTAT:LFSI_NEET_A(1.0),"Young people neither in employment nor in education and training (NEET), by sex and age - annual data",A,Annual,T,Total,Y15-29,From 15 to 29 years,THS_PER,Thousand persons,LU,Luxembourg,2014,,6,,,
dataflow,ESTAT:LFSI_NEET_A(1.0),"Young people neither in employment nor in education and training (NEET), by sex and age - annual data",A,Annual,T,Total,Y15-29,From 15 to 29 years,THS_PER,Thousand persons,LU,Luxembourg,2015,,8,,b,break in time series
dataflow,ESTAT:LFSI_NEET_A(1.0),"Young people neither in employment nor in education and training (NEET), by sex and age - annual data",A,Annual,T,Total,Y15-29,From 15 to 29 years,THS_PER,Thousand persons,LU,Luxembourg,2016,,7,,,
dataflow,ESTAT:LFSI_NEET_A(1.0),"Young people neither in employment nor in education and training (NEET), by sex and age - annual data",A,Annual,T,Total,Y15-29,From 15 to 29 years,THS_PER,Thousand persons,LU,Luxembourg,2017,,7,,,
dataflow,ESTAT:LFSI_NEET_A(1.0),"Young people neither in employment nor in education and training (NEET), by sex and age - annual data",A,Annual,T,Total,Y15-29,From 15 to 29 years,THS_PER,Thousand persons,LU,Luxembourg,2018,,9,,,
dataflow,ESTAT:LFSI_NEET_A(1.0),"Young people neither in employment nor in education and training (NEET), by sex and age - annual data",A,Annual,T,Total,Y15-29,From 15 to 29 years,THS_PER,Thousand persons,LU,Luxembourg,2019,,7,,,
dataflow,ESTAT:LFSI_NEET_A(1.0),"Young people neither in employment nor in education and training (NEET), by sex and age - annual data",A,Annual,T,Total,Y15-29,From 15 to 29 years,THS_PER,Thousand persons,LU,Luxembourg,2020,,9,,,
dataflow,ESTAT:LFSI_NEET_A(1.0),"Young people neither in employment nor in education and training (NEET), by sex and age - annual data",A,Annual,T,Total,Y15-29,From 15 to 29 years,THS_PER,Thousand persons,LU,Luxembourg,2021,,10,,,
dataflow,ESTAT:LFSI_NEET_A(1.0),"Young people neither in employment nor in education and training (NEET), by sex and age - annual data",A,Annual,T,Total,Y15-29,From 15 to 29 years,THS_PER,Thousand persons,LU,Luxembourg,2022,,8,,,
dataflow,ESTAT:LFSI_NEET_A(1.0),"Young people neither in employment nor in education and training (NEET), by sex and age - annual data",A,Annual,T,Total,Y15-29,From 15 to 29 years,THS_PER,Thousand persons,LU,Luxembourg,2023,,10,,,
dataflow,ESTAT:LFSI_NEET_A(1.0),"Young people neither in employment nor in education and training (NEET), by sex and age - annual data",A,Annual,T,Total,Y15-29,From 15 to 29 years,THS_PER,Thousand persons,LV,Latvia,2014,,54,,,
dataflow,ESTAT:LFSI_NEET_A(1.0),"Young people neither in employment nor in education and training (NEET), by sex and age - annual data",A,Annual,T,Total,Y15-29,From 15 to 29 years,THS_PER,Thousand persons,LV,Latvia,2015,,47,,,
dataflow,ESTAT:LFSI_NEET_A(1.0),"Young people neither in employment nor in education and training (NEET), by sex and age - annual data",A,Annual,T,Total,Y15-29,From 15 to 29 years,THS_PER,Thousand persons,LV,Latvia,2016,,43,,,
dataflow,ESTAT:LFSI_NEET_A(1.0),"Young people neither in employment nor in education and training (NEET), by sex and age - annual data",A,Annual,T,Total,Y15-29,From 15 to 29 years,THS_PER,Thousand persons,LV,Latvia,2017,,38,,,
dataflow,ESTAT:LFSI_NEET_A(1.0),"Young people neither in employment nor in education and training (NEET), by sex and age - annual data",A,Annual,T,Total,Y15-29,From 15 to 29 years,THS_PER,Thousand persons,LV,Latvia,2018,,35,,,
dataflow,ESTAT:LFSI_NEET_A(1.0),"Young people neither in employment nor in education and training (NEET), by sex and age - annual data",A,Annual,T,Total,Y15-29,From 15 to 29 years,THS_PER,Thousand persons,LV,Latvia,2019,,30,,,
dataflow,ESTAT:LFSI_NEET_A(1.0),"Young people neither in employment nor in education and training (NEET), by sex and age - annual data",A,Annual,T,Total,Y15-29,From 15 to 29 years,THS_PER,Thousand persons,LV,Latvia,2020,,33,,,
dataflow,ESTAT:LFSI_NEET_A(1.0),"Young people neither in employment nor in education and training (NEET), by sex and age - annual data",A,Annual,T,Total,Y15-29,From 15 to 29 years,THS_PER,Thousand persons,LV,Latvia,2021,,33,,,
dataflow,ESTAT:LFSI_NEET_A(1.0),"Young people neither in employment nor in education and training (NEET), by sex and age - annual data",A,Annual,T,Total,Y15-29,From 15 to 29 years,THS_PER,Thousand persons,LV,Latvia,2022,,31,,,
dataflow,ESTAT:LFSI_NEET_A(1.0),"Young people neither in employment nor in education and training (NEET), by sex and age - annual data",A,Annual,T,Total,Y15-29,From 15 to 29 years,THS_PER,Thousand persons,LV,Latvia,2023,,27,,,
dataflow,ESTAT:LFSI_NEET_A(1.0),"Young people neither in employment nor in education and training (NEET), by sex and age - annual data",A,Annual,T,Total,Y15-29,From 15 to 29 years,THS_PER,Thousand persons,ME,Montenegro,2014,,30,,,
dataflow,ESTAT:LFSI_NEET_A(1.0),"Young people neither in employment nor in education and training (NEET), by sex and age - annual data",A,Annual,T,Total,Y15-29,From 15 to 29 years,THS_PER,Thousand persons,ME,Montenegro,2015,,31,,,
dataflow,ESTAT:LFSI_NEET_A(1.0),"Young people neither in employment nor in education and training (NEET), by sex and age - annual data",A,Annual,T,Total,Y15-29,From 15 to 29 years,THS_PER,Thousand persons,ME,Montenegro,2016,,30,,,
dataflow,ESTAT:LFSI_NEET_A(1.0),"Young people neither in employment nor in education and training (NEET), by sex and age - annual data",A,Annual,T,Total,Y15-29,From 15 to 29 years,THS_PER,Thousand persons,ME,Montenegro,2017,,29,,,
dataflow,ESTAT:LFSI_NEET_A(1.0),"Young people neither in employment nor in education and training (NEET), by sex and age - annual data",A,Annual,T,Total,Y15-29,From 15 to 29 years,THS_PER,Thousand persons,ME,Montenegro,2018,,28,,,
dataflow,ESTAT:LFSI_NEET_A(1.0),"Young people neither in employment nor in education and training (NEET), by sex and age - annual data",A,Annual,T,Total,Y15-29,From 15 to 29 years,THS_PER,Thousand persons,ME,Montenegro,2019,,28,,,
dataflow,ESTAT:LFSI_NEET_A(1.0),"Young people neither in employment nor in education and training (NEET), by sex and age - annual data",A,Annual,T,Total,Y15-29,From 15 to 29 years,THS_PER,Thousand persons,ME,Montenegro,2020,,35,,,
dataflow,ESTAT:LFSI_NEET_A(1.0),"Young people neither in employment nor in education and training (NEET), by sex and age - annual data",A,Annual,T,Total,Y15-29,From 15 to 29 years,THS_PER,Thousand persons,MK,North Macedonia,2014,,146,,,
dataflow,ESTAT:LFSI_NEET_A(1.0),"Young people neither in employment nor in education and training (NEET), by sex and age - annual data",A,Annual,T,Total,Y15-29,From 15 to 29 years,THS_PER,Thousand persons,MK,North Macedonia,2015,,144,,,
dataflow,ESTAT:LFSI_NEET_A(1.0),"Young people neither in employment nor in education and training (NEET), by sex and age - annual data",A,Annual,T,Total,Y15-29,From 15 to 29 years,THS_PER,Thousand persons,MK,North Macedonia,2016,,136,,,
dataflow,ESTAT:LFSI_NEET_A(1.0),"Young people neither in employment nor in education and training (NEET), by sex and age - annual data",A,Annual,T,Total,Y15-29,From 15 to 29 years,THS_PER,Thousand persons,MK,North Macedonia,2017,,132,,,
dataflow,ESTAT:LFSI_NEET_A(1.0),"Young people neither in employment nor in education and training (NEET), by sex and age - annual data",A,Annual,T,Total,Y15-29,From 15 to 29 years,THS_PER,Thousand persons,MK,North Macedonia,2018,,124,,,
dataflow,ESTAT:LFSI_NEET_A(1.0),"Young people neither in employment nor in education and training (NEET), by sex and age - annual data",A,Annual,T,Total,Y15-29,From 15 to 29 years,THS_PER,Thousand persons,MK,North Macedonia,2019,,100,,,
dataflow,ESTAT:LFSI_NEET_A(1.0),"Young people neither in employment nor in education and training (NEET), by sex and age - annual data",A,Annual,T,Total,Y15-29,From 15 to 29 years,THS_PER,Thousand persons,MK,North Macedonia,2020,,104,,,
dataflow,ESTAT:LFSI_NEET_A(1.0),"Young people neither in employment nor in education and training (NEET), by sex and age - annual data",A,Annual,T,Total,Y15-29,From 15 to 29 years,THS_PER,Thousand persons,MT,Malta,2014,,10,,,
dataflow,ESTAT:LFSI_NEET_A(1.0),"Young people neither in employment nor in education and training (NEET), by sex and age - annual data",A,Annual,T,Total,Y15-29,From 15 to 29 years,THS_PER,Thousand persons,MT,Malta,2015,,10,,,
dataflow,ESTAT:LFSI_NEET_A(1.0),"Young people neither in employment nor in education and training (NEET), by sex and age - annual data",A,Annual,T,Total,Y15-29,From 15 to 29 years,THS_PER,Thousand persons,MT,Malta,2016,,8,,,
dataflow,ESTAT:LFSI_NEET_A(1.0),"Young people neither in employment nor in education and training (NEET), by sex and age - annual data",A,Annual,T,Total,Y15-29,From 15 to 29 years,THS_PER,Thousand persons,MT,Malta,2017,,8,,,
dataflow,ESTAT:LFSI_NEET_A(1.0),"Young people neither in employment nor in education and training (NEET), by sex and age - annual data",A,Annual,T,Total,Y15-29,From 15 to 29 years,THS_PER,Thousand persons,MT,Malta,2018,,7,,,
dataflow,ESTAT:LFSI_NEET_A(1.0),"Young people neither in employment nor in education and training (NEET), by sex and age - annual data",A,Annual,T,Total,Y15-29,From 15 to 29 years,THS_PER,Thousand persons,MT,Malta,2019,,8,,,
dataflow,ESTAT:LFSI_NEET_A(1.0),"Young people neither in employment nor in education and training (NEET), by sex and age - annual data",A,Annual,T,Total,Y15-29,From 15 to 29 years,THS_PER,Thousand persons,MT,Malta,2020,,9,,,
dataflow,ESTAT:LFSI_NEET_A(1.0),"Young people neither in employment nor in education and training (NEET), by sex and age - annual data",A,Annual,T,Total,Y15-29,From 15 to 29 years,THS_PER,Thousand persons,MT,Malta,2021,,10,,,
dataflow,ESTAT:LFSI_NEET_A(1.0),"Young people neither in employment nor in education and training (NEET), by sex and age - annual data",A,Annual,T,Total,Y15-29,From 15 to 29 years,THS_PER,Thousand persons,MT,Malta,2022,,7,,,
dataflow,ESTAT:LFSI_NEET_A(1.0),"Young people neither in employment nor in education and training (NEET), by sex and age - annual data",A,Annual,T,Total,Y15-29,From 15 to 29 years,THS_PER,Thousand persons,MT,Malta,2023,,8,,,
dataflow,ESTAT:LFSI_NEET_A(1.0),"Young people neither in employment nor in education and training (NEET), by sex and age - annual data",A,Annual,T,Total,Y15-29,From 15 to 29 years,THS_PER,Thousand persons,NL,Netherlands,2014,,254,,,
dataflow,ESTAT:LFSI_NEET_A(1.0),"Young people neither in employment nor in education and training (NEET), by sex and age - annual data",A,Annual,T,Total,Y15-29,From 15 to 29 years,THS_PER,Thousand persons,NL,Netherlands,2015,,227,,,
dataflow,ESTAT:LFSI_NEET_A(1.0),"Young people neither in employment nor in education and training (NEET), by sex and age - annual data",A,Annual,T,Total,Y15-29,From 15 to 29 years,THS_PER,Thousand persons,NL,Netherlands,2016,,218,,,
dataflow,ESTAT:LFSI_NEET_A(1.0),"Young people neither in employment nor in education and training (NEET), by sex and age - annual data",A,Annual,T,Total,Y15-29,From 15 to 29 years,THS_PER,Thousand persons,NL,Netherlands,2017,,208,,,
dataflow,ESTAT:LFSI_NEET_A(1.0),"Young people neither in employment nor in education and training (NEET), by sex and age - annual data",A,Annual,T,Total,Y15-29,From 15 to 29 years,THS_PER,Thousand persons,NL,Netherlands,2018,,201,,,
dataflow,ESTAT:LFSI_NEET_A(1.0),"Young people neither in employment nor in education and training (NEET), by sex and age - annual data",A,Annual,T,Total,Y15-29,From 15 to 29 years,THS_PER,Thousand persons,NL,Netherlands,2019,,203,,,
dataflow,ESTAT:LFSI_NEET_A(1.0),"Young people neither in employment nor in education and training (NEET), by sex and age - annual data",A,Annual,T,Total,Y15-29,From 15 to 29 years,THS_PER,Thousand persons,NL,Netherlands,2020,,205,,,
dataflow,ESTAT:LFSI_NEET_A(1.0),"Young people neither in employment nor in education and training (NEET), by sex and age - annual data",A,Annual,T,Total,Y15-29,From 15 to 29 years,THS_PER,Thousand persons,NL,Netherlands,2021,,127,,,
dataflow,ESTAT:LFSI_NEET_A(1.0),"Young people neither in employment nor in education and training (NEET), by sex and age - annual data",A,Annual,T,Total,Y15-29,From 15 to 29 years,THS_PER,Thousand persons,NL,Netherlands,2022,,138,,,
dataflow,ESTAT:LFSI_NEET_A(1.0),"Young people neither in employment nor in education and training (NEET), by sex and age - annual data",A,Annual,T,Total,Y15-29,From 15 to 29 years,THS_PER,Thousand persons,NL,Netherlands,2023,,157,,,
dataflow,ESTAT:LFSI_NEET_A(1.0),"Young people neither in employment nor in education and training (NEET), by sex and age - annual data",A,Annual,T,Total,Y15-29,From 15 to 29 years,THS_PER,Thousand persons,NO,Norway,2014,,85,,,
dataflow,ESTAT:LFSI_NEET_A(1.0),"Young people neither in employment nor in education and training (NEET), by sex and age - annual data",A,Annual,T,Total,Y15-29,From 15 to 29 years,THS_PER,Thousand persons,NO,Norway,2015,,85,,,
dataflow,ESTAT:LFSI_NEET_A(1.0),"Young people neither in employment nor in education and training (NEET), by sex and age - annual data",A,Annual,T,Total,Y15-29,From 15 to 29 years,THS_PER,Thousand persons,NO,Norway,2016,,86,,,
dataflow,ESTAT:LFSI_NEET_A(1.0),"Young people neither in employment nor in education and training (NEET), by sex and age - annual data",A,Annual,T,Total,Y15-29,From 15 to 29 years,THS_PER,Thousand persons,NO,Norway,2017,,79,,,
dataflow,ESTAT:LFSI_NEET_A(1.0),"Young people neither in employment nor in education and training (NEET), by sex and age - annual data",A,Annual,T,Total,Y15-29,From 15 to 29 years,THS_PER,Thousand persons,NO,Norway,2018,,78,,,
dataflow,ESTAT:LFSI_NEET_A(1.0),"Young people neither in employment nor in education and training (NEET), by sex and age - annual data",A,Annual,T,Total,Y15-29,From 15 to 29 years,THS_PER,Thousand persons,NO,Norway,2019,,77,,,
dataflow,ESTAT:LFSI_NEET_A(1.0),"Young people neither in employment nor in education and training (NEET), by sex and age - annual data",A,Annual,T,Total,Y15-29,From 15 to 29 years,THS_PER,Thousand persons,NO,Norway,2020,,79,,,
dataflow,ESTAT:LFSI_NEET_A(1.0),"Young people neither in employment nor in education and training (NEET), by sex and age - annual data",A,Annual,T,Total,Y15-29,From 15 to 29 years,THS_PER,Thousand persons,NO,Norway,2021,,75,,,
dataflow,ESTAT:LFSI_NEET_A(1.0),"Young people neither in employment nor in education and training (NEET), by sex and age - annual data",A,Annual,T,Total,Y15-29,From 15 to 29 years,THS_PER,Thousand persons,NO,Norway,2022,,69,,,
dataflow,ESTAT:LFSI_NEET_A(1.0),"Young people neither in employment nor in education and training (NEET), by sex and age - annual data",A,Annual,T,Total,Y15-29,From 15 to 29 years,THS_PER,Thousand persons,NO,Norway,2023,,65,,,
dataflow,ESTAT:LFSI_NEET_A(1.0),"Young people neither in employment nor in education and training (NEET), by sex and age - annual data",A,Annual,T,Total,Y15-29,From 15 to 29 years,THS_PER,Thousand persons,PL,Poland,2014,,1093,,,
dataflow,ESTAT:LFSI_NEET_A(1.0),"Young people neither in employment nor in education and training (NEET), by sex and age - annual data",A,Annual,T,Total,Y15-29,From 15 to 29 years,THS_PER,Thousand persons,PL,Poland,2015,,1005,,,
dataflow,ESTAT:LFSI_NEET_A(1.0),"Young people neither in employment nor in education and training (NEET), by sex and age - annual data",A,Annual,T,Total,Y15-29,From 15 to 29 years,THS_PER,Thousand persons,PL,Poland,2016,,920,,,
dataflow,ESTAT:LFSI_NEET_A(1.0),"Young people neither in employment nor in education and training (NEET), by sex and age - annual data",A,Annual,T,Total,Y15-29,From 15 to 29 years,THS_PER,Thousand persons,PL,Poland,2017,,826,,,
dataflow,ESTAT:LFSI_NEET_A(1.0),"Young people neither in employment nor in education and training (NEET), by sex and age - annual data",A,Annual,T,Total,Y15-29,From 15 to 29 years,THS_PER,Thousand persons,PL,Poland,2018,,746,,,
dataflow,ESTAT:LFSI_NEET_A(1.0),"Young people neither in employment nor in education and training (NEET), by sex and age - annual data",A,Annual,T,Total,Y15-29,From 15 to 29 years,THS_PER,Thousand persons,PL,Poland,2019,,683,,b,break in time series
dataflow,ESTAT:LFSI_NEET_A(1.0),"Young people neither in employment nor in education and training (NEET), by sex and age - annual data",A,Annual,T,Total,Y15-29,From 15 to 29 years,THS_PER,Thousand persons,PL,Poland,2020,,739,,,
dataflow,ESTAT:LFSI_NEET_A(1.0),"Young people neither in employment nor in education and training (NEET), by sex and age - annual data",A,Annual,T,Total,Y15-29,From 15 to 29 years,THS_PER,Thousand persons,PL,Poland,2021,,758,,,
dataflow,ESTAT:LFSI_NEET_A(1.0),"Young people neither in employment nor in education and training (NEET), by sex and age - annual data",A,Annual,T,Total,Y15-29,From 15 to 29 years,THS_PER,Thousand persons,PL,Poland,2022,,605,,,
dataflow,ESTAT:LFSI_NEET_A(1.0),"Young people neither in employment nor in education and training (NEET), by sex and age - annual data",A,Annual,T,Total,Y15-29,From 15 to 29 years,THS_PER,Thousand persons,PL,Poland,2023,,508,,,
dataflow,ESTAT:LFSI_NEET_A(1.0),"Young people neither in employment nor in education and training (NEET), by sex and age - annual data",A,Annual,T,Total,Y15-29,From 15 to 29 years,THS_PER,Thousand persons,PT,Portugal,2014,,244,,,
dataflow,ESTAT:LFSI_NEET_A(1.0),"Young people neither in employment nor in education and training (NEET), by sex and age - annual data",A,Annual,T,Total,Y15-29,From 15 to 29 years,THS_PER,Thousand persons,PT,Portugal,2015,,217,,,
dataflow,ESTAT:LFSI_NEET_A(1.0),"Young people neither in employment nor in education and training (NEET), by sex and age - annual data",A,Annual,T,Total,Y15-29,From 15 to 29 years,THS_PER,Thousand persons,PT,Portugal,2016,,210,,,
dataflow,ESTAT:LFSI_NEET_A(1.0),"Young people neither in employment nor in education and training (NEET), by sex and age - annual data",A,Annual,T,Total,Y15-29,From 15 to 29 years,THS_PER,Thousand persons,PT,Portugal,2017,,174,,,
dataflow,ESTAT:LFSI_NEET_A(1.0),"Young people neither in employment nor in education and training (NEET), by sex and age - annual data",A,Annual,T,Total,Y15-29,From 15 to 29 years,THS_PER,Thousand persons,PT,Portugal,2018,,156,,,
dataflow,ESTAT:LFSI_NEET_A(1.0),"Young people neither in employment nor in education and training (NEET), by sex and age - annual data",A,Annual,T,Total,Y15-29,From 15 to 29 years,THS_PER,Thousand persons,PT,Portugal,2019,,149,,,
dataflow,ESTAT:LFSI_NEET_A(1.0),"Young people neither in employment nor in education and training (NEET), by sex and age - annual data",A,Annual,T,Total,Y15-29,From 15 to 29 years,THS_PER,Thousand persons,PT,Portugal,2020,,180,,,
dataflow,ESTAT:LFSI_NEET_A(1.0),"Young people neither in employment nor in education and training (NEET), by sex and age - annual data",A,Annual,T,Total,Y15-29,From 15 to 29 years,THS_PER,Thousand persons,PT,Portugal,2021,,161,,,
dataflow,ESTAT:LFSI_NEET_A(1.0),"Young people neither in employment nor in education and training (NEET), by sex and age - annual data",A,Annual,T,Total,Y15-29,From 15 to 29 years,THS_PER,Thousand persons,PT,Portugal,2022,,140,,,
dataflow,ESTAT:LFSI_NEET_A(1.0),"Young people neither in employment nor in education and training (NEET), by sex and age - annual data",A,Annual,T,Total,Y15-29,From 15 to 29 years,THS_PER,Thousand persons,PT,Portugal,2023,,146,,,
dataflow,ESTAT:LFSI_NEET_A(1.0),"Young people neither in employment nor in education and training (NEET), by sex and age - annual data",A,Annual,T,Total,Y15-29,From 15 to 29 years,THS_PER,Thousand persons,RO,Romania,2014,,907,,,
dataflow,ESTAT:LFSI_NEET_A(1.0),"Young people neither in employment nor in education and training (NEET), by sex and age - annual data",A,Annual,T,Total,Y15-29,From 15 to 29 years,THS_PER,Thousand persons,RO,Romania,2015,,930,,,
dataflow,ESTAT:LFSI_NEET_A(1.0),"Young people neither in employment nor in education and training (NEET), by sex and age - annual data",A,Annual,T,Total,Y15-29,From 15 to 29 years,THS_PER,Thousand persons,RO,Romania,2016,,860,,,
dataflow,ESTAT:LFSI_NEET_A(1.0),"Young people neither in employment nor in education and training (NEET), by sex and age - annual data",A,Annual,T,Total,Y15-29,From 15 to 29 years,THS_PER,Thousand persons,RO,Romania,2017,,752,,,
dataflow,ESTAT:LFSI_NEET_A(1.0),"Young people neither in employment nor in education and training (NEET), by sex and age - annual data",A,Annual,T,Total,Y15-29,From 15 to 29 years,THS_PER,Thousand persons,RO,Romania,2018,,703,,,
dataflow,ESTAT:LFSI_NEET_A(1.0),"Young people neither in employment nor in education and training (NEET), by sex and age - annual data",A,Annual,T,Total,Y15-29,From 15 to 29 years,THS_PER,Thousand persons,RO,Romania,2019,,662,,,
dataflow,ESTAT:LFSI_NEET_A(1.0),"Young people neither in employment nor in education and training (NEET), by sex and age - annual data",A,Annual,T,Total,Y15-29,From 15 to 29 years,THS_PER,Thousand persons,RO,Romania,2020,,635,,,
dataflow,ESTAT:LFSI_NEET_A(1.0),"Young people neither in employment nor in education and training (NEET), by sex and age - annual data",A,Annual,T,Total,Y15-29,From 15 to 29 years,THS_PER,Thousand persons,RO,Romania,2021,,611,,,
dataflow,ESTAT:LFSI_NEET_A(1.0),"Young people neither in employment nor in education and training (NEET), by sex and age - annual data",A,Annual,T,Total,Y15-29,From 15 to 29 years,THS_PER,Thousand persons,RO,Romania,2022,,597,,,
dataflow,ESTAT:LFSI_NEET_A(1.0),"Young people neither in employment nor in education and training (NEET), by sex and age - annual data",A,Annual,T,Total,Y15-29,From 15 to 29 years,THS_PER,Thousand persons,RO,Romania,2023,,566,,,
dataflow,ESTAT:LFSI_NEET_A(1.0),"Young people neither in employment nor in education and training (NEET), by sex and age - annual data",A,Annual,T,Total,Y15-29,From 15 to 29 years,THS_PER,Thousand persons,RS,Serbia,2014,,328,,,
dataflow,ESTAT:LFSI_NEET_A(1.0),"Young people neither in employment nor in education and training (NEET), by sex and age - annual data",A,Annual,T,Total,Y15-29,From 15 to 29 years,THS_PER,Thousand persons,RS,Serbia,2015,,308,,,
dataflow,ESTAT:LFSI_NEET_A(1.0),"Young people neither in employment nor in education and training (NEET), by sex and age - annual data",A,Annual,T,Total,Y15-29,From 15 to 29 years,THS_PER,Thousand persons,RS,Serbia,2016,,272,,,
dataflow,ESTAT:LFSI_NEET_A(1.0),"Young people neither in employment nor in education and training (NEET), by sex and age - annual data",A,Annual,T,Total,Y15-29,From 15 to 29 years,THS_PER,Thousand persons,RS,Serbia,2017,,259,,,
dataflow,ESTAT:LFSI_NEET_A(1.0),"Young people neither in employment nor in education and training (NEET), by sex and age - annual data",A,Annual,T,Total,Y15-29,From 15 to 29 years,THS_PER,Thousand persons,RS,Serbia,2018,,235,,,
dataflow,ESTAT:LFSI_NEET_A(1.0),"Young people neither in employment nor in education and training (NEET), by sex and age - annual data",A,Annual,T,Total,Y15-29,From 15 to 29 years,THS_PER,Thousand persons,RS,Serbia,2019,,218,,,
dataflow,ESTAT:LFSI_NEET_A(1.0),"Young people neither in employment nor in education and training (NEET), by sex and age - annual data",A,Annual,T,Total,Y15-29,From 15 to 29 years,THS_PER,Thousand persons,RS,Serbia,2020,,226,,,
dataflow,ESTAT:LFSI_NEET_A(1.0),"Young people neither in employment nor in education and training (NEET), by sex and age - annual data",A,Annual,T,Total,Y15-29,From 15 to 29 years,THS_PER,Thousand persons,RS,Serbia,2021,,203,,,
dataflow,ESTAT:LFSI_NEET_A(1.0),"Young people neither in employment nor in education and training (NEET), by sex and age - annual data",A,Annual,T,Total,Y15-29,From 15 to 29 years,THS_PER,Thousand persons,RS,Serbia,2022,,162,,,
dataflow,ESTAT:LFSI_NEET_A(1.0),"Young people neither in employment nor in education and training (NEET), by sex and age - annual data",A,Annual,T,Total,Y15-29,From 15 to 29 years,THS_PER,Thousand persons,RS,Serbia,2023,,158,,,
dataflow,ESTAT:LFSI_NEET_A(1.0),"Young people neither in employment nor in education and training (NEET), by sex and age - annual data",A,Annual,T,Total,Y15-29,From 15 to 29 years,THS_PER,Thousand persons,SE,Sweden,2014,,138,,,
dataflow,ESTAT:LFSI_NEET_A(1.0),"Young people neither in employment nor in education and training (NEET), by sex and age - annual data",A,Annual,T,Total,Y15-29,From 15 to 29 years,THS_PER,Thousand persons,SE,Sweden,2015,,130,,,
dataflow,ESTAT:LFSI_NEET_A(1.0),"Young people neither in employment nor in education and training (NEET), by sex and age - annual data",A,Annual,T,Total,Y15-29,From 15 to 29 years,THS_PER,Thousand persons,SE,Sweden,2016,,125,,,
dataflow,ESTAT:LFSI_NEET_A(1.0),"Young people neither in employment nor in education and training (NEET), by sex and age - annual data",A,Annual,T,Total,Y15-29,From 15 to 29 years,THS_PER,Thousand persons,SE,Sweden,2017,,121,,,
dataflow,ESTAT:LFSI_NEET_A(1.0),"Young people neither in employment nor in education and training (NEET), by sex and age - annual data",A,Annual,T,Total,Y15-29,From 15 to 29 years,THS_PER,Thousand persons,SE,Sweden,2018,,123,,,
dataflow,ESTAT:LFSI_NEET_A(1.0),"Young people neither in employment nor in education and training (NEET), by sex and age - annual data",A,Annual,T,Total,Y15-29,From 15 to 29 years,THS_PER,Thousand persons,SE,Sweden,2019,,112,,,
dataflow,ESTAT:LFSI_NEET_A(1.0),"Young people neither in employment nor in education and training (NEET), by sex and age - annual data",A,Annual,T,Total,Y15-29,From 15 to 29 years,THS_PER,Thousand persons,SE,Sweden,2020,,129,,,
dataflow,ESTAT:LFSI_NEET_A(1.0),"Young people neither in employment nor in education and training (NEET), by sex and age - annual data",A,Annual,T,Total,Y15-29,From 15 to 29 years,THS_PER,Thousand persons,SE,Sweden,2021,,112,,,
dataflow,ESTAT:LFSI_NEET_A(1.0),"Young people neither in employment nor in education and training (NEET), by sex and age - annual data",A,Annual,T,Total,Y15-29,From 15 to 29 years,THS_PER,Thousand persons,SE,Sweden,2022,,104,,,
dataflow,ESTAT:LFSI_NEET_A(1.0),"Young people neither in employment nor in education and training (NEET), by sex and age - annual data",A,Annual,T,Total,Y15-29,From 15 to 29 years,THS_PER,Thousand persons,SE,Sweden,2023,,104,,,
dataflow,ESTAT:LFSI_NEET_A(1.0),"Young people neither in employment nor in education and training (NEET), by sex and age - annual data",A,Annual,T,Total,Y15-29,From 15 to 29 years,THS_PER,Thousand persons,SI,Slovenia,2014,,38,,,
dataflow,ESTAT:LFSI_NEET_A(1.0),"Young people neither in employment nor in education and training (NEET), by sex and age - annual data",A,Annual,T,Total,Y15-29,From 15 to 29 years,THS_PER,Thousand persons,SI,Slovenia,2015,,35,,,
dataflow,ESTAT:LFSI_NEET_A(1.0),"Young people neither in employment nor in education and training (NEET), by sex and age - annual data",A,Annual,T,Total,Y15-29,From 15 to 29 years,THS_PER,Thousand persons,SI,Slovenia,2016,,30,,,
dataflow,ESTAT:LFSI_NEET_A(1.0),"Young people neither in employment nor in education and training (NEET), by sex and age - annual data",A,Annual,T,Total,Y15-29,From 15 to 29 years,THS_PER,Thousand persons,SI,Slovenia,2017,,25,,,
dataflow,ESTAT:LFSI_NEET_A(1.0),"Young people neither in employment nor in education and training (NEET), by sex and age - annual data",A,Annual,T,Total,Y15-29,From 15 to 29 years,THS_PER,Thousand persons,SI,Slovenia,2018,,23,,,
dataflow,ESTAT:LFSI_NEET_A(1.0),"Young people neither in employment nor in education and training (NEET), by sex and age - annual data",A,Annual,T,Total,Y15-29,From 15 to 29 years,THS_PER,Thousand persons,SI,Slovenia,2019,,23,,,
dataflow,ESTAT:LFSI_NEET_A(1.0),"Young people neither in employment nor in education and training (NEET), by sex and age - annual data",A,Annual,T,Total,Y15-29,From 15 to 29 years,THS_PER,Thousand persons,SI,Slovenia,2020,,24,,,
dataflow,ESTAT:LFSI_NEET_A(1.0),"Young people neither in employment nor in education and training (NEET), by sex and age - annual data",A,Annual,T,Total,Y15-29,From 15 to 29 years,THS_PER,Thousand persons,SI,Slovenia,2021,,22,,,
dataflow,ESTAT:LFSI_NEET_A(1.0),"Young people neither in employment nor in education and training (NEET), by sex and age - annual data",A,Annual,T,Total,Y15-29,From 15 to 29 years,THS_PER,Thousand persons,SI,Slovenia,2022,,25,,,
dataflow,ESTAT:LFSI_NEET_A(1.0),"Young people neither in employment nor in education and training (NEET), by sex and age - annual data",A,Annual,T,Total,Y15-29,From 15 to 29 years,THS_PER,Thousand persons,SI,Slovenia,2023,,24,,,
dataflow,ESTAT:LFSI_NEET_A(1.0),"Young people neither in employment nor in education and training (NEET), by sex and age - annual data",A,Annual,T,Total,Y15-29,From 15 to 29 years,THS_PER,Thousand persons,SK,Slovakia,2014,,193,,,
dataflow,ESTAT:LFSI_NEET_A(1.0),"Young people neither in employment nor in education and training (NEET), by sex and age - annual data",A,Annual,T,Total,Y15-29,From 15 to 29 years,THS_PER,Thousand persons,SK,Slovakia,2015,,176,,,
dataflow,ESTAT:LFSI_NEET_A(1.0),"Young people neither in employment nor in education and training (NEET), by sex and age - annual data",A,Annual,T,Total,Y15-29,From 15 to 29 years,THS_PER,Thousand persons,SK,Slovakia,2016,,157,,,
dataflow,ESTAT:LFSI_NEET_A(1.0),"Young people neither in employment nor in education and training (NEET), by sex and age - annual data",A,Annual,T,Total,Y15-29,From 15 to 29 years,THS_PER,Thousand persons,SK,Slovakia,2017,,153,,,
dataflow,ESTAT:LFSI_NEET_A(1.0),"Young people neither in employment nor in education and training (NEET), by sex and age - annual data",A,Annual,T,Total,Y15-29,From 15 to 29 years,THS_PER,Thousand persons,SK,Slovakia,2018,,134,,,
dataflow,ESTAT:LFSI_NEET_A(1.0),"Young people neither in employment nor in education and training (NEET), by sex and age - annual data",A,Annual,T,Total,Y15-29,From 15 to 29 years,THS_PER,Thousand persons,SK,Slovakia,2019,,130,,,
dataflow,ESTAT:LFSI_NEET_A(1.0),"Young people neither in employment nor in education and training (NEET), by sex and age - annual data",A,Annual,T,Total,Y15-29,From 15 to 29 years,THS_PER,Thousand persons,SK,Slovakia,2020,,133,,,
dataflow,ESTAT:LFSI_NEET_A(1.0),"Young people neither in employment nor in education and training (NEET), by sex and age - annual data",A,Annual,T,Total,Y15-29,From 15 to 29 years,THS_PER,Thousand persons,SK,Slovakia,2021,,127,,,
dataflow,ESTAT:LFSI_NEET_A(1.0),"Young people neither in employment nor in education and training (NEET), by sex and age - annual data",A,Annual,T,Total,Y15-29,From 15 to 29 years,THS_PER,Thousand persons,SK,Slovakia,2022,,106,,,
dataflow,ESTAT:LFSI_NEET_A(1.0),"Young people neither in employment nor in education and training (NEET), by sex and age - annual data",A,Annual,T,Total,Y15-29,From 15 to 29 years,THS_PER,Thousand persons,SK,Slovakia,2023,,94,,,
dataflow,ESTAT:LFSI_NEET_A(1.0),"Young people neither in employment nor in education and training (NEET), by sex and age - annual data",A,Annual,T,Total,Y15-29,From 15 to 29 years,THS_PER,Thousand persons,TR,Türkiye,2014,,5088,,b,break in time series
dataflow,ESTAT:LFSI_NEET_A(1.0),"Young people neither in employment nor in education and training (NEET), by sex and age - annual data",A,Annual,T,Total,Y15-29,From 15 to 29 years,THS_PER,Thousand persons,TR,Türkiye,2015,,4997,,,
dataflow,ESTAT:LFSI_NEET_A(1.0),"Young people neither in employment nor in education and training (NEET), by sex and age - annual data",A,Annual,T,Total,Y15-29,From 15 to 29 years,THS_PER,Thousand persons,TR,Türkiye,2016,,4991,,,
dataflow,ESTAT:LFSI_NEET_A(1.0),"Young people neither in employment nor in education and training (NEET), by sex and age - annual data",A,Annual,T,Total,Y15-29,From 15 to 29 years,THS_PER,Thousand persons,TR,Türkiye,2017,,4940,,,
dataflow,ESTAT:LFSI_NEET_A(1.0),"Young people neither in employment nor in education and training (NEET), by sex and age - annual data",A,Annual,T,Total,Y15-29,From 15 to 29 years,THS_PER,Thousand persons,TR,Türkiye,2018,,4926,,,
dataflow,ESTAT:LFSI_NEET_A(1.0),"Young people neither in employment nor in education and training (NEET), by sex and age - annual data",A,Annual,T,Total,Y15-29,From 15 to 29 years,THS_PER,Thousand persons,TR,Türkiye,2019,,5225,,,
dataflow,ESTAT:LFSI_NEET_A(1.0),"Young people neither in employment nor in education and training (NEET), by sex and age - annual data",A,Annual,T,Total,Y15-29,From 15 to 29 years,THS_PER,Thousand persons,TR,Türkiye,2020,,5700,,,
dataflow,ESTAT:LFSI_NEET_A(1.0),"Young people neither in employment nor in education and training (NEET), by sex and age - annual data",A,Annual,T,Total,Y15-29,From 15 to 29 years,THS_PER,Thousand persons,TR,Türkiye,2021,,5145,,b,break in time series
dataflow,ESTAT:LFSI_NEET_A(1.0),"Young people neither in employment nor in education and training (NEET), by sex and age - annual data",A,Annual,T,Total,Y15-29,From 15 to 29 years,THS_PER,Thousand persons,TR,Türkiye,2022,,4979,,,
dataflow,ESTAT:LFSI_NEET_A(1.0),"Young people neither in employment nor in education and training (NEET), by sex and age - annual data",A,Annual,T,Total,Y15-29,From 15 to 29 years,THS_PER,Thousand persons,TR,Türkiye,2023,,4695,,,
