"ITTER107","Territorio","TIPO_DATO_FOL","Tipo dato","SEXISTAT1","Sesso","ETA1","Classe di età","TIME","Seleziona periodo","Value","Flag Codes","Flags"
"IT","Italia","NEET_I","incidenza dei giovani Neet di 15-34 anni (non occupati e non in istruzione)","1","maschi","Y15-19","15-19 anni","2018","2018",11.461164,,
"IT","Italia","NEET_I","incidenza dei giovani Neet di 15-34 anni (non occupati e non in istruzione)","1","maschi","Y15-19","15-19 anni","2019","2019",11.329285,,
"IT","Italia","NEET_I","incidenza dei giovani Neet di 15-34 anni (non occupati e non in istruzione)","1","maschi","Y15-19","15-19 anni","2020","2020",11.411122,,
"IT","Italia","NEET_I","incidenza dei giovani Neet di 15-34 anni (non occupati e non in istruzione)","1","maschi","Y15-19","15-19 anni","2021","2021",13.598469,,
"IT","Italia","NEET_I","incidenza dei giovani Neet di 15-34 anni (non occupati e non in istruzione)","1","maschi","Y15-19","15-19 anni","2022","2022",10.785733,,
"IT","Italia","NEET_I","incidenza dei giovani Neet di 15-34 anni (non occupati e non in istruzione)","1","maschi","Y15-19","15-19 anni","2023","2023",7.020093,,
"IT","Italia","NEET_I","incidenza dei giovani Neet di 15-34 anni (non occupati e non in istruzione)","2","femmine","Y15-19","15-19 anni","2018","2018",10.717618,,
"IT","Italia","NEET_I","incidenza dei giovani Neet di 15-34 anni (non occupati e non in istruzione)","2","femmine","Y15-19","15-19 anni","2019","2019",10.041169,,
"IT","Italia","NEET_I","incidenza dei giovani Neet di 15-34 anni (non occupati e non in istruzione)","2","femmine","Y15-19","15-19 anni","2020","2020",10.466708,,
"IT","Italia","NEET_I","incidenza dei giovani Neet di 15-34 anni (non occupati e non in istruzione)","2","femmine","Y15-19","15-19 anni","2021","2021",12.787214,,
"IT","Italia","NEET_I","incidenza dei giovani Neet di 15-34 anni (non occupati e non in istruzione)","2","femmine","Y15-19","15-19 anni","2022","2022",9.425098,,
"IT","Italia","NEET_I","incidenza dei giovani Neet di 15-34 anni (non occupati e non in istruzione)","2","femmine","Y15-19","15-19 anni","2023","2023",5.531825,,
"IT","Italia","NEET_I","incidenza dei giovani Neet di 15-34 anni (non occupati e non in istruzione)","9","totale","Y15-19","15-19 anni","2018","2018",11.102934,,
"IT","Italia","NEET_I","incidenza dei giovani Neet di 15-34 anni (non occupati e non in istruzione)","9","totale","Y15-19","15-19 anni","2019","2019",10.706362,,
"IT","Italia","NEET_I","incidenza dei giovani Neet di 15-34 anni (non occupati e non in istruzione)","9","totale","Y15-19","15-19 anni","2020","2020",10.95323,,
"IT","Italia","NEET_I","incidenza dei giovani Neet di 15-34 anni (non occupati e non in istruzione)","9","totale","Y15-19","15-19 anni","2021","2021",13.205385,,
"IT","Italia","NEET_I","incidenza dei giovani Neet di 15-34 anni (non occupati e non in istruzione)","9","totale","Y15-19","15-19 anni","2022","2022",10.126779,,
"IT","Italia","NEET_I","incidenza dei giovani Neet di 15-34 anni (non occupati e non in istruzione)","9","totale","Y15-19","15-19 anni","2023","2023",6.299517,,
"ITCD","Nord","NEET_I","incidenza dei giovani Neet di 15-34 anni (non occupati e non in istruzione)","1","maschi","Y15-19","15-19 anni","2018","2018",9.323419,,
"ITCD","Nord","NEET_I","incidenza dei giovani Neet di 15-34 anni (non occupati e non in istruzione)","1","maschi","Y15-19","15-19 anni","2019","2019",8.608153,,
"ITCD","Nord","NEET_I","incidenza dei giovani Neet di 15-34 anni (non occupati e non in istruzione)","1","maschi","Y15-19","15-19 anni","2020","2020",9.718723,,
"ITCD","Nord","NEET_I","incidenza dei giovani Neet di 15-34 anni (non occupati e non in istruzione)","1","maschi","Y15-19","15-19 anni","2021","2021",12.0054,,
"ITCD","Nord","NEET_I","incidenza dei giovani Neet di 15-34 anni (non occupati e non in istruzione)","1","maschi","Y15-19","15-19 anni","2022","2022",8.943965,,
"ITCD","Nord","NEET_I","incidenza dei giovani Neet di 15-34 anni (non occupati e non in istruzione)","1","maschi","Y15-19","15-19 anni","2023","2023",5.106049,,
"ITCD","Nord","NEET_I","incidenza dei giovani Neet di 15-34 anni (non occupati e non in istruzione)","2","femmine","Y15-19","15-19 anni","2018","2018",8.185142,,
"ITCD","Nord","NEET_I","incidenza dei giovani Neet di 15-34 anni (non occupati e non in istruzione)","2","femmine","Y15-19","15-19 anni","2019","2019",7.64035,,
"ITCD","Nord","NEET_I","incidenza dei giovani Neet di 15-34 anni (non occupati e non in istruzione)","2","femmine","Y15-19","15-19 anni","2020","2020",8.897977,,
"ITCD","Nord","NEET_I","incidenza dei giovani Neet di 15-34 anni (non occupati e non in istruzione)","2","femmine","Y15-19","15-19 anni","2021","2021",11.575737,,
"ITCD","Nord","NEET_I","incidenza dei giovani Neet di 15-34 anni (non occupati e non in istruzione)","2","femmine","Y15-19","15-19 anni","2022","2022",7.396011,,
"ITCD","Nord","NEET_I","incidenza dei giovani Neet di 15-34 anni (non occupati e non in istruzione)","2","femmine","Y15-19","15-19 anni","2023","2023",4.32708,,
"ITCD","Nord","NEET_I","incidenza dei giovani Neet di 15-34 anni (non occupati e non in istruzione)","9","totale","Y15-19","15-19 anni","2018","2018",8.775688,,
"ITCD","Nord","NEET_I","incidenza dei giovani Neet di 15-34 anni (non occupati e non in istruzione)","9","totale","Y15-19","15-19 anni","2019","2019",8.140602,,
"ITCD","Nord","NEET_I","incidenza dei giovani Neet di 15-34 anni (non occupati e non in istruzione)","9","totale","Y15-19","15-19 anni","2020","2020",9.321502,,
"ITCD","Nord","NEET_I","incidenza dei giovani Neet di 15-34 anni (non occupati e non in istruzione)","9","totale","Y15-19","15-19 anni","2021","2021",11.797623,,
"ITCD","Nord","NEET_I","incidenza dei giovani Neet di 15-34 anni (non occupati e non in istruzione)","9","totale","Y15-19","15-19 anni","2022","2022",8.195307,,
"ITCD","Nord","NEET_I","incidenza dei giovani Neet di 15-34 anni (non occupati e non in istruzione)","9","totale","Y15-19","15-19 anni","2023","2023",4.729304,,
"ITC","Nord-ovest","NEET_I","incidenza dei giovani Neet di 15-34 anni (non occupati e non in istruzione)","1","maschi","Y15-19","15-19 anni","2018","2018",10.11399,,
"ITC","Nord-ovest","NEET_I","incidenza dei giovani Neet di 15-34 anni (non occupati e non in istruzione)","1","maschi","Y15-19","15-19 anni","2019","2019",9.980109,,
"ITC","Nord-ovest","NEET_I","incidenza dei giovani Neet di 15-34 anni (non occupati e non in istruzione)","1","maschi","Y15-19","15-19 anni","2020","2020",11.286172,,
"ITC","Nord-ovest","NEET_I","incidenza dei giovani Neet di 15-34 anni (non occupati e non in istruzione)","1","maschi","Y15-19","15-19 anni","2021","2021",13.187471,,
"ITC","Nord-ovest","NEET_I","incidenza dei giovani Neet di 15-34 anni (non occupati e non in istruzione)","1","maschi","Y15-19","15-19 anni","2022","2022",8.552154,,
"ITC","Nord-ovest","NEET_I","incidenza dei giovani Neet di 15-34 anni (non occupati e non in istruzione)","1","maschi","Y15-19","15-19 anni","2023","2023",5.60131,,
"ITC","Nord-ovest","NEET_I","incidenza dei giovani Neet di 15-34 anni (non occupati e non in istruzione)","2","femmine","Y15-19","15-19 anni","2018","2018",7.959904,,
"ITC","Nord-ovest","NEET_I","incidenza dei giovani Neet di 15-34 anni (non occupati e non in istruzione)","2","femmine","Y15-19","15-19 anni","2019","2019",8.28121,,
"ITC","Nord-ovest","NEET_I","incidenza dei giovani Neet di 15-34 anni (non occupati e non in istruzione)","2","femmine","Y15-19","15-19 anni","2020","2020",9.79471,,
"ITC","Nord-ovest","NEET_I","incidenza dei giovani Neet di 15-34 anni (non occupati e non in istruzione)","2","femmine","Y15-19","15-19 anni","2021","2021",13.04991,,
"ITC","Nord-ovest","NEET_I","incidenza dei giovani Neet di 15-34 anni (non occupati e non in istruzione)","2","femmine","Y15-19","15-19 anni","2022","2022",7.970357,,
"ITC","Nord-ovest","NEET_I","incidenza dei giovani Neet di 15-34 anni (non occupati e non in istruzione)","2","femmine","Y15-19","15-19 anni","2023","2023",4.200446,,
"ITC","Nord-ovest","NEET_I","incidenza dei giovani Neet di 15-34 anni (non occupati e non in istruzione)","9","totale","Y15-19","15-19 anni","2018","2018",9.078602,,
"ITC","Nord-ovest","NEET_I","incidenza dei giovani Neet di 15-34 anni (non occupati e non in istruzione)","9","totale","Y15-19","15-19 anni","2019","2019",9.159578,,
"ITC","Nord-ovest","NEET_I","incidenza dei giovani Neet di 15-34 anni (non occupati e non in istruzione)","9","totale","Y15-19","15-19 anni","2020","2020",10.563953,,
"ITC","Nord-ovest","NEET_I","incidenza dei giovani Neet di 15-34 anni (non occupati e non in istruzione)","9","totale","Y15-19","15-19 anni","2021","2021",13.120881,,
"ITC","Nord-ovest","NEET_I","incidenza dei giovani Neet di 15-34 anni (non occupati e non in istruzione)","9","totale","Y15-19","15-19 anni","2022","2022",8.270596,,
"ITC","Nord-ovest","NEET_I","incidenza dei giovani Neet di 15-34 anni (non occupati e non in istruzione)","9","totale","Y15-19","15-19 anni","2023","2023",4.923879,,
"ITD","Nord-est","NEET_I","incidenza dei giovani Neet di 15-34 anni (non occupati e non in istruzione)","1","maschi","Y15-19","15-19 anni","2018","2018",8.24925,,
"ITD","Nord-est","NEET_I","incidenza dei giovani Neet di 15-34 anni (non occupati e non in istruzione)","1","maschi","Y15-19","15-19 anni","2019","2019",6.75194,,
"ITD","Nord-est","NEET_I","incidenza dei giovani Neet di 15-34 anni (non occupati e non in istruzione)","1","maschi","Y15-19","15-19 anni","2020","2020",7.601099,,
"ITD","Nord-est","NEET_I","incidenza dei giovani Neet di 15-34 anni (non occupati e non in istruzione)","1","maschi","Y15-19","15-19 anni","2021","2021",10.411797,,
"ITD","Nord-est","NEET_I","incidenza dei giovani Neet di 15-34 anni (non occupati e non in istruzione)","1","maschi","Y15-19","15-19 anni","2022","2022",9.473673,,
"ITD","Nord-est","NEET_I","incidenza dei giovani Neet di 15-34 anni (non occupati e non in istruzione)","1","maschi","Y15-19","15-19 anni","2023","2023",4.433686,,
"ITD","Nord-est","NEET_I","incidenza dei giovani Neet di 15-34 anni (non occupati e non in istruzione)","2","femmine","Y15-19","15-19 anni","2018","2018",8.489447,,
"ITD","Nord-est","NEET_I","incidenza dei giovani Neet di 15-34 anni (non occupati e non in istruzione)","2","femmine","Y15-19","15-19 anni","2019","2019",6.773791,,
"ITD","Nord-est","NEET_I","incidenza dei giovani Neet di 15-34 anni (non occupati e non in istruzione)","2","femmine","Y15-19","15-19 anni","2020","2020",7.683524,,
"ITD","Nord-est","NEET_I","incidenza dei giovani Neet di 15-34 anni (non occupati e non in istruzione)","2","femmine","Y15-19","15-19 anni","2021","2021",9.578975,,
"ITD","Nord-est","NEET_I","incidenza dei giovani Neet di 15-34 anni (non occupati e non in istruzione)","2","femmine","Y15-19","15-19 anni","2022","2022",6.617833,,
"ITD","Nord-est","NEET_I","incidenza dei giovani Neet di 15-34 anni (non occupati e non in istruzione)","2","femmine","Y15-19","15-19 anni","2023","2023",4.499051,,
"ITD","Nord-est","NEET_I","incidenza dei giovani Neet di 15-34 anni (non occupati e non in istruzione)","9","totale","Y15-19","15-19 anni","2018","2018",8.364984,,
"ITD","Nord-est","NEET_I","incidenza dei giovani Neet di 15-34 anni (non occupati e non in istruzione)","9","totale","Y15-19","15-19 anni","2019","2019",6.762497,,
"ITD","Nord-est","NEET_I","incidenza dei giovani Neet di 15-34 anni (non occupati e non in istruzione)","9","totale","Y15-19","15-19 anni","2020","2020",7.641146,,
"ITD","Nord-est","NEET_I","incidenza dei giovani Neet di 15-34 anni (non occupati e non in istruzione)","9","totale","Y15-19","15-19 anni","2021","2021",10.009621,,
"ITD","Nord-est","NEET_I","incidenza dei giovani Neet di 15-34 anni (non occupati e non in istruzione)","9","totale","Y15-19","15-19 anni","2022","2022",8.09363,,
"ITD","Nord-est","NEET_I","incidenza dei giovani Neet di 15-34 anni (non occupati e non in istruzione)","9","totale","Y15-19","15-19 anni","2023","2023",4.46529,,
"ITE","Centro","NEET_I","incidenza dei giovani Neet di 15-34 anni (non occupati e non in istruzione)","1","maschi","Y15-19","15-19 anni","2018","2018",9.110265,,
"ITE","Centro","NEET_I","incidenza dei giovani Neet di 15-34 anni (non occupati e non in istruzione)","1","maschi","Y15-19","15-19 anni","2019","2019",8.558809,,
"ITE","Centro","NEET_I","incidenza dei giovani Neet di 15-34 anni (non occupati e non in istruzione)","1","maschi","Y15-19","15-19 anni","2020","2020",8.570177,,
"ITE","Centro","NEET_I","incidenza dei giovani Neet di 15-34 anni (non occupati e non in istruzione)","1","maschi","Y15-19","15-19 anni","2021","2021",12.016987,,
"ITE","Centro","NEET_I","incidenza dei giovani Neet di 15-34 anni (non occupati e non in istruzione)","1","maschi","Y15-19","15-19 anni","2022","2022",9.069993,,
"ITE","Centro","NEET_I","incidenza dei giovani Neet di 15-34 anni (non occupati e non in istruzione)","1","maschi","Y15-19","15-19 anni","2023","2023",4.787979,,
"ITE","Centro","NEET_I","incidenza dei giovani Neet di 15-34 anni (non occupati e non in istruzione)","2","femmine","Y15-19","15-19 anni","2018","2018",8.649929,,
"ITE","Centro","NEET_I","incidenza dei giovani Neet di 15-34 anni (non occupati e non in istruzione)","2","femmine","Y15-19","15-19 anni","2019","2019",8.611873,,
"ITE","Centro","NEET_I","incidenza dei giovani Neet di 15-34 anni (non occupati e non in istruzione)","2","femmine","Y15-19","15-19 anni","2020","2020",7.253972,,
"ITE","Centro","NEET_I","incidenza dei giovani Neet di 15-34 anni (non occupati e non in istruzione)","2","femmine","Y15-19","15-19 anni","2021","2021",9.244869,,
"ITE","Centro","NEET_I","incidenza dei giovani Neet di 15-34 anni (non occupati e non in istruzione)","2","femmine","Y15-19","15-19 anni","2022","2022",7.174102,,
"ITE","Centro","NEET_I","incidenza dei giovani Neet di 15-34 anni (non occupati e non in istruzione)","2","femmine","Y15-19","15-19 anni","2023","2023",3.037965,,
"ITE","Centro","NEET_I","incidenza dei giovani Neet di 15-34 anni (non occupati e non in istruzione)","9","totale","Y15-19","15-19 anni","2018","2018",8.888864,,
"ITE","Centro","NEET_I","incidenza dei giovani Neet di 15-34 anni (non occupati e non in istruzione)","9","totale","Y15-19","15-19 anni","2019","2019",8.584407,,
"ITE","Centro","NEET_I","incidenza dei giovani Neet di 15-34 anni (non occupati e non in istruzione)","9","totale","Y15-19","15-19 anni","2020","2020",7.933514,,
"ITE","Centro","NEET_I","incidenza dei giovani Neet di 15-34 anni (non occupati e non in istruzione)","9","totale","Y15-19","15-19 anni","2021","2021",10.675463,,
"ITE","Centro","NEET_I","incidenza dei giovani Neet di 15-34 anni (non occupati e non in istruzione)","9","totale","Y15-19","15-19 anni","2022","2022",8.152614,,
"ITE","Centro","NEET_I","incidenza dei giovani Neet di 15-34 anni (non occupati e non in istruzione)","9","totale","Y15-19","15-19 anni","2023","2023",3.941441,,
"ITFG","Mezzogiorno","NEET_I","incidenza dei giovani Neet di 15-34 anni (non occupati e non in istruzione)","1","maschi","Y15-19","15-19 anni","2018","2018",15.155958,,
"ITFG","Mezzogiorno","NEET_I","incidenza dei giovani Neet di 15-34 anni (non occupati e non in istruzione)","1","maschi","Y15-19","15-19 anni","2019","2019",15.999603,,
"ITFG","Mezzogiorno","NEET_I","incidenza dei giovani Neet di 15-34 anni (non occupati e non in istruzione)","1","maschi","Y15-19","15-19 anni","2020","2020",14.953665,,
"ITFG","Mezzogiorno","NEET_I","incidenza dei giovani Neet di 15-34 anni (non occupati e non in istruzione)","1","maschi","Y15-19","15-19 anni","2021","2021",16.411913,,
"ITFG","Mezzogiorno","NEET_I","incidenza dei giovani Neet di 15-34 anni (non occupati e non in istruzione)","1","maschi","Y15-19","15-19 anni","2022","2022",14.030981,,
"ITFG","Mezzogiorno","NEET_I","incidenza dei giovani Neet di 15-34 anni (non occupati e non in istruzione)","1","maschi","Y15-19","15-19 anni","2023","2023",10.707366,,
"ITFG","Mezzogiorno","NEET_I","incidenza dei giovani Neet di 15-34 anni (non occupati e non in istruzione)","2","femmine","Y15-19","15-19 anni","2018","2018",14.708139,,
"ITFG","Mezzogiorno","NEET_I","incidenza dei giovani Neet di 15-34 anni (non occupati e non in istruzione)","2","femmine","Y15-19","15-19 anni","2019","2019",13.621901,,
"ITFG","Mezzogiorno","NEET_I","incidenza dei giovani Neet di 15-34 anni (non occupati e non in istruzione)","2","femmine","Y15-19","15-19 anni","2020","2020",14.011891,,
"ITFG","Mezzogiorno","NEET_I","incidenza dei giovani Neet di 15-34 anni (non occupati e non in istruzione)","2","femmine","Y15-19","15-19 anni","2021","2021",16.122375,,
"ITFG","Mezzogiorno","NEET_I","incidenza dei giovani Neet di 15-34 anni (non occupati e non in istruzione)","2","femmine","Y15-19","15-19 anni","2022","2022",13.167117,,
"ITFG","Mezzogiorno","NEET_I","incidenza dei giovani Neet di 15-34 anni (non occupati e non in istruzione)","2","femmine","Y15-19","15-19 anni","2023","2023",8.428475,,
"ITFG","Mezzogiorno","NEET_I","incidenza dei giovani Neet di 15-34 anni (non occupati e non in istruzione)","9","totale","Y15-19","15-19 anni","2018","2018",14.939753,,
"ITFG","Mezzogiorno","NEET_I","incidenza dei giovani Neet di 15-34 anni (non occupati e non in istruzione)","9","totale","Y15-19","15-19 anni","2019","2019",14.84692,,
"ITFG","Mezzogiorno","NEET_I","incidenza dei giovani Neet di 15-34 anni (non occupati e non in istruzione)","9","totale","Y15-19","15-19 anni","2020","2020",14.495606,,
"ITFG","Mezzogiorno","NEET_I","incidenza dei giovani Neet di 15-34 anni (non occupati e non in istruzione)","9","totale","Y15-19","15-19 anni","2021","2021",16.271201,,
"ITFG","Mezzogiorno","NEET_I","incidenza dei giovani Neet di 15-34 anni (non occupati e non in istruzione)","9","totale","Y15-19","15-19 anni","2022","2022",13.611644,,
"ITFG","Mezzogiorno","NEET_I","incidenza dei giovani Neet di 15-34 anni (non occupati e non in istruzione)","9","totale","Y15-19","15-19 anni","2023","2023",9.601634,,
"IT","Italia","NEET_I","incidenza dei giovani Neet di 15-34 anni (non occupati e non in istruzione)","1","maschi","Y20-24","20-24 anni","2018","2018",26.313732,,
"IT","Italia","NEET_I","incidenza dei giovani Neet di 15-34 anni (non occupati e non in istruzione)","1","maschi","Y20-24","20-24 anni","2019","2019",24.779736,,
"IT","Italia","NEET_I","incidenza dei giovani Neet di 15-34 anni (non occupati e non in istruzione)","1","maschi","Y20-24","20-24 anni","2020","2020",27.029484,,
"IT","Italia","NEET_I","incidenza dei giovani Neet di 15-34 anni (non occupati e non in istruzione)","1","maschi","Y20-24","20-24 anni","2021","2021",25.257617,,
"IT","Italia","NEET_I","incidenza dei giovani Neet di 15-34 anni (non occupati e non in istruzione)","1","maschi","Y20-24","20-24 anni","2022","2022",21.633522,,
"IT","Italia","NEET_I","incidenza dei giovani Neet di 15-34 anni (non occupati e non in istruzione)","1","maschi","Y20-24","20-24 anni","2023","2023",18.974829,,
"IT","Italia","NEET_I","incidenza dei giovani Neet di 15-34 anni (non occupati e non in istruzione)","2","femmine","Y20-24","20-24 anni","2018","2018",27.69948,,
"IT","Italia","NEET_I","incidenza dei giovani Neet di 15-34 anni (non occupati e non in istruzione)","2","femmine","Y20-24","20-24 anni","2019","2019",25.526921,,
"IT","Italia","NEET_I","incidenza dei giovani Neet di 15-34 anni (non occupati e non in istruzione)","2","femmine","Y20-24","20-24 anni","2020","2020",27.427223,,
"IT","Italia","NEET_I","incidenza dei giovani Neet di 15-34 anni (non occupati e non in istruzione)","2","femmine","Y20-24","20-24 anni","2021","2021",27.074504,,
"IT","Italia","NEET_I","incidenza dei giovani Neet di 15-34 anni (non occupati e non in istruzione)","2","femmine","Y20-24","20-24 anni","2022","2022",21.29589,,
"IT","Italia","NEET_I","incidenza dei giovani Neet di 15-34 anni (non occupati e non in istruzione)","2","femmine","Y20-24","20-24 anni","2023","2023",19.009646,,
"IT","Italia","NEET_I","incidenza dei giovani Neet di 15-34 anni (non occupati e non in istruzione)","9","totale","Y20-24","20-24 anni","2018","2018",26.983316,,
"IT","Italia","NEET_I","incidenza dei giovani Neet di 15-34 anni (non occupati e non in istruzione)","9","totale","Y20-24","20-24 anni","2019","2019",25.139563,,
"IT","Italia","NEET_I","incidenza dei giovani Neet di 15-34 anni (non occupati e non in istruzione)","9","totale","Y20-24","20-24 anni","2020","2020",27.221092,,
"IT","Italia","NEET_I","incidenza dei giovani Neet di 15-34 anni (non occupati e non in istruzione)","9","totale","Y20-24","20-24 anni","2021","2021",26.131783,,
"IT","Italia","NEET_I","incidenza dei giovani Neet di 15-34 anni (non occupati e non in istruzione)","9","totale","Y20-24","20-24 anni","2022","2022",21.471117,,
"IT","Italia","NEET_I","incidenza dei giovani Neet di 15-34 anni (non occupati e non in istruzione)","9","totale","Y20-24","20-24 anni","2023","2023",18.991617,,
"ITCD","Nord","NEET_I","incidenza dei giovani Neet di 15-34 anni (non occupati e non in istruzione)","1","maschi","Y20-24","20-24 anni","2018","2018",16.653418,,
"ITCD","Nord","NEET_I","incidenza dei giovani Neet di 15-34 anni (non occupati e non in istruzione)","1","maschi","Y20-24","20-24 anni","2019","2019",14.172089,,
"ITCD","Nord","NEET_I","incidenza dei giovani Neet di 15-34 anni (non occupati e non in istruzione)","1","maschi","Y20-24","20-24 anni","2020","2020",17.10585,,
"ITCD","Nord","NEET_I","incidenza dei giovani Neet di 15-34 anni (non occupati e non in istruzione)","1","maschi","Y20-24","20-24 anni","2021","2021",17.41731,,
"ITCD","Nord","NEET_I","incidenza dei giovani Neet di 15-34 anni (non occupati e non in istruzione)","1","maschi","Y20-24","20-24 anni","2022","2022",15.405833,,
"ITCD","Nord","NEET_I","incidenza dei giovani Neet di 15-34 anni (non occupati e non in istruzione)","1","maschi","Y20-24","20-24 anni","2023","2023",12.467086,,
"ITCD","Nord","NEET_I","incidenza dei giovani Neet di 15-34 anni (non occupati e non in istruzione)","2","femmine","Y20-24","20-24 anni","2018","2018",20.890506,,
"ITCD","Nord","NEET_I","incidenza dei giovani Neet di 15-34 anni (non occupati e non in istruzione)","2","femmine","Y20-24","20-24 anni","2019","2019",19.422356,,
"ITCD","Nord","NEET_I","incidenza dei giovani Neet di 15-34 anni (non occupati e non in istruzione)","2","femmine","Y20-24","20-24 anni","2020","2020",22.341053,,
"ITCD","Nord","NEET_I","incidenza dei giovani Neet di 15-34 anni (non occupati e non in istruzione)","2","femmine","Y20-24","20-24 anni","2021","2021",22.131422,,
"ITCD","Nord","NEET_I","incidenza dei giovani Neet di 15-34 anni (non occupati e non in istruzione)","2","femmine","Y20-24","20-24 anni","2022","2022",15.814293,,
"ITCD","Nord","NEET_I","incidenza dei giovani Neet di 15-34 anni (non occupati e non in istruzione)","2","femmine","Y20-24","20-24 anni","2023","2023",13.233662,,
"ITCD","Nord","NEET_I","incidenza dei giovani Neet di 15-34 anni (non occupati e non in istruzione)","9","totale","Y20-24","20-24 anni","2018","2018",18.700335,,
"ITCD","Nord","NEET_I","incidenza dei giovani Neet di 15-34 anni (non occupati e non in istruzione)","9","totale","Y20-24","20-24 anni","2019","2019",16.69923,,
"ITCD","Nord","NEET_I","incidenza dei giovani Neet di 15-34 anni (non occupati e non in istruzione)","9","totale","Y20-24","20-24 anni","2020","2020",19.625581,,
"ITCD","Nord","NEET_I","incidenza dei giovani Neet di 15-34 anni (non occupati e non in istruzione)","9","totale","Y20-24","20-24 anni","2021","2021",19.683126,,
"ITCD","Nord","NEET_I","incidenza dei giovani Neet di 15-34 anni (non occupati e non in istruzione)","9","totale","Y20-24","20-24 anni","2022","2022",15.601812,,
"ITCD","Nord","NEET_I","incidenza dei giovani Neet di 15-34 anni (non occupati e non in istruzione)","9","totale","Y20-24","20-24 anni","2023","2023",12.835154,,
"ITC","Nord-ovest","NEET_I","incidenza dei giovani Neet di 15-34 anni (non occupati e non in istruzione)","1","maschi","Y20-24","20-24 anni","2018","2018",18.45445,,
"ITC","Nord-ovest","NEET_I","incidenza dei giovani Neet di 15-34 anni (non occupati e non in istruzione)","1","maschi","Y20-24","20-24 anni","2019","2019",14.843152,,
"ITC","Nord-ovest","NEET_I","incidenza dei giovani Neet di 15-34 anni (non occupati e non in istruzione)","1","maschi","Y20-24","20-24 anni","2020","2020",19.961415,,
"ITC","Nord-ovest","NEET_I","incidenza dei giovani Neet di 15-34 anni (non occupati e non in istruzione)","1","maschi","Y20-24","20-24 anni","2021","2021",19.980959,,
"ITC","Nord-ovest","NEET_I","incidenza dei giovani Neet di 15-34 anni (non occupati e non in istruzione)","1","maschi","Y20-24","20-24 anni","2022","2022",16.559738,,
"ITC","Nord-ovest","NEET_I","incidenza dei giovani Neet di 15-34 anni (non occupati e non in istruzione)","1","maschi","Y20-24","20-24 anni","2023","2023",13.030962,,
"ITC","Nord-ovest","NEET_I","incidenza dei giovani Neet di 15-34 anni (non occupati e non in istruzione)","2","femmine","Y20-24","20-24 anni","2018","2018",20.412119,,
"ITC","Nord-ovest","NEET_I","incidenza dei giovani Neet di 15-34 anni (non occupati e non in istruzione)","2","femmine","Y20-24","20-24 anni","2019","2019",19.98931,,
"ITC","Nord-ovest","NEET_I","incidenza dei giovani Neet di 15-34 anni (non occupati e non in istruzione)","2","femmine","Y20-24","20-24 anni","2020","2020",23.374401,,
"ITC","Nord-ovest","NEET_I","incidenza dei giovani Neet di 15-34 anni (non occupati e non in istruzione)","2","femmine","Y20-24","20-24 anni","2021","2021",23.273796,,
"ITC","Nord-ovest","NEET_I","incidenza dei giovani Neet di 15-34 anni (non occupati e non in istruzione)","2","femmine","Y20-24","20-24 anni","2022","2022",16.721455,,
"ITC","Nord-ovest","NEET_I","incidenza dei giovani Neet di 15-34 anni (non occupati e non in istruzione)","2","femmine","Y20-24","20-24 anni","2023","2023",12.951728,,
"ITC","Nord-ovest","NEET_I","incidenza dei giovani Neet di 15-34 anni (non occupati e non in istruzione)","9","totale","Y20-24","20-24 anni","2018","2018",19.399536,,
"ITC","Nord-ovest","NEET_I","incidenza dei giovani Neet di 15-34 anni (non occupati e non in istruzione)","9","totale","Y20-24","20-24 anni","2019","2019",17.317739,,
"ITC","Nord-ovest","NEET_I","incidenza dei giovani Neet di 15-34 anni (non occupati e non in istruzione)","9","totale","Y20-24","20-24 anni","2020","2020",21.603265,,
"ITC","Nord-ovest","NEET_I","incidenza dei giovani Neet di 15-34 anni (non occupati e non in istruzione)","9","totale","Y20-24","20-24 anni","2021","2021",21.561699,,
"ITC","Nord-ovest","NEET_I","incidenza dei giovani Neet di 15-34 anni (non occupati e non in istruzione)","9","totale","Y20-24","20-24 anni","2022","2022",16.637166,,
"ITC","Nord-ovest","NEET_I","incidenza dei giovani Neet di 15-34 anni (non occupati e non in istruzione)","9","totale","Y20-24","20-24 anni","2023","2023",12.992959,,
"ITD","Nord-est","NEET_I","incidenza dei giovani Neet di 15-34 anni (non occupati e non in istruzione)","1","maschi","Y20-24","20-24 anni","2018","2018",14.202097,,
"ITD","Nord-est","NEET_I","incidenza dei giovani Neet di 15-34 anni (non occupati e non in istruzione)","1","maschi","Y20-24","20-24 anni","2019","2019",13.257211,,
"ITD","Nord-est","NEET_I","incidenza dei giovani Neet di 15-34 anni (non occupati e non in istruzione)","1","maschi","Y20-24","20-24 anni","2020","2020",13.228405,,
"ITD","Nord-est","NEET_I","incidenza dei giovani Neet di 15-34 anni (non occupati e non in istruzione)","1","maschi","Y20-24","20-24 anni","2021","2021",13.940863,,
"ITD","Nord-est","NEET_I","incidenza dei giovani Neet di 15-34 anni (non occupati e non in istruzione)","1","maschi","Y20-24","20-24 anni","2022","2022",13.848163,,
"ITD","Nord-est","NEET_I","incidenza dei giovani Neet di 15-34 anni (non occupati e non in istruzione)","1","maschi","Y20-24","20-24 anni","2023","2023",11.704583,,
"ITD","Nord-est","NEET_I","incidenza dei giovani Neet di 15-34 anni (non occupati e non in istruzione)","2","femmine","Y20-24","20-24 anni","2018","2018",21.539303,,
"ITD","Nord-est","NEET_I","incidenza dei giovani Neet di 15-34 anni (non occupati e non in istruzione)","2","femmine","Y20-24","20-24 anni","2019","2019",18.653235,,
"ITD","Nord-est","NEET_I","incidenza dei giovani Neet di 15-34 anni (non occupati e non in istruzione)","2","femmine","Y20-24","20-24 anni","2020","2020",20.941149,,
"ITD","Nord-est","NEET_I","incidenza dei giovani Neet di 15-34 anni (non occupati e non in istruzione)","2","femmine","Y20-24","20-24 anni","2021","2021",20.591727,,
"ITD","Nord-est","NEET_I","incidenza dei giovani Neet di 15-34 anni (non occupati e non in istruzione)","2","femmine","Y20-24","20-24 anni","2022","2022",14.591949,,
"ITD","Nord-est","NEET_I","incidenza dei giovani Neet di 15-34 anni (non occupati e non in istruzione)","2","femmine","Y20-24","20-24 anni","2023","2023",13.613817,,
"ITD","Nord-est","NEET_I","incidenza dei giovani Neet di 15-34 anni (non occupati e non in istruzione)","9","totale","Y20-24","20-24 anni","2018","2018",17.750145,,
"ITD","Nord-est","NEET_I","incidenza dei giovani Neet di 15-34 anni (non occupati e non in istruzione)","9","totale","Y20-24","20-24 anni","2019","2019",15.858208,,
"ITD","Nord-est","NEET_I","incidenza dei giovani Neet di 15-34 anni (non occupati e non in istruzione)","9","totale","Y20-24","20-24 anni","2020","2020",16.943135,,
"ITD","Nord-est","NEET_I","incidenza dei giovani Neet di 15-34 anni (non occupati e non in istruzione)","9","totale","Y20-24","20-24 anni","2021","2021",17.143214,,
"ITD","Nord-est","NEET_I","incidenza dei giovani Neet di 15-34 anni (non occupati e non in istruzione)","9","totale","Y20-24","20-24 anni","2022","2022",14.205227,,
"ITD","Nord-est","NEET_I","incidenza dei giovani Neet di 15-34 anni (non occupati e non in istruzione)","9","totale","Y20-24","20-24 anni","2023","2023",12.622042,,
"ITE","Centro","NEET_I","incidenza dei giovani Neet di 15-34 anni (non occupati e non in istruzione)","1","maschi","Y20-24","20-24 anni","2018","2018",21.755683,,
"ITE","Centro","NEET_I","incidenza dei giovani Neet di 15-34 anni (non occupati e non in istruzione)","1","maschi","Y20-24","20-24 anni","2019","2019",21.50988,,
"ITE","Centro","NEET_I","incidenza dei giovani Neet di 15-34 anni (non occupati e non in istruzione)","1","maschi","Y20-24","20-24 anni","2020","2020",26.809602,,
"ITE","Centro","NEET_I","incidenza dei giovani Neet di 15-34 anni (non occupati e non in istruzione)","1","maschi","Y20-24","20-24 anni","2021","2021",23.200491,,
"ITE","Centro","NEET_I","incidenza dei giovani Neet di 15-34 anni (non occupati e non in istruzione)","1","maschi","Y20-24","20-24 anni","2022","2022",17.107402,,
"ITE","Centro","NEET_I","incidenza dei giovani Neet di 15-34 anni (non occupati e non in istruzione)","1","maschi","Y20-24","20-24 anni","2023","2023",14.692184,,
"ITE","Centro","NEET_I","incidenza dei giovani Neet di 15-34 anni (non occupati e non in istruzione)","2","femmine","Y20-24","20-24 anni","2018","2018",21.45155,,
"ITE","Centro","NEET_I","incidenza dei giovani Neet di 15-34 anni (non occupati e non in istruzione)","2","femmine","Y20-24","20-24 anni","2019","2019",20.229567,,
"ITE","Centro","NEET_I","incidenza dei giovani Neet di 15-34 anni (non occupati e non in istruzione)","2","femmine","Y20-24","20-24 anni","2020","2020",22.490877,,
"ITE","Centro","NEET_I","incidenza dei giovani Neet di 15-34 anni (non occupati e non in istruzione)","2","femmine","Y20-24","20-24 anni","2021","2021",21.722798,,
"ITE","Centro","NEET_I","incidenza dei giovani Neet di 15-34 anni (non occupati e non in istruzione)","2","femmine","Y20-24","20-24 anni","2022","2022",18.318954,,
"ITE","Centro","NEET_I","incidenza dei giovani Neet di 15-34 anni (non occupati e non in istruzione)","2","femmine","Y20-24","20-24 anni","2023","2023",14.751093,,
"ITE","Centro","NEET_I","incidenza dei giovani Neet di 15-34 anni (non occupati e non in istruzione)","9","totale","Y20-24","20-24 anni","2018","2018",21.609561,,
"ITE","Centro","NEET_I","incidenza dei giovani Neet di 15-34 anni (non occupati e non in istruzione)","9","totale","Y20-24","20-24 anni","2019","2019",20.896255,,
"ITE","Centro","NEET_I","incidenza dei giovani Neet di 15-34 anni (non occupati e non in istruzione)","9","totale","Y20-24","20-24 anni","2020","2020",24.741271,,
"ITE","Centro","NEET_I","incidenza dei giovani Neet di 15-34 anni (non occupati e non in istruzione)","9","totale","Y20-24","20-24 anni","2021","2021",22.49234,,
"ITE","Centro","NEET_I","incidenza dei giovani Neet di 15-34 anni (non occupati e non in istruzione)","9","totale","Y20-24","20-24 anni","2022","2022",17.688946,,
"ITE","Centro","NEET_I","incidenza dei giovani Neet di 15-34 anni (non occupati e non in istruzione)","9","totale","Y20-24","20-24 anni","2023","2023",14.720473,,
"ITFG","Mezzogiorno","NEET_I","incidenza dei giovani Neet di 15-34 anni (non occupati e non in istruzione)","1","maschi","Y20-24","20-24 anni","2018","2018",39.225037,,
"ITFG","Mezzogiorno","NEET_I","incidenza dei giovani Neet di 15-34 anni (non occupati e non in istruzione)","1","maschi","Y20-24","20-24 anni","2019","2019",38.519814,,
"ITFG","Mezzogiorno","NEET_I","incidenza dei giovani Neet di 15-34 anni (non occupati e non in istruzione)","1","maschi","Y20-24","20-24 anni","2020","2020",38.81765,,
"ITFG","Mezzogiorno","NEET_I","incidenza dei giovani Neet di 15-34 anni (non occupati e non in istruzione)","1","maschi","Y20-24","20-24 anni","2021","2021",35.768458,,
"ITFG","Mezzogiorno","NEET_I","incidenza dei giovani Neet di 15-34 anni (non occupati e non in istruzione)","1","maschi","Y20-24","20-24 anni","2022","2022",31.770218,,
"ITFG","Mezzogiorno","NEET_I","incidenza dei giovani Neet di 15-34 anni (non occupati e non in istruzione)","1","maschi","Y20-24","20-24 anni","2023","2023",29.405884,,
"ITFG","Mezzogiorno","NEET_I","incidenza dei giovani Neet di 15-34 anni (non occupati e non in istruzione)","2","femmine","Y20-24","20-24 anni","2018","2018",38.163655,,
"ITFG","Mezzogiorno","NEET_I","incidenza dei giovani Neet di 15-34 anni (non occupati e non in istruzione)","2","femmine","Y20-24","20-24 anni","2019","2019",35.027283,,
"ITFG","Mezzogiorno","NEET_I","incidenza dei giovani Neet di 15-34 anni (non occupati e non in istruzione)","2","femmine","Y20-24","20-24 anni","2020","2020",35.773014,,
"ITFG","Mezzogiorno","NEET_I","incidenza dei giovani Neet di 15-34 anni (non occupati e non in istruzione)","2","femmine","Y20-24","20-24 anni","2021","2021",35.672796,,
"ITFG","Mezzogiorno","NEET_I","incidenza dei giovani Neet di 15-34 anni (non occupati e non in istruzione)","2","femmine","Y20-24","20-24 anni","2022","2022",29.590449,,
"ITFG","Mezzogiorno","NEET_I","incidenza dei giovani Neet di 15-34 anni (non occupati e non in istruzione)","2","femmine","Y20-24","20-24 anni","2023","2023",28.38081,,
"ITFG","Mezzogiorno","NEET_I","incidenza dei giovani Neet di 15-34 anni (non occupati e non in istruzione)","9","totale","Y20-24","20-24 anni","2018","2018",38.710666,,
"ITFG","Mezzogiorno","NEET_I","incidenza dei giovani Neet di 15-34 anni (non occupati e non in istruzione)","9","totale","Y20-24","20-24 anni","2019","2019",36.833121,,
"ITFG","Mezzogiorno","NEET_I","incidenza dei giovani Neet di 15-34 anni (non occupati e non in istruzione)","9","totale","Y20-24","20-24 anni","2020","2020",37.344983,,
"ITFG","Mezzogiorno","NEET_I","incidenza dei giovani Neet di 15-34 anni (non occupati e non in istruzione)","9","totale","Y20-24","20-24 anni","2021","2021",35.722289,,
"ITFG","Mezzogiorno","NEET_I","incidenza dei giovani Neet di 15-34 anni (non occupati e non in istruzione)","9","totale","Y20-24","20-24 anni","2022","2022",30.717372,,
"ITFG","Mezzogiorno","NEET_I","incidenza dei giovani Neet di 15-34 anni (non occupati e non in istruzione)","9","totale","Y20-24","20-24 anni","2023","2023",28.910278,,
"IT","Italia","NEET_I","incidenza dei giovani Neet di 15-34 anni (non occupati e non in istruzione)","1","maschi","Y25-29","25-29 anni","2018","2018",25.711949,,
"IT","Italia","NEET_I","incidenza dei giovani Neet di 15-34 anni (non occupati e non in istruzione)","1","maschi","Y25-29","25-29 anni","2019","2019",23.935766,,
"IT","Italia","NEET_I","incidenza dei giovani Neet di 15-34 anni (non occupati e non in istruzione)","1","maschi","Y25-29","25-29 anni","2020","2020",26.378501,,
"IT","Italia","NEET_I","incidenza dei giovani Neet di 15-34 anni (non occupati e non in istruzione)","1","maschi","Y25-29","25-29 anni","2021","2021",24.452222,,
"IT","Italia","NEET_I","incidenza dei giovani Neet di 15-34 anni (non occupati e non in istruzione)","1","maschi","Y25-29","25-29 anni","2022","2022",20.44144,,
"IT","Italia","NEET_I","incidenza dei giovani Neet di 15-34 anni (non occupati e non in istruzione)","1","maschi","Y25-29","25-29 anni","2023","2023",17.031319,,
"IT","Italia","NEET_I","incidenza dei giovani Neet di 15-34 anni (non occupati e non in istruzione)","2","femmine","Y25-29","25-29 anni","2018","2018",35.68438,,
"IT","Italia","NEET_I","incidenza dei giovani Neet di 15-34 anni (non occupati e non in istruzione)","2","femmine","Y25-29","25-29 anni","2019","2019",35.442974,,
"IT","Italia","NEET_I","incidenza dei giovani Neet di 15-34 anni (non occupati e non in istruzione)","2","femmine","Y25-29","25-29 anni","2020","2020",38.434531,,
"IT","Italia","NEET_I","incidenza dei giovani Neet di 15-34 anni (non occupati e non in istruzione)","2","femmine","Y25-29","25-29 anni","2021","2021",34.492266,,
"IT","Italia","NEET_I","incidenza dei giovani Neet di 15-34 anni (non occupati e non in istruzione)","2","femmine","Y25-29","25-29 anni","2022","2022",30.191305,,
"IT","Italia","NEET_I","incidenza dei giovani Neet di 15-34 anni (non occupati e non in istruzione)","2","femmine","Y25-29","25-29 anni","2023","2023",28.675581,,
"IT","Italia","NEET_I","incidenza dei giovani Neet di 15-34 anni (non occupati e non in istruzione)","9","totale","Y25-29","25-29 anni","2018","2018",30.628328,,
"IT","Italia","NEET_I","incidenza dei giovani Neet di 15-34 anni (non occupati e non in istruzione)","9","totale","Y25-29","25-29 anni","2019","2019",29.595592,,
"IT","Italia","NEET_I","incidenza dei giovani Neet di 15-34 anni (non occupati e non in istruzione)","9","totale","Y25-29","25-29 anni","2020","2020",32.296433,,
"IT","Italia","NEET_I","incidenza dei giovani Neet di 15-34 anni (non occupati e non in istruzione)","9","totale","Y25-29","25-29 anni","2021","2021",29.362471,,
"IT","Italia","NEET_I","incidenza dei giovani Neet di 15-34 anni (non occupati e non in istruzione)","9","totale","Y25-29","25-29 anni","2022","2022",25.18901,,
"IT","Italia","NEET_I","incidenza dei giovani Neet di 15-34 anni (non occupati e non in istruzione)","9","totale","Y25-29","25-29 anni","2023","2023",22.67442,,
"ITCD","Nord","NEET_I","incidenza dei giovani Neet di 15-34 anni (non occupati e non in istruzione)","1","maschi","Y25-29","25-29 anni","2018","2018",12.690257,,
"ITCD","Nord","NEET_I","incidenza dei giovani Neet di 15-34 anni (non occupati e non in istruzione)","1","maschi","Y25-29","25-29 anni","2019","2019",12.136533,,
"ITCD","Nord","NEET_I","incidenza dei giovani Neet di 15-34 anni (non occupati e non in istruzione)","1","maschi","Y25-29","25-29 anni","2020","2020",16.499377,,
"ITCD","Nord","NEET_I","incidenza dei giovani Neet di 15-34 anni (non occupati e non in istruzione)","1","maschi","Y25-29","25-29 anni","2021","2021",15.116905,,
"ITCD","Nord","NEET_I","incidenza dei giovani Neet di 15-34 anni (non occupati e non in istruzione)","1","maschi","Y25-29","25-29 anni","2022","2022",11.22981,,
"ITCD","Nord","NEET_I","incidenza dei giovani Neet di 15-34 anni (non occupati e non in istruzione)","1","maschi","Y25-29","25-29 anni","2023","2023",8.652843,,
"ITCD","Nord","NEET_I","incidenza dei giovani Neet di 15-34 anni (non occupati e non in istruzione)","2","femmine","Y25-29","25-29 anni","2018","2018",25.298281,,
"ITCD","Nord","NEET_I","incidenza dei giovani Neet di 15-34 anni (non occupati e non in istruzione)","2","femmine","Y25-29","25-29 anni","2019","2019",24.360747,,
"ITCD","Nord","NEET_I","incidenza dei giovani Neet di 15-34 anni (non occupati e non in istruzione)","2","femmine","Y25-29","25-29 anni","2020","2020",27.936036,,
"ITCD","Nord","NEET_I","incidenza dei giovani Neet di 15-34 anni (non occupati e non in istruzione)","2","femmine","Y25-29","25-29 anni","2021","2021",23.817871,,
"ITCD","Nord","NEET_I","incidenza dei giovani Neet di 15-34 anni (non occupati e non in istruzione)","2","femmine","Y25-29","25-29 anni","2022","2022",22.042903,,
"ITCD","Nord","NEET_I","incidenza dei giovani Neet di 15-34 anni (non occupati e non in istruzione)","2","femmine","Y25-29","25-29 anni","2023","2023",21.230075,,
"ITCD","Nord","NEET_I","incidenza dei giovani Neet di 15-34 anni (non occupati e non in istruzione)","9","totale","Y25-29","25-29 anni","2018","2018",18.923418,,
"ITCD","Nord","NEET_I","incidenza dei giovani Neet di 15-34 anni (non occupati e non in istruzione)","9","totale","Y25-29","25-29 anni","2019","2019",18.157682,,
"ITCD","Nord","NEET_I","incidenza dei giovani Neet di 15-34 anni (non occupati e non in istruzione)","9","totale","Y25-29","25-29 anni","2020","2020",22.115949,,
"ITCD","Nord","NEET_I","incidenza dei giovani Neet di 15-34 anni (non occupati e non in istruzione)","9","totale","Y25-29","25-29 anni","2021","2021",19.367106,,
"ITCD","Nord","NEET_I","incidenza dei giovani Neet di 15-34 anni (non occupati e non in istruzione)","9","totale","Y25-29","25-29 anni","2022","2022",16.47456,,
"ITCD","Nord","NEET_I","incidenza dei giovani Neet di 15-34 anni (non occupati e non in istruzione)","9","totale","Y25-29","25-29 anni","2023","2023",14.730989,,
"ITC","Nord-ovest","NEET_I","incidenza dei giovani Neet di 15-34 anni (non occupati e non in istruzione)","1","maschi","Y25-29","25-29 anni","2018","2018",13.596033,,
"ITC","Nord-ovest","NEET_I","incidenza dei giovani Neet di 15-34 anni (non occupati e non in istruzione)","1","maschi","Y25-29","25-29 anni","2019","2019",13.613812,,
"ITC","Nord-ovest","NEET_I","incidenza dei giovani Neet di 15-34 anni (non occupati e non in istruzione)","1","maschi","Y25-29","25-29 anni","2020","2020",17.675055,,
"ITC","Nord-ovest","NEET_I","incidenza dei giovani Neet di 15-34 anni (non occupati e non in istruzione)","1","maschi","Y25-29","25-29 anni","2021","2021",16.718214,,
"ITC","Nord-ovest","NEET_I","incidenza dei giovani Neet di 15-34 anni (non occupati e non in istruzione)","1","maschi","Y25-29","25-29 anni","2022","2022",11.564463,,
"ITC","Nord-ovest","NEET_I","incidenza dei giovani Neet di 15-34 anni (non occupati e non in istruzione)","1","maschi","Y25-29","25-29 anni","2023","2023",9.506494,,
"ITC","Nord-ovest","NEET_I","incidenza dei giovani Neet di 15-34 anni (non occupati e non in istruzione)","2","femmine","Y25-29","25-29 anni","2018","2018",26.040669,,
"ITC","Nord-ovest","NEET_I","incidenza dei giovani Neet di 15-34 anni (non occupati e non in istruzione)","2","femmine","Y25-29","25-29 anni","2019","2019",25.688537,,
"ITC","Nord-ovest","NEET_I","incidenza dei giovani Neet di 15-34 anni (non occupati e non in istruzione)","2","femmine","Y25-29","25-29 anni","2020","2020",29.625615,,
"ITC","Nord-ovest","NEET_I","incidenza dei giovani Neet di 15-34 anni (non occupati e non in istruzione)","2","femmine","Y25-29","25-29 anni","2021","2021",25.821152,,
"ITC","Nord-ovest","NEET_I","incidenza dei giovani Neet di 15-34 anni (non occupati e non in istruzione)","2","femmine","Y25-29","25-29 anni","2022","2022",23.590089,,
"ITC","Nord-ovest","NEET_I","incidenza dei giovani Neet di 15-34 anni (non occupati e non in istruzione)","2","femmine","Y25-29","25-29 anni","2023","2023",20.66371,,
"ITC","Nord-ovest","NEET_I","incidenza dei giovani Neet di 15-34 anni (non occupati e non in istruzione)","9","totale","Y25-29","25-29 anni","2018","2018",19.735225,,
"ITC","Nord-ovest","NEET_I","incidenza dei giovani Neet di 15-34 anni (non occupati e non in istruzione)","9","totale","Y25-29","25-29 anni","2019","2019",19.557572,,
"ITC","Nord-ovest","NEET_I","incidenza dei giovani Neet di 15-34 anni (non occupati e non in istruzione)","9","totale","Y25-29","25-29 anni","2020","2020",23.545702,,
"ITC","Nord-ovest","NEET_I","incidenza dei giovani Neet di 15-34 anni (non occupati e non in istruzione)","9","totale","Y25-29","25-29 anni","2021","2021",21.17043,,
"ITC","Nord-ovest","NEET_I","incidenza dei giovani Neet di 15-34 anni (non occupati e non in istruzione)","9","totale","Y25-29","25-29 anni","2022","2022",17.408649,,
"ITC","Nord-ovest","NEET_I","incidenza dei giovani Neet di 15-34 anni (non occupati e non in istruzione)","9","totale","Y25-29","25-29 anni","2023","2023",14.902721,,
"ITD","Nord-est","NEET_I","incidenza dei giovani Neet di 15-34 anni (non occupati e non in istruzione)","1","maschi","Y25-29","25-29 anni","2018","2018",11.436322,,
"ITD","Nord-est","NEET_I","incidenza dei giovani Neet di 15-34 anni (non occupati e non in istruzione)","1","maschi","Y25-29","25-29 anni","2019","2019",10.11016,,
"ITD","Nord-est","NEET_I","incidenza dei giovani Neet di 15-34 anni (non occupati e non in istruzione)","1","maschi","Y25-29","25-29 anni","2020","2020",14.889453,,
"ITD","Nord-est","NEET_I","incidenza dei giovani Neet di 15-34 anni (non occupati e non in istruzione)","1","maschi","Y25-29","25-29 anni","2021","2021",12.9398,,
"ITD","Nord-est","NEET_I","incidenza dei giovani Neet di 15-34 anni (non occupati e non in istruzione)","1","maschi","Y25-29","25-29 anni","2022","2022",10.776348,,
"ITD","Nord-est","NEET_I","incidenza dei giovani Neet di 15-34 anni (non occupati e non in istruzione)","1","maschi","Y25-29","25-29 anni","2023","2023",7.490806,,
"ITD","Nord-est","NEET_I","incidenza dei giovani Neet di 15-34 anni (non occupati e non in istruzione)","2","femmine","Y25-29","25-29 anni","2018","2018",24.280759,,
"ITD","Nord-est","NEET_I","incidenza dei giovani Neet di 15-34 anni (non occupati e non in istruzione)","2","femmine","Y25-29","25-29 anni","2019","2019",22.54515,,
"ITD","Nord-est","NEET_I","incidenza dei giovani Neet di 15-34 anni (non occupati e non in istruzione)","2","femmine","Y25-29","25-29 anni","2020","2020",25.619136,,
"ITD","Nord-est","NEET_I","incidenza dei giovani Neet di 15-34 anni (non occupati e non in istruzione)","2","femmine","Y25-29","25-29 anni","2021","2021",21.07772,,
"ITD","Nord-est","NEET_I","incidenza dei giovani Neet di 15-34 anni (non occupati e non in istruzione)","2","femmine","Y25-29","25-29 anni","2022","2022",19.927941,,
"ITD","Nord-est","NEET_I","incidenza dei giovani Neet di 15-34 anni (non occupati e non in istruzione)","2","femmine","Y25-29","25-29 anni","2023","2023",22.003871,,
"ITD","Nord-est","NEET_I","incidenza dei giovani Neet di 15-34 anni (non occupati e non in istruzione)","9","totale","Y25-29","25-29 anni","2018","2018",17.80494,,
"ITD","Nord-est","NEET_I","incidenza dei giovani Neet di 15-34 anni (non occupati e non in istruzione)","9","totale","Y25-29","25-29 anni","2019","2019",16.240427,,
"ITD","Nord-est","NEET_I","incidenza dei giovani Neet di 15-34 anni (non occupati e non in istruzione)","9","totale","Y25-29","25-29 anni","2020","2020",20.156571,,
"ITD","Nord-est","NEET_I","incidenza dei giovani Neet di 15-34 anni (non occupati e non in istruzione)","9","totale","Y25-29","25-29 anni","2021","2021",16.908218,,
"ITD","Nord-est","NEET_I","incidenza dei giovani Neet di 15-34 anni (non occupati e non in istruzione)","9","totale","Y25-29","25-29 anni","2022","2022",15.203344,,
"ITD","Nord-est","NEET_I","incidenza dei giovani Neet di 15-34 anni (non occupati e non in istruzione)","9","totale","Y25-29","25-29 anni","2023","2023",14.497005,,
"ITE","Centro","NEET_I","incidenza dei giovani Neet di 15-34 anni (non occupati e non in istruzione)","1","maschi","Y25-29","25-29 anni","2018","2018",23.654288,,
"ITE","Centro","NEET_I","incidenza dei giovani Neet di 15-34 anni (non occupati e non in istruzione)","1","maschi","Y25-29","25-29 anni","2019","2019",19.325847,,
"ITE","Centro","NEET_I","incidenza dei giovani Neet di 15-34 anni (non occupati e non in istruzione)","1","maschi","Y25-29","25-29 anni","2020","2020",21.877107,,
"ITE","Centro","NEET_I","incidenza dei giovani Neet di 15-34 anni (non occupati e non in istruzione)","1","maschi","Y25-29","25-29 anni","2021","2021",21.397587,,
"ITE","Centro","NEET_I","incidenza dei giovani Neet di 15-34 anni (non occupati e non in istruzione)","1","maschi","Y25-29","25-29 anni","2022","2022",16.961874,,
"ITE","Centro","NEET_I","incidenza dei giovani Neet di 15-34 anni (non occupati e non in istruzione)","1","maschi","Y25-29","25-29 anni","2023","2023",14.37551,,
"ITE","Centro","NEET_I","incidenza dei giovani Neet di 15-34 anni (non occupati e non in istruzione)","2","femmine","Y25-29","25-29 anni","2018","2018",30.127934,,
"ITE","Centro","NEET_I","incidenza dei giovani Neet di 15-34 anni (non occupati e non in istruzione)","2","femmine","Y25-29","25-29 anni","2019","2019",28.640396,,
"ITE","Centro","NEET_I","incidenza dei giovani Neet di 15-34 anni (non occupati e non in istruzione)","2","femmine","Y25-29","25-29 anni","2020","2020",33.300871,,
"ITE","Centro","NEET_I","incidenza dei giovani Neet di 15-34 anni (non occupati e non in istruzione)","2","femmine","Y25-29","25-29 anni","2021","2021",29.18042,,
"ITE","Centro","NEET_I","incidenza dei giovani Neet di 15-34 anni (non occupati e non in istruzione)","2","femmine","Y25-29","25-29 anni","2022","2022",23.308934,,
"ITE","Centro","NEET_I","incidenza dei giovani Neet di 15-34 anni (non occupati e non in istruzione)","2","femmine","Y25-29","25-29 anni","2023","2023",22.215564,,
"ITE","Centro","NEET_I","incidenza dei giovani Neet di 15-34 anni (non occupati e non in istruzione)","9","totale","Y25-29","25-29 anni","2018","2018",26.844331,,
"ITE","Centro","NEET_I","incidenza dei giovani Neet di 15-34 anni (non occupati e non in istruzione)","9","totale","Y25-29","25-29 anni","2019","2019",23.893485,,
"ITE","Centro","NEET_I","incidenza dei giovani Neet di 15-34 anni (non occupati e non in istruzione)","9","totale","Y25-29","25-29 anni","2020","2020",27.466204,,
"ITE","Centro","NEET_I","incidenza dei giovani Neet di 15-34 anni (non occupati e non in istruzione)","9","totale","Y25-29","25-29 anni","2021","2021",25.189167,,
"ITE","Centro","NEET_I","incidenza dei giovani Neet di 15-34 anni (non occupati e non in istruzione)","9","totale","Y25-29","25-29 anni","2022","2022",20.038481,,
"ITE","Centro","NEET_I","incidenza dei giovani Neet di 15-34 anni (non occupati e non in istruzione)","9","totale","Y25-29","25-29 anni","2023","2023",18.158584,,
"ITFG","Mezzogiorno","NEET_I","incidenza dei giovani Neet di 15-34 anni (non occupati e non in istruzione)","1","maschi","Y25-29","25-29 anni","2018","2018",40.912676,,
"ITFG","Mezzogiorno","NEET_I","incidenza dei giovani Neet di 15-34 anni (non occupati e non in istruzione)","1","maschi","Y25-29","25-29 anni","2019","2019",39.404354,,
"ITFG","Mezzogiorno","NEET_I","incidenza dei giovani Neet di 15-34 anni (non occupati e non in istruzione)","1","maschi","Y25-29","25-29 anni","2020","2020",40.021715,,
"ITFG","Mezzogiorno","NEET_I","incidenza dei giovani Neet di 15-34 anni (non occupati e non in istruzione)","1","maschi","Y25-29","25-29 anni","2021","2021",37.069003,,
"ITFG","Mezzogiorno","NEET_I","incidenza dei giovani Neet di 15-34 anni (non occupati e non in istruzione)","1","maschi","Y25-29","25-29 anni","2022","2022",33.820209,,
"ITFG","Mezzogiorno","NEET_I","incidenza dei giovani Neet di 15-34 anni (non occupati e non in istruzione)","1","maschi","Y25-29","25-29 anni","2023","2023",29.134939,,
"ITFG","Mezzogiorno","NEET_I","incidenza dei giovani Neet di 15-34 anni (non occupati e non in istruzione)","2","femmine","Y25-29","25-29 anni","2018","2018",49.832299,,
"ITFG","Mezzogiorno","NEET_I","incidenza dei giovani Neet di 15-34 anni (non occupati e non in istruzione)","2","femmine","Y25-29","25-29 anni","2019","2019",51.198985,,
"ITFG","Mezzogiorno","NEET_I","incidenza dei giovani Neet di 15-34 anni (non occupati e non in istruzione)","2","femmine","Y25-29","25-29 anni","2020","2020",53.070841,,
"ITFG","Mezzogiorno","NEET_I","incidenza dei giovani Neet di 15-34 anni (non occupati e non in istruzione)","2","femmine","Y25-29","25-29 anni","2021","2021",49.686954,,
"ITFG","Mezzogiorno","NEET_I","incidenza dei giovani Neet di 15-34 anni (non occupati e non in istruzione)","2","femmine","Y25-29","25-29 anni","2022","2022",43.72744,,
"ITFG","Mezzogiorno","NEET_I","incidenza dei giovani Neet di 15-34 anni (non occupati e non in istruzione)","2","femmine","Y25-29","25-29 anni","2023","2023",41.379684,,
"ITFG","Mezzogiorno","NEET_I","incidenza dei giovani Neet di 15-34 anni (non occupati e non in istruzione)","9","totale","Y25-29","25-29 anni","2018","2018",45.297453,,
"ITFG","Mezzogiorno","NEET_I","incidenza dei giovani Neet di 15-34 anni (non occupati e non in istruzione)","9","totale","Y25-29","25-29 anni","2019","2019",45.204631,,
"ITFG","Mezzogiorno","NEET_I","incidenza dei giovani Neet di 15-34 anni (non occupati e non in istruzione)","9","totale","Y25-29","25-29 anni","2020","2020",46.434098,,
"ITFG","Mezzogiorno","NEET_I","incidenza dei giovani Neet di 15-34 anni (non occupati e non in istruzione)","9","totale","Y25-29","25-29 anni","2021","2021",43.260859,,
"ITFG","Mezzogiorno","NEET_I","incidenza dei giovani Neet di 15-34 anni (non occupati e non in istruzione)","9","totale","Y25-29","25-29 anni","2022","2022",38.679121,,
"ITFG","Mezzogiorno","NEET_I","incidenza dei giovani Neet di 15-34 anni (non occupati e non in istruzione)","9","totale","Y25-29","25-29 anni","2023","2023",35.103561,,
