"ITTER107","Territorio","TIPO_DATO_FOL","Tipo dato","SEXISTAT1","Sesso","ETA1","Classe di età","CITTADINANZA","Cittadinanza","TIME","Seleziona periodo","Value","Flag Codes","Flags"
"IT","Italia","NEET_I","incidenza dei giovani Neet di 15-34 anni (non occupati e non in istruzione)","1","maschi","Y15-29","15-29 anni","ITL","italiano-a","2021","2021",20.899846,,
"IT","Italia","NEET_I","incidenza dei giovani Neet di 15-34 anni (non occupati e non in istruzione)","1","maschi","Y15-29","15-29 anni","ITL","italiano-a","2022","2022",17.474916,,
"IT","Italia","NEET_I","incidenza dei giovani Neet di 15-34 anni (non occupati e non in istruzione)","1","maschi","Y15-29","15-29 anni","ITL","italiano-a","2023","2023",14.245433,,
"IT","Italia","NEET_I","incidenza dei giovani Neet di 15-34 anni (non occupati e non in istruzione)","1","maschi","Y15-29","15-29 anni","ITL","italiano-a","2021-Q1","T1-2021",22.2507,,
"IT","Italia","NEET_I","incidenza dei giovani Neet di 15-34 anni (non occupati e non in istruzione)","1","maschi","Y15-29","15-29 anni","ITL","italiano-a","2021-Q2","T2-2021",20.686558,,
"IT","Italia","NEET_I","incidenza dei giovani Neet di 15-34 anni (non occupati e non in istruzione)","1","maschi","Y15-29","15-29 anni","ITL","italiano-a","2021-Q3","T3-2021",19.588841,,
"IT","Italia","NEET_I","incidenza dei giovani Neet di 15-34 anni (non occupati e non in istruzione)","1","maschi","Y15-29","15-29 anni","ITL","italiano-a","2021-Q4","T4-2021",21.071948,,
"IT","Italia","NEET_I","incidenza dei giovani Neet di 15-34 anni (non occupati e non in istruzione)","1","maschi","Y15-29","15-29 anni","ITL","italiano-a","2022-Q1","T1-2022",20.390321,,
"IT","Italia","NEET_I","incidenza dei giovani Neet di 15-34 anni (non occupati e non in istruzione)","1","maschi","Y15-29","15-29 anni","ITL","italiano-a","2022-Q2","T2-2022",17.419339,,
"IT","Italia","NEET_I","incidenza dei giovani Neet di 15-34 anni (non occupati e non in istruzione)","1","maschi","Y15-29","15-29 anni","ITL","italiano-a","2022-Q3","T3-2022",16.079084,,
"IT","Italia","NEET_I","incidenza dei giovani Neet di 15-34 anni (non occupati e non in istruzione)","1","maschi","Y15-29","15-29 anni","ITL","italiano-a","2022-Q4","T4-2022",16.008913,,
"IT","Italia","NEET_I","incidenza dei giovani Neet di 15-34 anni (non occupati e non in istruzione)","1","maschi","Y15-29","15-29 anni","ITL","italiano-a","2023-Q1","T1-2023",14.715418,,
"IT","Italia","NEET_I","incidenza dei giovani Neet di 15-34 anni (non occupati e non in istruzione)","1","maschi","Y15-29","15-29 anni","ITL","italiano-a","2023-Q2","T2-2023",14.350876,,
"IT","Italia","NEET_I","incidenza dei giovani Neet di 15-34 anni (non occupati e non in istruzione)","1","maschi","Y15-29","15-29 anni","ITL","italiano-a","2023-Q3","T3-2023",14.485317,,
"IT","Italia","NEET_I","incidenza dei giovani Neet di 15-34 anni (non occupati e non in istruzione)","1","maschi","Y15-29","15-29 anni","ITL","italiano-a","2023-Q4","T4-2023",13.433263,,
"IT","Italia","NEET_I","incidenza dei giovani Neet di 15-34 anni (non occupati e non in istruzione)","2","femmine","Y15-29","15-29 anni","ITL","italiano-a","2021","2021",23.048411,,
"IT","Italia","NEET_I","incidenza dei giovani Neet di 15-34 anni (non occupati e non in istruzione)","2","femmine","Y15-29","15-29 anni","ITL","italiano-a","2022","2022",18.520662,,
"IT","Italia","NEET_I","incidenza dei giovani Neet di 15-34 anni (non occupati e non in istruzione)","2","femmine","Y15-29","15-29 anni","ITL","italiano-a","2023","2023",16.007902,,
"IT","Italia","NEET_I","incidenza dei giovani Neet di 15-34 anni (non occupati e non in istruzione)","2","femmine","Y15-29","15-29 anni","ITL","italiano-a","2021-Q1","T1-2021",23.857521,,
"IT","Italia","NEET_I","incidenza dei giovani Neet di 15-34 anni (non occupati e non in istruzione)","2","femmine","Y15-29","15-29 anni","ITL","italiano-a","2021-Q2","T2-2021",22.482299,,
"IT","Italia","NEET_I","incidenza dei giovani Neet di 15-34 anni (non occupati e non in istruzione)","2","femmine","Y15-29","15-29 anni","ITL","italiano-a","2021-Q3","T3-2021",23.688287,,
"IT","Italia","NEET_I","incidenza dei giovani Neet di 15-34 anni (non occupati e non in istruzione)","2","femmine","Y15-29","15-29 anni","ITL","italiano-a","2021-Q4","T4-2021",22.160684,,
"IT","Italia","NEET_I","incidenza dei giovani Neet di 15-34 anni (non occupati e non in istruzione)","2","femmine","Y15-29","15-29 anni","ITL","italiano-a","2022-Q1","T1-2022",20.291765,,
"IT","Italia","NEET_I","incidenza dei giovani Neet di 15-34 anni (non occupati e non in istruzione)","2","femmine","Y15-29","15-29 anni","ITL","italiano-a","2022-Q2","T2-2022",19.112593,,
"IT","Italia","NEET_I","incidenza dei giovani Neet di 15-34 anni (non occupati e non in istruzione)","2","femmine","Y15-29","15-29 anni","ITL","italiano-a","2022-Q3","T3-2022",17.392314,,
"IT","Italia","NEET_I","incidenza dei giovani Neet di 15-34 anni (non occupati e non in istruzione)","2","femmine","Y15-29","15-29 anni","ITL","italiano-a","2022-Q4","T4-2022",17.281985,,
"IT","Italia","NEET_I","incidenza dei giovani Neet di 15-34 anni (non occupati e non in istruzione)","2","femmine","Y15-29","15-29 anni","ITL","italiano-a","2023-Q1","T1-2023",15.955592,,
"IT","Italia","NEET_I","incidenza dei giovani Neet di 15-34 anni (non occupati e non in istruzione)","2","femmine","Y15-29","15-29 anni","ITL","italiano-a","2023-Q2","T2-2023",15.349846,,
"IT","Italia","NEET_I","incidenza dei giovani Neet di 15-34 anni (non occupati e non in istruzione)","2","femmine","Y15-29","15-29 anni","ITL","italiano-a","2023-Q3","T3-2023",16.814413,,
"IT","Italia","NEET_I","incidenza dei giovani Neet di 15-34 anni (non occupati e non in istruzione)","2","femmine","Y15-29","15-29 anni","ITL","italiano-a","2023-Q4","T4-2023",15.910502,,
"IT","Italia","NEET_I","incidenza dei giovani Neet di 15-34 anni (non occupati e non in istruzione)","9","totale","Y15-29","15-29 anni","ITL","italiano-a","2021","2021",21.935824,,
"IT","Italia","NEET_I","incidenza dei giovani Neet di 15-34 anni (non occupati e non in istruzione)","9","totale","Y15-29","15-29 anni","ITL","italiano-a","2022","2022",17.979566,,
"IT","Italia","NEET_I","incidenza dei giovani Neet di 15-34 anni (non occupati e non in istruzione)","9","totale","Y15-29","15-29 anni","ITL","italiano-a","2023","2023",15.099356,,
"IT","Italia","NEET_I","incidenza dei giovani Neet di 15-34 anni (non occupati e non in istruzione)","9","totale","Y15-29","15-29 anni","ITL","italiano-a","2021-Q1","T1-2021",23.025965,,
"IT","Italia","NEET_I","incidenza dei giovani Neet di 15-34 anni (non occupati e non in istruzione)","9","totale","Y15-29","15-29 anni","ITL","italiano-a","2021-Q2","T2-2021",21.552689,,
"IT","Italia","NEET_I","incidenza dei giovani Neet di 15-34 anni (non occupati e non in istruzione)","9","totale","Y15-29","15-29 anni","ITL","italiano-a","2021-Q3","T3-2021",21.558847,,
"IT","Italia","NEET_I","incidenza dei giovani Neet di 15-34 anni (non occupati e non in istruzione)","9","totale","Y15-29","15-29 anni","ITL","italiano-a","2021-Q4","T4-2021",21.598135,,
"IT","Italia","NEET_I","incidenza dei giovani Neet di 15-34 anni (non occupati e non in istruzione)","9","totale","Y15-29","15-29 anni","ITL","italiano-a","2022-Q1","T1-2022",20.34273,,
"IT","Italia","NEET_I","incidenza dei giovani Neet di 15-34 anni (non occupati e non in istruzione)","9","totale","Y15-29","15-29 anni","ITL","italiano-a","2022-Q2","T2-2022",18.235419,,
"IT","Italia","NEET_I","incidenza dei giovani Neet di 15-34 anni (non occupati e non in istruzione)","9","totale","Y15-29","15-29 anni","ITL","italiano-a","2022-Q3","T3-2022",16.712257,,
"IT","Italia","NEET_I","incidenza dei giovani Neet di 15-34 anni (non occupati e non in istruzione)","9","totale","Y15-29","15-29 anni","ITL","italiano-a","2022-Q4","T4-2022",16.624148,,
"IT","Italia","NEET_I","incidenza dei giovani Neet di 15-34 anni (non occupati e non in istruzione)","9","totale","Y15-29","15-29 anni","ITL","italiano-a","2023-Q1","T1-2023",15.317497,,
"IT","Italia","NEET_I","incidenza dei giovani Neet di 15-34 anni (non occupati e non in istruzione)","9","totale","Y15-29","15-29 anni","ITL","italiano-a","2023-Q2","T2-2023",14.834853,,
"IT","Italia","NEET_I","incidenza dei giovani Neet di 15-34 anni (non occupati e non in istruzione)","9","totale","Y15-29","15-29 anni","ITL","italiano-a","2023-Q3","T3-2023",15.610854,,
"IT","Italia","NEET_I","incidenza dei giovani Neet di 15-34 anni (non occupati e non in istruzione)","9","totale","Y15-29","15-29 anni","ITL","italiano-a","2023-Q4","T4-2023",14.634182,,
"ITCD","Nord","NEET_I","incidenza dei giovani Neet di 15-34 anni (non occupati e non in istruzione)","1","maschi","Y15-29","15-29 anni","ITL","italiano-a","2021","2021",14.038937,,
"ITCD","Nord","NEET_I","incidenza dei giovani Neet di 15-34 anni (non occupati e non in istruzione)","1","maschi","Y15-29","15-29 anni","ITL","italiano-a","2022","2022",11.211326,,
"ITCD","Nord","NEET_I","incidenza dei giovani Neet di 15-34 anni (non occupati e non in istruzione)","1","maschi","Y15-29","15-29 anni","ITL","italiano-a","2023","2023",8.341319,,
"ITCD","Nord","NEET_I","incidenza dei giovani Neet di 15-34 anni (non occupati e non in istruzione)","2","femmine","Y15-29","15-29 anni","ITL","italiano-a","2021","2021",15.491364,,
"ITCD","Nord","NEET_I","incidenza dei giovani Neet di 15-34 anni (non occupati e non in istruzione)","2","femmine","Y15-29","15-29 anni","ITL","italiano-a","2022","2022",11.625654,,
"ITCD","Nord","NEET_I","incidenza dei giovani Neet di 15-34 anni (non occupati e non in istruzione)","2","femmine","Y15-29","15-29 anni","ITL","italiano-a","2023","2023",9.649053,,
"ITCD","Nord","NEET_I","incidenza dei giovani Neet di 15-34 anni (non occupati e non in istruzione)","9","totale","Y15-29","15-29 anni","ITL","italiano-a","2021","2021",14.730472,,
"ITCD","Nord","NEET_I","incidenza dei giovani Neet di 15-34 anni (non occupati e non in istruzione)","9","totale","Y15-29","15-29 anni","ITL","italiano-a","2022","2022",11.409346,,
"ITCD","Nord","NEET_I","incidenza dei giovani Neet di 15-34 anni (non occupati e non in istruzione)","9","totale","Y15-29","15-29 anni","ITL","italiano-a","2023","2023",8.970449,,
"ITC","Nord-ovest","NEET_I","incidenza dei giovani Neet di 15-34 anni (non occupati e non in istruzione)","1","maschi","Y15-29","15-29 anni","ITL","italiano-a","2021","2021",15.708628,,
"ITC","Nord-ovest","NEET_I","incidenza dei giovani Neet di 15-34 anni (non occupati e non in istruzione)","1","maschi","Y15-29","15-29 anni","ITL","italiano-a","2022","2022",11.662867,,
"ITC","Nord-ovest","NEET_I","incidenza dei giovani Neet di 15-34 anni (non occupati e non in istruzione)","1","maschi","Y15-29","15-29 anni","ITL","italiano-a","2023","2023",9.009825,,
"ITC","Nord-ovest","NEET_I","incidenza dei giovani Neet di 15-34 anni (non occupati e non in istruzione)","2","femmine","Y15-29","15-29 anni","ITL","italiano-a","2021","2021",16.768033,,
"ITC","Nord-ovest","NEET_I","incidenza dei giovani Neet di 15-34 anni (non occupati e non in istruzione)","2","femmine","Y15-29","15-29 anni","ITL","italiano-a","2022","2022",12.558865,,
"ITC","Nord-ovest","NEET_I","incidenza dei giovani Neet di 15-34 anni (non occupati e non in istruzione)","2","femmine","Y15-29","15-29 anni","ITL","italiano-a","2023","2023",9.540493,,
"ITC","Nord-ovest","NEET_I","incidenza dei giovani Neet di 15-34 anni (non occupati e non in istruzione)","9","totale","Y15-29","15-29 anni","ITL","italiano-a","2021","2021",16.212022,,
"ITC","Nord-ovest","NEET_I","incidenza dei giovani Neet di 15-34 anni (non occupati e non in istruzione)","9","totale","Y15-29","15-29 anni","ITL","italiano-a","2022","2022",12.090377,,
"ITC","Nord-ovest","NEET_I","incidenza dei giovani Neet di 15-34 anni (non occupati e non in istruzione)","9","totale","Y15-29","15-29 anni","ITL","italiano-a","2023","2023",9.266179,,
"ITD","Nord-est","NEET_I","incidenza dei giovani Neet di 15-34 anni (non occupati e non in istruzione)","1","maschi","Y15-29","15-29 anni","ITL","italiano-a","2021","2021",11.791343,,
"ITD","Nord-est","NEET_I","incidenza dei giovani Neet di 15-34 anni (non occupati e non in istruzione)","1","maschi","Y15-29","15-29 anni","ITL","italiano-a","2022","2022",10.591506,,
"ITD","Nord-est","NEET_I","incidenza dei giovani Neet di 15-34 anni (non occupati e non in istruzione)","1","maschi","Y15-29","15-29 anni","ITL","italiano-a","2023","2023",7.440603,,
"ITD","Nord-est","NEET_I","incidenza dei giovani Neet di 15-34 anni (non occupati e non in istruzione)","2","femmine","Y15-29","15-29 anni","ITL","italiano-a","2021","2021",13.788307,,
"ITD","Nord-est","NEET_I","incidenza dei giovani Neet di 15-34 anni (non occupati e non in istruzione)","2","femmine","Y15-29","15-29 anni","ITL","italiano-a","2022","2022",10.353483,,
"ITD","Nord-est","NEET_I","incidenza dei giovani Neet di 15-34 anni (non occupati e non in istruzione)","2","femmine","Y15-29","15-29 anni","ITL","italiano-a","2023","2023",9.7981,,
"ITD","Nord-est","NEET_I","incidenza dei giovani Neet di 15-34 anni (non occupati e non in istruzione)","9","totale","Y15-29","15-29 anni","ITL","italiano-a","2021","2021",12.744728,,
"ITD","Nord-est","NEET_I","incidenza dei giovani Neet di 15-34 anni (non occupati e non in istruzione)","9","totale","Y15-29","15-29 anni","ITL","italiano-a","2022","2022",10.477527,,
"ITD","Nord-est","NEET_I","incidenza dei giovani Neet di 15-34 anni (non occupati e non in istruzione)","9","totale","Y15-29","15-29 anni","ITL","italiano-a","2023","2023",8.56838,,
"ITE","Centro","NEET_I","incidenza dei giovani Neet di 15-34 anni (non occupati e non in istruzione)","1","maschi","Y15-29","15-29 anni","ITL","italiano-a","2021","2021",18.221276,,
"ITE","Centro","NEET_I","incidenza dei giovani Neet di 15-34 anni (non occupati e non in istruzione)","1","maschi","Y15-29","15-29 anni","ITL","italiano-a","2022","2022",13.804694,,
"ITE","Centro","NEET_I","incidenza dei giovani Neet di 15-34 anni (non occupati e non in istruzione)","1","maschi","Y15-29","15-29 anni","ITL","italiano-a","2023","2023",10.856005,,
"ITE","Centro","NEET_I","incidenza dei giovani Neet di 15-34 anni (non occupati e non in istruzione)","2","femmine","Y15-29","15-29 anni","ITL","italiano-a","2021","2021",17.760504,,
"ITE","Centro","NEET_I","incidenza dei giovani Neet di 15-34 anni (non occupati e non in istruzione)","2","femmine","Y15-29","15-29 anni","ITL","italiano-a","2022","2022",13.805394,,
"ITE","Centro","NEET_I","incidenza dei giovani Neet di 15-34 anni (non occupati e non in istruzione)","2","femmine","Y15-29","15-29 anni","ITL","italiano-a","2023","2023",10.821522,,
"ITE","Centro","NEET_I","incidenza dei giovani Neet di 15-34 anni (non occupati e non in istruzione)","9","totale","Y15-29","15-29 anni","ITL","italiano-a","2021","2021",17.998595,,
"ITE","Centro","NEET_I","incidenza dei giovani Neet di 15-34 anni (non occupati e non in istruzione)","9","totale","Y15-29","15-29 anni","ITL","italiano-a","2022","2022",13.805033,,
"ITE","Centro","NEET_I","incidenza dei giovani Neet di 15-34 anni (non occupati e non in istruzione)","9","totale","Y15-29","15-29 anni","ITL","italiano-a","2023","2023",10.839296,,
"ITFG","Mezzogiorno","NEET_I","incidenza dei giovani Neet di 15-34 anni (non occupati e non in istruzione)","1","maschi","Y15-29","15-29 anni","ITL","italiano-a","2021","2021",29.853848,,
"ITFG","Mezzogiorno","NEET_I","incidenza dei giovani Neet di 15-34 anni (non occupati e non in istruzione)","1","maschi","Y15-29","15-29 anni","ITL","italiano-a","2022","2022",26.43263,,
"ITFG","Mezzogiorno","NEET_I","incidenza dei giovani Neet di 15-34 anni (non occupati e non in istruzione)","1","maschi","Y15-29","15-29 anni","ITL","italiano-a","2023","2023",22.802253,,
"ITFG","Mezzogiorno","NEET_I","incidenza dei giovani Neet di 15-34 anni (non occupati e non in istruzione)","2","femmine","Y15-29","15-29 anni","ITL","italiano-a","2021","2021",33.56011,,
"ITFG","Mezzogiorno","NEET_I","incidenza dei giovani Neet di 15-34 anni (non occupati e non in istruzione)","2","femmine","Y15-29","15-29 anni","ITL","italiano-a","2022","2022",28.411076,,
"ITFG","Mezzogiorno","NEET_I","incidenza dei giovani Neet di 15-34 anni (non occupati e non in istruzione)","2","femmine","Y15-29","15-29 anni","ITL","italiano-a","2023","2023",25.721932,,
"ITFG","Mezzogiorno","NEET_I","incidenza dei giovani Neet di 15-34 anni (non occupati e non in istruzione)","9","totale","Y15-29","15-29 anni","ITL","italiano-a","2021","2021",31.663519,,
"ITFG","Mezzogiorno","NEET_I","incidenza dei giovani Neet di 15-34 anni (non occupati e non in istruzione)","9","totale","Y15-29","15-29 anni","ITL","italiano-a","2022","2022",27.39566,,
"ITFG","Mezzogiorno","NEET_I","incidenza dei giovani Neet di 15-34 anni (non occupati e non in istruzione)","9","totale","Y15-29","15-29 anni","ITL","italiano-a","2023","2023",24.228201,,
"IT","Italia","NEET_I","incidenza dei giovani Neet di 15-34 anni (non occupati e non in istruzione)","1","maschi","Y15-29","15-29 anni","FRG","straniero-a","2021","2021",24.174591,,
"IT","Italia","NEET_I","incidenza dei giovani Neet di 15-34 anni (non occupati e non in istruzione)","1","maschi","Y15-29","15-29 anni","FRG","straniero-a","2022","2022",19.757362,,
"IT","Italia","NEET_I","incidenza dei giovani Neet di 15-34 anni (non occupati e non in istruzione)","1","maschi","Y15-29","15-29 anni","FRG","straniero-a","2023","2023",15.704782,,
"IT","Italia","NEET_I","incidenza dei giovani Neet di 15-34 anni (non occupati e non in istruzione)","1","maschi","Y15-29","15-29 anni","FRG","straniero-a","2021-Q1","T1-2021",26.917687,,
"IT","Italia","NEET_I","incidenza dei giovani Neet di 15-34 anni (non occupati e non in istruzione)","1","maschi","Y15-29","15-29 anni","FRG","straniero-a","2021-Q2","T2-2021",26.121875,,
"IT","Italia","NEET_I","incidenza dei giovani Neet di 15-34 anni (non occupati e non in istruzione)","1","maschi","Y15-29","15-29 anni","FRG","straniero-a","2021-Q3","T3-2021",22.042592,,
"IT","Italia","NEET_I","incidenza dei giovani Neet di 15-34 anni (non occupati e non in istruzione)","1","maschi","Y15-29","15-29 anni","FRG","straniero-a","2021-Q4","T4-2021",22.000734,,
"IT","Italia","NEET_I","incidenza dei giovani Neet di 15-34 anni (non occupati e non in istruzione)","1","maschi","Y15-29","15-29 anni","FRG","straniero-a","2022-Q1","T1-2022",23.677131,,
"IT","Italia","NEET_I","incidenza dei giovani Neet di 15-34 anni (non occupati e non in istruzione)","1","maschi","Y15-29","15-29 anni","FRG","straniero-a","2022-Q2","T2-2022",20.462285,,
"IT","Italia","NEET_I","incidenza dei giovani Neet di 15-34 anni (non occupati e non in istruzione)","1","maschi","Y15-29","15-29 anni","FRG","straniero-a","2022-Q3","T3-2022",17.684649,,
"IT","Italia","NEET_I","incidenza dei giovani Neet di 15-34 anni (non occupati e non in istruzione)","1","maschi","Y15-29","15-29 anni","FRG","straniero-a","2022-Q4","T4-2022",17.152719,,
"IT","Italia","NEET_I","incidenza dei giovani Neet di 15-34 anni (non occupati e non in istruzione)","1","maschi","Y15-29","15-29 anni","FRG","straniero-a","2023-Q1","T1-2023",17.514875,,
"IT","Italia","NEET_I","incidenza dei giovani Neet di 15-34 anni (non occupati e non in istruzione)","1","maschi","Y15-29","15-29 anni","FRG","straniero-a","2023-Q2","T2-2023",15.916787,,
"IT","Italia","NEET_I","incidenza dei giovani Neet di 15-34 anni (non occupati e non in istruzione)","1","maschi","Y15-29","15-29 anni","FRG","straniero-a","2023-Q3","T3-2023",15.130626,,
"IT","Italia","NEET_I","incidenza dei giovani Neet di 15-34 anni (non occupati e non in istruzione)","1","maschi","Y15-29","15-29 anni","FRG","straniero-a","2023-Q4","T4-2023",14.219892,,
"IT","Italia","NEET_I","incidenza dei giovani Neet di 15-34 anni (non occupati e non in istruzione)","2","femmine","Y15-29","15-29 anni","FRG","straniero-a","2021","2021",42.007472,,
"IT","Italia","NEET_I","incidenza dei giovani Neet di 15-34 anni (non occupati e non in istruzione)","2","femmine","Y15-29","15-29 anni","FRG","straniero-a","2022","2022",37.874812,,
"IT","Italia","NEET_I","incidenza dei giovani Neet di 15-34 anni (non occupati e non in istruzione)","2","femmine","Y15-29","15-29 anni","FRG","straniero-a","2023","2023",35.800865,,
"IT","Italia","NEET_I","incidenza dei giovani Neet di 15-34 anni (non occupati e non in istruzione)","2","femmine","Y15-29","15-29 anni","FRG","straniero-a","2021-Q1","T1-2021",44.826713,,
"IT","Italia","NEET_I","incidenza dei giovani Neet di 15-34 anni (non occupati e non in istruzione)","2","femmine","Y15-29","15-29 anni","FRG","straniero-a","2021-Q2","T2-2021",42.217871,,
"IT","Italia","NEET_I","incidenza dei giovani Neet di 15-34 anni (non occupati e non in istruzione)","2","femmine","Y15-29","15-29 anni","FRG","straniero-a","2021-Q3","T3-2021",40.417077,,
"IT","Italia","NEET_I","incidenza dei giovani Neet di 15-34 anni (non occupati e non in istruzione)","2","femmine","Y15-29","15-29 anni","FRG","straniero-a","2021-Q4","T4-2021",40.755445,,
"IT","Italia","NEET_I","incidenza dei giovani Neet di 15-34 anni (non occupati e non in istruzione)","2","femmine","Y15-29","15-29 anni","FRG","straniero-a","2022-Q1","T1-2022",41.070396,,
"IT","Italia","NEET_I","incidenza dei giovani Neet di 15-34 anni (non occupati e non in istruzione)","2","femmine","Y15-29","15-29 anni","FRG","straniero-a","2022-Q2","T2-2022",38.766901,,
"IT","Italia","NEET_I","incidenza dei giovani Neet di 15-34 anni (non occupati e non in istruzione)","2","femmine","Y15-29","15-29 anni","FRG","straniero-a","2022-Q3","T3-2022",34.117909,,
"IT","Italia","NEET_I","incidenza dei giovani Neet di 15-34 anni (non occupati e non in istruzione)","2","femmine","Y15-29","15-29 anni","FRG","straniero-a","2022-Q4","T4-2022",37.536527,,
"IT","Italia","NEET_I","incidenza dei giovani Neet di 15-34 anni (non occupati e non in istruzione)","2","femmine","Y15-29","15-29 anni","FRG","straniero-a","2023-Q1","T1-2023",40.376617,,
"IT","Italia","NEET_I","incidenza dei giovani Neet di 15-34 anni (non occupati e non in istruzione)","2","femmine","Y15-29","15-29 anni","FRG","straniero-a","2023-Q2","T2-2023",32.331181,,
"IT","Italia","NEET_I","incidenza dei giovani Neet di 15-34 anni (non occupati e non in istruzione)","2","femmine","Y15-29","15-29 anni","FRG","straniero-a","2023-Q3","T3-2023",36.611207,,
"IT","Italia","NEET_I","incidenza dei giovani Neet di 15-34 anni (non occupati e non in istruzione)","2","femmine","Y15-29","15-29 anni","FRG","straniero-a","2023-Q4","T4-2023",34.113451,,
"IT","Italia","NEET_I","incidenza dei giovani Neet di 15-34 anni (non occupati e non in istruzione)","9","totale","Y15-29","15-29 anni","FRG","straniero-a","2021","2021",33.272793,,
"IT","Italia","NEET_I","incidenza dei giovani Neet di 15-34 anni (non occupati e non in istruzione)","9","totale","Y15-29","15-29 anni","FRG","straniero-a","2022","2022",28.785548,,
"IT","Italia","NEET_I","incidenza dei giovani Neet di 15-34 anni (non occupati e non in istruzione)","9","totale","Y15-29","15-29 anni","FRG","straniero-a","2023","2023",25.206882,,
"IT","Italia","NEET_I","incidenza dei giovani Neet di 15-34 anni (non occupati e non in istruzione)","9","totale","Y15-29","15-29 anni","FRG","straniero-a","2021-Q1","T1-2021",36.096773,,
"IT","Italia","NEET_I","incidenza dei giovani Neet di 15-34 anni (non occupati e non in istruzione)","9","totale","Y15-29","15-29 anni","FRG","straniero-a","2021-Q2","T2-2021",34.391493,,
"IT","Italia","NEET_I","incidenza dei giovani Neet di 15-34 anni (non occupati e non in istruzione)","9","totale","Y15-29","15-29 anni","FRG","straniero-a","2021-Q3","T3-2021",31.624726,,
"IT","Italia","NEET_I","incidenza dei giovani Neet di 15-34 anni (non occupati e non in istruzione)","9","totale","Y15-29","15-29 anni","FRG","straniero-a","2021-Q4","T4-2021",31.262024,,
"IT","Italia","NEET_I","incidenza dei giovani Neet di 15-34 anni (non occupati e non in istruzione)","9","totale","Y15-29","15-29 anni","FRG","straniero-a","2022-Q1","T1-2022",32.33647,,
"IT","Italia","NEET_I","incidenza dei giovani Neet di 15-34 anni (non occupati e non in istruzione)","9","totale","Y15-29","15-29 anni","FRG","straniero-a","2022-Q2","T2-2022",29.734957,,
"IT","Italia","NEET_I","incidenza dei giovani Neet di 15-34 anni (non occupati e non in istruzione)","9","totale","Y15-29","15-29 anni","FRG","straniero-a","2022-Q3","T3-2022",25.96884,,
"IT","Italia","NEET_I","incidenza dei giovani Neet di 15-34 anni (non occupati e non in istruzione)","9","totale","Y15-29","15-29 anni","FRG","straniero-a","2022-Q4","T4-2022",27.027152,,
"IT","Italia","NEET_I","incidenza dei giovani Neet di 15-34 anni (non occupati e non in istruzione)","9","totale","Y15-29","15-29 anni","FRG","straniero-a","2023-Q1","T1-2023",28.106354,,
"IT","Italia","NEET_I","incidenza dei giovani Neet di 15-34 anni (non occupati e non in istruzione)","9","totale","Y15-29","15-29 anni","FRG","straniero-a","2023-Q2","T2-2023",23.695075,,
"IT","Italia","NEET_I","incidenza dei giovani Neet di 15-34 anni (non occupati e non in istruzione)","9","totale","Y15-29","15-29 anni","FRG","straniero-a","2023-Q3","T3-2023",25.54979,,
"IT","Italia","NEET_I","incidenza dei giovani Neet di 15-34 anni (non occupati e non in istruzione)","9","totale","Y15-29","15-29 anni","FRG","straniero-a","2023-Q4","T4-2023",23.549249,,
"ITCD","Nord","NEET_I","incidenza dei giovani Neet di 15-34 anni (non occupati e non in istruzione)","1","maschi","Y15-29","15-29 anni","FRG","straniero-a","2021","2021",20.94358,,
"ITCD","Nord","NEET_I","incidenza dei giovani Neet di 15-34 anni (non occupati e non in istruzione)","1","maschi","Y15-29","15-29 anni","FRG","straniero-a","2022","2022",16.653156,,
"ITCD","Nord","NEET_I","incidenza dei giovani Neet di 15-34 anni (non occupati e non in istruzione)","1","maschi","Y15-29","15-29 anni","FRG","straniero-a","2023","2023",11.622695,,
"ITCD","Nord","NEET_I","incidenza dei giovani Neet di 15-34 anni (non occupati e non in istruzione)","2","femmine","Y15-29","15-29 anni","FRG","straniero-a","2021","2021",40.939819,,
"ITCD","Nord","NEET_I","incidenza dei giovani Neet di 15-34 anni (non occupati e non in istruzione)","2","femmine","Y15-29","15-29 anni","FRG","straniero-a","2022","2022",36.944667,,
"ITCD","Nord","NEET_I","incidenza dei giovani Neet di 15-34 anni (non occupati e non in istruzione)","2","femmine","Y15-29","15-29 anni","FRG","straniero-a","2023","2023",35.466922,,
"ITCD","Nord","NEET_I","incidenza dei giovani Neet di 15-34 anni (non occupati e non in istruzione)","9","totale","Y15-29","15-29 anni","FRG","straniero-a","2021","2021",31.681527,,
"ITCD","Nord","NEET_I","incidenza dei giovani Neet di 15-34 anni (non occupati e non in istruzione)","9","totale","Y15-29","15-29 anni","FRG","straniero-a","2022","2022",27.116605,,
"ITCD","Nord","NEET_I","incidenza dei giovani Neet di 15-34 anni (non occupati e non in istruzione)","9","totale","Y15-29","15-29 anni","FRG","straniero-a","2023","2023",23.325733,,
"ITC","Nord-ovest","NEET_I","incidenza dei giovani Neet di 15-34 anni (non occupati e non in istruzione)","1","maschi","Y15-29","15-29 anni","FRG","straniero-a","2021","2021",23.454171,,
"ITC","Nord-ovest","NEET_I","incidenza dei giovani Neet di 15-34 anni (non occupati e non in istruzione)","1","maschi","Y15-29","15-29 anni","FRG","straniero-a","2022","2022",16.680794,,
"ITC","Nord-ovest","NEET_I","incidenza dei giovani Neet di 15-34 anni (non occupati e non in istruzione)","1","maschi","Y15-29","15-29 anni","FRG","straniero-a","2023","2023",11.979311,,
"ITC","Nord-ovest","NEET_I","incidenza dei giovani Neet di 15-34 anni (non occupati e non in istruzione)","2","femmine","Y15-29","15-29 anni","FRG","straniero-a","2021","2021",42.989115,,
"ITC","Nord-ovest","NEET_I","incidenza dei giovani Neet di 15-34 anni (non occupati e non in istruzione)","2","femmine","Y15-29","15-29 anni","FRG","straniero-a","2022","2022",38.870028,,
"ITC","Nord-ovest","NEET_I","incidenza dei giovani Neet di 15-34 anni (non occupati e non in istruzione)","2","femmine","Y15-29","15-29 anni","FRG","straniero-a","2023","2023",34.520239,,
"ITC","Nord-ovest","NEET_I","incidenza dei giovani Neet di 15-34 anni (non occupati e non in istruzione)","9","totale","Y15-29","15-29 anni","FRG","straniero-a","2021","2021",34.050192,,
"ITC","Nord-ovest","NEET_I","incidenza dei giovani Neet di 15-34 anni (non occupati e non in istruzione)","9","totale","Y15-29","15-29 anni","FRG","straniero-a","2022","2022",28.32013,,
"ITC","Nord-ovest","NEET_I","incidenza dei giovani Neet di 15-34 anni (non occupati e non in istruzione)","9","totale","Y15-29","15-29 anni","FRG","straniero-a","2023","2023",22.74354,,
"ITD","Nord-est","NEET_I","incidenza dei giovani Neet di 15-34 anni (non occupati e non in istruzione)","1","maschi","Y15-29","15-29 anni","FRG","straniero-a","2021","2021",17.381686,,
"ITD","Nord-est","NEET_I","incidenza dei giovani Neet di 15-34 anni (non occupati e non in istruzione)","1","maschi","Y15-29","15-29 anni","FRG","straniero-a","2022","2022",16.619582,,
"ITD","Nord-est","NEET_I","incidenza dei giovani Neet di 15-34 anni (non occupati e non in istruzione)","1","maschi","Y15-29","15-29 anni","FRG","straniero-a","2023","2023",11.114777,,
"ITD","Nord-est","NEET_I","incidenza dei giovani Neet di 15-34 anni (non occupati e non in istruzione)","2","femmine","Y15-29","15-29 anni","FRG","straniero-a","2021","2021",37.87231,,
"ITD","Nord-est","NEET_I","incidenza dei giovani Neet di 15-34 anni (non occupati e non in istruzione)","2","femmine","Y15-29","15-29 anni","FRG","straniero-a","2022","2022",34.409402,,
"ITD","Nord-est","NEET_I","incidenza dei giovani Neet di 15-34 anni (non occupati e non in istruzione)","2","femmine","Y15-29","15-29 anni","FRG","straniero-a","2023","2023",36.659412,,
"ITD","Nord-est","NEET_I","incidenza dei giovani Neet di 15-34 anni (non occupati e non in istruzione)","9","totale","Y15-29","15-29 anni","FRG","straniero-a","2021","2021",28.223418,,
"ITD","Nord-est","NEET_I","incidenza dei giovani Neet di 15-34 anni (non occupati e non in istruzione)","9","totale","Y15-29","15-29 anni","FRG","straniero-a","2022","2022",25.592553,,
"ITD","Nord-est","NEET_I","incidenza dei giovani Neet di 15-34 anni (non occupati e non in istruzione)","9","totale","Y15-29","15-29 anni","FRG","straniero-a","2023","2023",24.107044,,
"ITE","Centro","NEET_I","incidenza dei giovani Neet di 15-34 anni (non occupati e non in istruzione)","1","maschi","Y15-29","15-29 anni","FRG","straniero-a","2021","2021",23.98524,,
"ITE","Centro","NEET_I","incidenza dei giovani Neet di 15-34 anni (non occupati e non in istruzione)","1","maschi","Y15-29","15-29 anni","FRG","straniero-a","2022","2022",18.55202,,
"ITE","Centro","NEET_I","incidenza dei giovani Neet di 15-34 anni (non occupati e non in istruzione)","1","maschi","Y15-29","15-29 anni","FRG","straniero-a","2023","2023",14.278291,,
"ITE","Centro","NEET_I","incidenza dei giovani Neet di 15-34 anni (non occupati e non in istruzione)","2","femmine","Y15-29","15-29 anni","FRG","straniero-a","2021","2021",37.456753,,
"ITE","Centro","NEET_I","incidenza dei giovani Neet di 15-34 anni (non occupati e non in istruzione)","2","femmine","Y15-29","15-29 anni","FRG","straniero-a","2022","2022",34.663984,,
"ITE","Centro","NEET_I","incidenza dei giovani Neet di 15-34 anni (non occupati e non in istruzione)","2","femmine","Y15-29","15-29 anni","FRG","straniero-a","2023","2023",32.613407,,
"ITE","Centro","NEET_I","incidenza dei giovani Neet di 15-34 anni (non occupati e non in istruzione)","9","totale","Y15-29","15-29 anni","FRG","straniero-a","2021","2021",30.518859,,
"ITE","Centro","NEET_I","incidenza dei giovani Neet di 15-34 anni (non occupati e non in istruzione)","9","totale","Y15-29","15-29 anni","FRG","straniero-a","2022","2022",26.107319,,
"ITE","Centro","NEET_I","incidenza dei giovani Neet di 15-34 anni (non occupati e non in istruzione)","9","totale","Y15-29","15-29 anni","FRG","straniero-a","2023","2023",22.795275,,
"ITFG","Mezzogiorno","NEET_I","incidenza dei giovani Neet di 15-34 anni (non occupati e non in istruzione)","1","maschi","Y15-29","15-29 anni","FRG","straniero-a","2021","2021",34.081226,,
"ITFG","Mezzogiorno","NEET_I","incidenza dei giovani Neet di 15-34 anni (non occupati e non in istruzione)","1","maschi","Y15-29","15-29 anni","FRG","straniero-a","2022","2022",33.099362,,
"ITFG","Mezzogiorno","NEET_I","incidenza dei giovani Neet di 15-34 anni (non occupati e non in istruzione)","1","maschi","Y15-29","15-29 anni","FRG","straniero-a","2023","2023",32.059812,,
"ITFG","Mezzogiorno","NEET_I","incidenza dei giovani Neet di 15-34 anni (non occupati e non in istruzione)","2","femmine","Y15-29","15-29 anni","FRG","straniero-a","2021","2021",53.385041,,
"ITFG","Mezzogiorno","NEET_I","incidenza dei giovani Neet di 15-34 anni (non occupati e non in istruzione)","2","femmine","Y15-29","15-29 anni","FRG","straniero-a","2022","2022",46.902101,,
"ITFG","Mezzogiorno","NEET_I","incidenza dei giovani Neet di 15-34 anni (non occupati e non in istruzione)","2","femmine","Y15-29","15-29 anni","FRG","straniero-a","2023","2023",43.052713,,
"ITFG","Mezzogiorno","NEET_I","incidenza dei giovani Neet di 15-34 anni (non occupati e non in istruzione)","9","totale","Y15-29","15-29 anni","FRG","straniero-a","2021","2021",42.774175,,
"ITFG","Mezzogiorno","NEET_I","incidenza dei giovani Neet di 15-34 anni (non occupati e non in istruzione)","9","totale","Y15-29","15-29 anni","FRG","straniero-a","2022","2022",39.669712,,
"ITFG","Mezzogiorno","NEET_I","incidenza dei giovani Neet di 15-34 anni (non occupati e non in istruzione)","9","totale","Y15-29","15-29 anni","FRG","straniero-a","2023","2023",36.603159,,
"IT","Italia","NEET_I","incidenza dei giovani Neet di 15-34 anni (non occupati e non in istruzione)","1","maschi","Y15-29","15-29 anni","TOTAL","totale","2021","2021",21.210573,,
"IT","Italia","NEET_I","incidenza dei giovani Neet di 15-34 anni (non occupati e non in istruzione)","1","maschi","Y15-29","15-29 anni","TOTAL","totale","2022","2022",17.692124,,
"IT","Italia","NEET_I","incidenza dei giovani Neet di 15-34 anni (non occupati e non in istruzione)","1","maschi","Y15-29","15-29 anni","TOTAL","totale","2023","2023",14.38645,,
"IT","Italia","NEET_I","incidenza dei giovani Neet di 15-34 anni (non occupati e non in istruzione)","1","maschi","Y15-29","15-29 anni","TOTAL","totale","2021-Q1","T1-2021",22.675539,,
"IT","Italia","NEET_I","incidenza dei giovani Neet di 15-34 anni (non occupati e non in istruzione)","1","maschi","Y15-29","15-29 anni","TOTAL","totale","2021-Q2","T2-2021",21.179142,,
"IT","Italia","NEET_I","incidenza dei giovani Neet di 15-34 anni (non occupati e non in istruzione)","1","maschi","Y15-29","15-29 anni","TOTAL","totale","2021-Q3","T3-2021",19.820723,,
"IT","Italia","NEET_I","incidenza dei giovani Neet di 15-34 anni (non occupati e non in istruzione)","1","maschi","Y15-29","15-29 anni","TOTAL","totale","2021-Q4","T4-2021",21.167983,,
"IT","Italia","NEET_I","incidenza dei giovani Neet di 15-34 anni (non occupati e non in istruzione)","1","maschi","Y15-29","15-29 anni","TOTAL","totale","2022-Q1","T1-2022",20.709059,,
"IT","Italia","NEET_I","incidenza dei giovani Neet di 15-34 anni (non occupati e non in istruzione)","1","maschi","Y15-29","15-29 anni","TOTAL","totale","2022-Q2","T2-2022",17.701686,,
"IT","Italia","NEET_I","incidenza dei giovani Neet di 15-34 anni (non occupati e non in istruzione)","1","maschi","Y15-29","15-29 anni","TOTAL","totale","2022-Q3","T3-2022",16.231216,,
"IT","Italia","NEET_I","incidenza dei giovani Neet di 15-34 anni (non occupati e non in istruzione)","1","maschi","Y15-29","15-29 anni","TOTAL","totale","2022-Q4","T4-2022",16.118838,,
"IT","Italia","NEET_I","incidenza dei giovani Neet di 15-34 anni (non occupati e non in istruzione)","1","maschi","Y15-29","15-29 anni","TOTAL","totale","2023-Q1","T1-2023",14.987202,,
"IT","Italia","NEET_I","incidenza dei giovani Neet di 15-34 anni (non occupati e non in istruzione)","1","maschi","Y15-29","15-29 anni","TOTAL","totale","2023-Q2","T2-2023",14.507029,,
"IT","Italia","NEET_I","incidenza dei giovani Neet di 15-34 anni (non occupati e non in istruzione)","1","maschi","Y15-29","15-29 anni","TOTAL","totale","2023-Q3","T3-2023",14.545881,,
"IT","Italia","NEET_I","incidenza dei giovani Neet di 15-34 anni (non occupati e non in istruzione)","1","maschi","Y15-29","15-29 anni","TOTAL","totale","2023-Q4","T4-2023",13.508647,,
"IT","Italia","NEET_I","incidenza dei giovani Neet di 15-34 anni (non occupati e non in istruzione)","2","femmine","Y15-29","15-29 anni","TOTAL","totale","2021","2021",25.038407,,
"IT","Italia","NEET_I","incidenza dei giovani Neet di 15-34 anni (non occupati e non in istruzione)","2","femmine","Y15-29","15-29 anni","TOTAL","totale","2022","2022",20.469958,,
"IT","Italia","NEET_I","incidenza dei giovani Neet di 15-34 anni (non occupati e non in istruzione)","2","femmine","Y15-29","15-29 anni","TOTAL","totale","2023","2023",17.8412,,
"IT","Italia","NEET_I","incidenza dei giovani Neet di 15-34 anni (non occupati e non in istruzione)","2","femmine","Y15-29","15-29 anni","TOTAL","totale","2021-Q1","T1-2021",25.985472,,
"IT","Italia","NEET_I","incidenza dei giovani Neet di 15-34 anni (non occupati e non in istruzione)","2","femmine","Y15-29","15-29 anni","TOTAL","totale","2021-Q2","T2-2021",24.486291,,
"IT","Italia","NEET_I","incidenza dei giovani Neet di 15-34 anni (non occupati e non in istruzione)","2","femmine","Y15-29","15-29 anni","TOTAL","totale","2021-Q3","T3-2021",25.519762,,
"IT","Italia","NEET_I","incidenza dei giovani Neet di 15-34 anni (non occupati e non in istruzione)","2","femmine","Y15-29","15-29 anni","TOTAL","totale","2021-Q4","T4-2021",24.157086,,
"IT","Italia","NEET_I","incidenza dei giovani Neet di 15-34 anni (non occupati e non in istruzione)","2","femmine","Y15-29","15-29 anni","TOTAL","totale","2022-Q1","T1-2022",22.418394,,
"IT","Italia","NEET_I","incidenza dei giovani Neet di 15-34 anni (non occupati e non in istruzione)","2","femmine","Y15-29","15-29 anni","TOTAL","totale","2022-Q2","T2-2022",21.105859,,
"IT","Italia","NEET_I","incidenza dei giovani Neet di 15-34 anni (non occupati e non in istruzione)","2","femmine","Y15-29","15-29 anni","TOTAL","totale","2022-Q3","T3-2022",19.107694,,
"IT","Italia","NEET_I","incidenza dei giovani Neet di 15-34 anni (non occupati e non in istruzione)","2","femmine","Y15-29","15-29 anni","TOTAL","totale","2022-Q4","T4-2022",19.23671,,
"IT","Italia","NEET_I","incidenza dei giovani Neet di 15-34 anni (non occupati e non in istruzione)","2","femmine","Y15-29","15-29 anni","TOTAL","totale","2023-Q1","T1-2023",18.142617,,
"IT","Italia","NEET_I","incidenza dei giovani Neet di 15-34 anni (non occupati e non in istruzione)","2","femmine","Y15-29","15-29 anni","TOTAL","totale","2023-Q2","T2-2023",16.97955,,
"IT","Italia","NEET_I","incidenza dei giovani Neet di 15-34 anni (non occupati e non in istruzione)","2","femmine","Y15-29","15-29 anni","TOTAL","totale","2023-Q3","T3-2023",18.684557,,
"IT","Italia","NEET_I","incidenza dei giovani Neet di 15-34 anni (non occupati e non in istruzione)","2","femmine","Y15-29","15-29 anni","TOTAL","totale","2023-Q4","T4-2023",17.557952,,
"IT","Italia","NEET_I","incidenza dei giovani Neet di 15-34 anni (non occupati e non in istruzione)","9","totale","Y15-29","15-29 anni","TOTAL","totale","2021","2021",23.066929,,
"IT","Italia","NEET_I","incidenza dei giovani Neet di 15-34 anni (non occupati e non in istruzione)","9","totale","Y15-29","15-29 anni","TOTAL","totale","2022","2022",19.036906,,
"IT","Italia","NEET_I","incidenza dei giovani Neet di 15-34 anni (non occupati e non in istruzione)","9","totale","Y15-29","15-29 anni","TOTAL","totale","2023","2023",16.056448,,
"IT","Italia","NEET_I","incidenza dei giovani Neet di 15-34 anni (non occupati e non in istruzione)","9","totale","Y15-29","15-29 anni","TOTAL","totale","2021-Q1","T1-2021",24.282109,,
"IT","Italia","NEET_I","incidenza dei giovani Neet di 15-34 anni (non occupati e non in istruzione)","9","totale","Y15-29","15-29 anni","TOTAL","totale","2021-Q2","T2-2021",22.784235,,
"IT","Italia","NEET_I","incidenza dei giovani Neet di 15-34 anni (non occupati e non in istruzione)","9","totale","Y15-29","15-29 anni","TOTAL","totale","2021-Q3","T3-2021",22.583158,,
"IT","Italia","NEET_I","incidenza dei giovani Neet di 15-34 anni (non occupati e non in istruzione)","9","totale","Y15-29","15-29 anni","TOTAL","totale","2021-Q4","T4-2021",22.615927,,
"IT","Italia","NEET_I","incidenza dei giovani Neet di 15-34 anni (non occupati e non in istruzione)","9","totale","Y15-29","15-29 anni","TOTAL","totale","2022-Q1","T1-2022",21.537065,,
"IT","Italia","NEET_I","incidenza dei giovani Neet di 15-34 anni (non occupati e non in istruzione)","9","totale","Y15-29","15-29 anni","TOTAL","totale","2022-Q2","T2-2022",19.350483,,
"IT","Italia","NEET_I","incidenza dei giovani Neet di 15-34 anni (non occupati e non in istruzione)","9","totale","Y15-29","15-29 anni","TOTAL","totale","2022-Q3","T3-2022",17.624353,,
"IT","Italia","NEET_I","incidenza dei giovani Neet di 15-34 anni (non occupati e non in istruzione)","9","totale","Y15-29","15-29 anni","TOTAL","totale","2022-Q4","T4-2022",17.625952,,
"IT","Italia","NEET_I","incidenza dei giovani Neet di 15-34 anni (non occupati e non in istruzione)","9","totale","Y15-29","15-29 anni","TOTAL","totale","2023-Q1","T1-2023",16.512547,,
"IT","Italia","NEET_I","incidenza dei giovani Neet di 15-34 anni (non occupati e non in istruzione)","9","totale","Y15-29","15-29 anni","TOTAL","totale","2023-Q2","T2-2023",15.702338,,
"IT","Italia","NEET_I","incidenza dei giovani Neet di 15-34 anni (non occupati e non in istruzione)","9","totale","Y15-29","15-29 anni","TOTAL","totale","2023-Q3","T3-2023",16.5466,,
"IT","Italia","NEET_I","incidenza dei giovani Neet di 15-34 anni (non occupati e non in istruzione)","9","totale","Y15-29","15-29 anni","TOTAL","totale","2023-Q4","T4-2023",15.465704,,
"ITCD","Nord","NEET_I","incidenza dei giovani Neet di 15-34 anni (non occupati e non in istruzione)","1","maschi","Y15-29","15-29 anni","TOTAL","totale","2021","2021",14.86908,,
"ITCD","Nord","NEET_I","incidenza dei giovani Neet di 15-34 anni (non occupati e non in istruzione)","1","maschi","Y15-29","15-29 anni","TOTAL","totale","2022","2022",11.88212,,
"ITCD","Nord","NEET_I","incidenza dei giovani Neet di 15-34 anni (non occupati e non in istruzione)","1","maschi","Y15-29","15-29 anni","TOTAL","totale","2023","2023",8.752831,,
"ITCD","Nord","NEET_I","incidenza dei giovani Neet di 15-34 anni (non occupati e non in istruzione)","1","maschi","Y15-29","15-29 anni","TOTAL","totale","2021-Q1","T1-2021",15.247268,,
"ITCD","Nord","NEET_I","incidenza dei giovani Neet di 15-34 anni (non occupati e non in istruzione)","1","maschi","Y15-29","15-29 anni","TOTAL","totale","2021-Q2","T2-2021",14.731814,,
"ITCD","Nord","NEET_I","incidenza dei giovani Neet di 15-34 anni (non occupati e non in istruzione)","1","maschi","Y15-29","15-29 anni","TOTAL","totale","2021-Q3","T3-2021",14.464202,,
"ITCD","Nord","NEET_I","incidenza dei giovani Neet di 15-34 anni (non occupati e non in istruzione)","1","maschi","Y15-29","15-29 anni","TOTAL","totale","2021-Q4","T4-2021",15.032506,,
"ITCD","Nord","NEET_I","incidenza dei giovani Neet di 15-34 anni (non occupati e non in istruzione)","1","maschi","Y15-29","15-29 anni","TOTAL","totale","2022-Q1","T1-2022",14.714356,,
"ITCD","Nord","NEET_I","incidenza dei giovani Neet di 15-34 anni (non occupati e non in istruzione)","1","maschi","Y15-29","15-29 anni","TOTAL","totale","2022-Q2","T2-2022",12.300727,,
"ITCD","Nord","NEET_I","incidenza dei giovani Neet di 15-34 anni (non occupati e non in istruzione)","1","maschi","Y15-29","15-29 anni","TOTAL","totale","2022-Q3","T3-2022",10.916194,,
"ITCD","Nord","NEET_I","incidenza dei giovani Neet di 15-34 anni (non occupati e non in istruzione)","1","maschi","Y15-29","15-29 anni","TOTAL","totale","2022-Q4","T4-2022",9.599866,,
"ITCD","Nord","NEET_I","incidenza dei giovani Neet di 15-34 anni (non occupati e non in istruzione)","1","maschi","Y15-29","15-29 anni","TOTAL","totale","2023-Q1","T1-2023",8.636181,,
"ITCD","Nord","NEET_I","incidenza dei giovani Neet di 15-34 anni (non occupati e non in istruzione)","1","maschi","Y15-29","15-29 anni","TOTAL","totale","2023-Q2","T2-2023",9.064489,,
"ITCD","Nord","NEET_I","incidenza dei giovani Neet di 15-34 anni (non occupati e non in istruzione)","1","maschi","Y15-29","15-29 anni","TOTAL","totale","2023-Q3","T3-2023",9.54295,,
"ITCD","Nord","NEET_I","incidenza dei giovani Neet di 15-34 anni (non occupati e non in istruzione)","1","maschi","Y15-29","15-29 anni","TOTAL","totale","2023-Q4","T4-2023",7.771305,,
"ITCD","Nord","NEET_I","incidenza dei giovani Neet di 15-34 anni (non occupati e non in istruzione)","2","femmine","Y15-29","15-29 anni","TOTAL","totale","2021","2021",19.270478,,
"ITCD","Nord","NEET_I","incidenza dei giovani Neet di 15-34 anni (non occupati e non in istruzione)","2","femmine","Y15-29","15-29 anni","TOTAL","totale","2022","2022",15.184591,,
"ITCD","Nord","NEET_I","incidenza dei giovani Neet di 15-34 anni (non occupati e non in istruzione)","2","femmine","Y15-29","15-29 anni","TOTAL","totale","2023","2023",12.998362,,
"ITCD","Nord","NEET_I","incidenza dei giovani Neet di 15-34 anni (non occupati e non in istruzione)","2","femmine","Y15-29","15-29 anni","TOTAL","totale","2021-Q1","T1-2021",19.225132,,
"ITCD","Nord","NEET_I","incidenza dei giovani Neet di 15-34 anni (non occupati e non in istruzione)","2","femmine","Y15-29","15-29 anni","TOTAL","totale","2021-Q2","T2-2021",18.715653,,
"ITCD","Nord","NEET_I","incidenza dei giovani Neet di 15-34 anni (non occupati e non in istruzione)","2","femmine","Y15-29","15-29 anni","TOTAL","totale","2021-Q3","T3-2021",20.151657,,
"ITCD","Nord","NEET_I","incidenza dei giovani Neet di 15-34 anni (non occupati e non in istruzione)","2","femmine","Y15-29","15-29 anni","TOTAL","totale","2021-Q4","T4-2021",18.990108,,
"ITCD","Nord","NEET_I","incidenza dei giovani Neet di 15-34 anni (non occupati e non in istruzione)","2","femmine","Y15-29","15-29 anni","TOTAL","totale","2022-Q1","T1-2022",17.36045,,
"ITCD","Nord","NEET_I","incidenza dei giovani Neet di 15-34 anni (non occupati e non in istruzione)","2","femmine","Y15-29","15-29 anni","TOTAL","totale","2022-Q2","T2-2022",15.677363,,
"ITCD","Nord","NEET_I","incidenza dei giovani Neet di 15-34 anni (non occupati e non in istruzione)","2","femmine","Y15-29","15-29 anni","TOTAL","totale","2022-Q3","T3-2022",14.316543,,
"ITCD","Nord","NEET_I","incidenza dei giovani Neet di 15-34 anni (non occupati e non in istruzione)","2","femmine","Y15-29","15-29 anni","TOTAL","totale","2022-Q4","T4-2022",13.379942,,
"ITCD","Nord","NEET_I","incidenza dei giovani Neet di 15-34 anni (non occupati e non in istruzione)","2","femmine","Y15-29","15-29 anni","TOTAL","totale","2023-Q1","T1-2023",12.854611,,
"ITCD","Nord","NEET_I","incidenza dei giovani Neet di 15-34 anni (non occupati e non in istruzione)","2","femmine","Y15-29","15-29 anni","TOTAL","totale","2023-Q2","T2-2023",12.822799,,
"ITCD","Nord","NEET_I","incidenza dei giovani Neet di 15-34 anni (non occupati e non in istruzione)","2","femmine","Y15-29","15-29 anni","TOTAL","totale","2023-Q3","T3-2023",13.932586,,
"ITCD","Nord","NEET_I","incidenza dei giovani Neet di 15-34 anni (non occupati e non in istruzione)","2","femmine","Y15-29","15-29 anni","TOTAL","totale","2023-Q4","T4-2023",12.383567,,
"ITCD","Nord","NEET_I","incidenza dei giovani Neet di 15-34 anni (non occupati e non in istruzione)","9","totale","Y15-29","15-29 anni","TOTAL","totale","2021","2021",17.000545,,
"ITCD","Nord","NEET_I","incidenza dei giovani Neet di 15-34 anni (non occupati e non in istruzione)","9","totale","Y15-29","15-29 anni","TOTAL","totale","2022","2022",13.476692,,
"ITCD","Nord","NEET_I","incidenza dei giovani Neet di 15-34 anni (non occupati e non in istruzione)","9","totale","Y15-29","15-29 anni","TOTAL","totale","2023","2023",10.800537,,
"ITCD","Nord","NEET_I","incidenza dei giovani Neet di 15-34 anni (non occupati e non in istruzione)","9","totale","Y15-29","15-29 anni","TOTAL","totale","2021-Q1","T1-2021",17.176174,,
"ITCD","Nord","NEET_I","incidenza dei giovani Neet di 15-34 anni (non occupati e non in istruzione)","9","totale","Y15-29","15-29 anni","TOTAL","totale","2021-Q2","T2-2021",16.663448,,
"ITCD","Nord","NEET_I","incidenza dei giovani Neet di 15-34 anni (non occupati e non in istruzione)","9","totale","Y15-29","15-29 anni","TOTAL","totale","2021-Q3","T3-2021",17.21839,,
"ITCD","Nord","NEET_I","incidenza dei giovani Neet di 15-34 anni (non occupati e non in istruzione)","9","totale","Y15-29","15-29 anni","TOTAL","totale","2021-Q4","T4-2021",16.944343,,
"ITCD","Nord","NEET_I","incidenza dei giovani Neet di 15-34 anni (non occupati e non in istruzione)","9","totale","Y15-29","15-29 anni","TOTAL","totale","2022-Q1","T1-2022",15.99268,,
"ITCD","Nord","NEET_I","incidenza dei giovani Neet di 15-34 anni (non occupati e non in istruzione)","9","totale","Y15-29","15-29 anni","TOTAL","totale","2022-Q2","T2-2022",13.931661,,
"ITCD","Nord","NEET_I","incidenza dei giovani Neet di 15-34 anni (non occupati e non in istruzione)","9","totale","Y15-29","15-29 anni","TOTAL","totale","2022-Q3","T3-2022",12.55853,,
"ITCD","Nord","NEET_I","incidenza dei giovani Neet di 15-34 anni (non occupati e non in istruzione)","9","totale","Y15-29","15-29 anni","TOTAL","totale","2022-Q4","T4-2022",11.422816,,
"ITCD","Nord","NEET_I","incidenza dei giovani Neet di 15-34 anni (non occupati e non in istruzione)","9","totale","Y15-29","15-29 anni","TOTAL","totale","2023-Q1","T1-2023",10.670916,,
"ITCD","Nord","NEET_I","incidenza dei giovani Neet di 15-34 anni (non occupati e non in istruzione)","9","totale","Y15-29","15-29 anni","TOTAL","totale","2023-Q2","T2-2023",10.877645,,
"ITCD","Nord","NEET_I","incidenza dei giovani Neet di 15-34 anni (non occupati e non in istruzione)","9","totale","Y15-29","15-29 anni","TOTAL","totale","2023-Q3","T3-2023",11.660353,,
"ITCD","Nord","NEET_I","incidenza dei giovani Neet di 15-34 anni (non occupati e non in istruzione)","9","totale","Y15-29","15-29 anni","TOTAL","totale","2023-Q4","T4-2023",9.995141,,
"ITC","Nord-ovest","NEET_I","incidenza dei giovani Neet di 15-34 anni (non occupati e non in istruzione)","1","maschi","Y15-29","15-29 anni","TOTAL","totale","2021","2021",16.658099,,
"ITC","Nord-ovest","NEET_I","incidenza dei giovani Neet di 15-34 anni (non occupati e non in istruzione)","1","maschi","Y15-29","15-29 anni","TOTAL","totale","2022","2022",12.253073,,
"ITC","Nord-ovest","NEET_I","incidenza dei giovani Neet di 15-34 anni (non occupati e non in istruzione)","1","maschi","Y15-29","15-29 anni","TOTAL","totale","2023","2023",9.390083,,
"ITC","Nord-ovest","NEET_I","incidenza dei giovani Neet di 15-34 anni (non occupati e non in istruzione)","1","maschi","Y15-29","15-29 anni","TOTAL","totale","2021-Q1","T1-2021",17.147982,,
"ITC","Nord-ovest","NEET_I","incidenza dei giovani Neet di 15-34 anni (non occupati e non in istruzione)","1","maschi","Y15-29","15-29 anni","TOTAL","totale","2021-Q2","T2-2021",16.899099,,
"ITC","Nord-ovest","NEET_I","incidenza dei giovani Neet di 15-34 anni (non occupati e non in istruzione)","1","maschi","Y15-29","15-29 anni","TOTAL","totale","2021-Q3","T3-2021",16.872028,,
"ITC","Nord-ovest","NEET_I","incidenza dei giovani Neet di 15-34 anni (non occupati e non in istruzione)","1","maschi","Y15-29","15-29 anni","TOTAL","totale","2021-Q4","T4-2021",15.722726,,
"ITC","Nord-ovest","NEET_I","incidenza dei giovani Neet di 15-34 anni (non occupati e non in istruzione)","1","maschi","Y15-29","15-29 anni","TOTAL","totale","2022-Q1","T1-2022",14.598627,,
"ITC","Nord-ovest","NEET_I","incidenza dei giovani Neet di 15-34 anni (non occupati e non in istruzione)","1","maschi","Y15-29","15-29 anni","TOTAL","totale","2022-Q2","T2-2022",12.144443,,
"ITC","Nord-ovest","NEET_I","incidenza dei giovani Neet di 15-34 anni (non occupati e non in istruzione)","1","maschi","Y15-29","15-29 anni","TOTAL","totale","2022-Q3","T3-2022",11.729552,,
"ITC","Nord-ovest","NEET_I","incidenza dei giovani Neet di 15-34 anni (non occupati e non in istruzione)","1","maschi","Y15-29","15-29 anni","TOTAL","totale","2022-Q4","T4-2022",10.544874,,
"ITC","Nord-ovest","NEET_I","incidenza dei giovani Neet di 15-34 anni (non occupati e non in istruzione)","1","maschi","Y15-29","15-29 anni","TOTAL","totale","2023-Q1","T1-2023",8.610287,,
"ITC","Nord-ovest","NEET_I","incidenza dei giovani Neet di 15-34 anni (non occupati e non in istruzione)","1","maschi","Y15-29","15-29 anni","TOTAL","totale","2023-Q2","T2-2023",9.643732,,
"ITC","Nord-ovest","NEET_I","incidenza dei giovani Neet di 15-34 anni (non occupati e non in istruzione)","1","maschi","Y15-29","15-29 anni","TOTAL","totale","2023-Q3","T3-2023",10.996028,,
"ITC","Nord-ovest","NEET_I","incidenza dei giovani Neet di 15-34 anni (non occupati e non in istruzione)","1","maschi","Y15-29","15-29 anni","TOTAL","totale","2023-Q4","T4-2023",8.309702,,
"ITC","Nord-ovest","NEET_I","incidenza dei giovani Neet di 15-34 anni (non occupati e non in istruzione)","2","femmine","Y15-29","15-29 anni","TOTAL","totale","2021","2021",20.822799,,
"ITC","Nord-ovest","NEET_I","incidenza dei giovani Neet di 15-34 anni (non occupati e non in istruzione)","2","femmine","Y15-29","15-29 anni","TOTAL","totale","2022","2022",16.210649,,
"ITC","Nord-ovest","NEET_I","incidenza dei giovani Neet di 15-34 anni (non occupati e non in istruzione)","2","femmine","Y15-29","15-29 anni","TOTAL","totale","2023","2023",12.677932,,
"ITC","Nord-ovest","NEET_I","incidenza dei giovani Neet di 15-34 anni (non occupati e non in istruzione)","2","femmine","Y15-29","15-29 anni","TOTAL","totale","2021-Q1","T1-2021",21.183926,,
"ITC","Nord-ovest","NEET_I","incidenza dei giovani Neet di 15-34 anni (non occupati e non in istruzione)","2","femmine","Y15-29","15-29 anni","TOTAL","totale","2021-Q2","T2-2021",20.46883,,
"ITC","Nord-ovest","NEET_I","incidenza dei giovani Neet di 15-34 anni (non occupati e non in istruzione)","2","femmine","Y15-29","15-29 anni","TOTAL","totale","2021-Q3","T3-2021",21.320378,,
"ITC","Nord-ovest","NEET_I","incidenza dei giovani Neet di 15-34 anni (non occupati e non in istruzione)","2","femmine","Y15-29","15-29 anni","TOTAL","totale","2021-Q4","T4-2021",20.320648,,
"ITC","Nord-ovest","NEET_I","incidenza dei giovani Neet di 15-34 anni (non occupati e non in istruzione)","2","femmine","Y15-29","15-29 anni","TOTAL","totale","2022-Q1","T1-2022",18.337689,,
"ITC","Nord-ovest","NEET_I","incidenza dei giovani Neet di 15-34 anni (non occupati e non in istruzione)","2","femmine","Y15-29","15-29 anni","TOTAL","totale","2022-Q2","T2-2022",17.19423,,
"ITC","Nord-ovest","NEET_I","incidenza dei giovani Neet di 15-34 anni (non occupati e non in istruzione)","2","femmine","Y15-29","15-29 anni","TOTAL","totale","2022-Q3","T3-2022",15.124266,,
"ITC","Nord-ovest","NEET_I","incidenza dei giovani Neet di 15-34 anni (non occupati e non in istruzione)","2","femmine","Y15-29","15-29 anni","TOTAL","totale","2022-Q4","T4-2022",14.182848,,
"ITC","Nord-ovest","NEET_I","incidenza dei giovani Neet di 15-34 anni (non occupati e non in istruzione)","2","femmine","Y15-29","15-29 anni","TOTAL","totale","2023-Q1","T1-2023",12.604964,,
"ITC","Nord-ovest","NEET_I","incidenza dei giovani Neet di 15-34 anni (non occupati e non in istruzione)","2","femmine","Y15-29","15-29 anni","TOTAL","totale","2023-Q2","T2-2023",12.180661,,
"ITC","Nord-ovest","NEET_I","incidenza dei giovani Neet di 15-34 anni (non occupati e non in istruzione)","2","femmine","Y15-29","15-29 anni","TOTAL","totale","2023-Q3","T3-2023",14.052265,,
"ITC","Nord-ovest","NEET_I","incidenza dei giovani Neet di 15-34 anni (non occupati e non in istruzione)","2","femmine","Y15-29","15-29 anni","TOTAL","totale","2023-Q4","T4-2023",11.87422,,
"ITC","Nord-ovest","NEET_I","incidenza dei giovani Neet di 15-34 anni (non occupati e non in istruzione)","9","totale","Y15-29","15-29 anni","TOTAL","totale","2021","2021",18.675679,,
"ITC","Nord-ovest","NEET_I","incidenza dei giovani Neet di 15-34 anni (non occupati e non in istruzione)","9","totale","Y15-29","15-29 anni","TOTAL","totale","2022","2022",14.165355,,
"ITC","Nord-ovest","NEET_I","incidenza dei giovani Neet di 15-34 anni (non occupati e non in istruzione)","9","totale","Y15-29","15-29 anni","TOTAL","totale","2023","2023",10.976058,,
"ITC","Nord-ovest","NEET_I","incidenza dei giovani Neet di 15-34 anni (non occupati e non in istruzione)","9","totale","Y15-29","15-29 anni","TOTAL","totale","2021-Q1","T1-2021",19.105244,,
"ITC","Nord-ovest","NEET_I","incidenza dei giovani Neet di 15-34 anni (non occupati e non in istruzione)","9","totale","Y15-29","15-29 anni","TOTAL","totale","2021-Q2","T2-2021",18.63017,,
"ITC","Nord-ovest","NEET_I","incidenza dei giovani Neet di 15-34 anni (non occupati e non in istruzione)","9","totale","Y15-29","15-29 anni","TOTAL","totale","2021-Q3","T3-2021",19.026559,,
"ITC","Nord-ovest","NEET_I","incidenza dei giovani Neet di 15-34 anni (non occupati e non in istruzione)","9","totale","Y15-29","15-29 anni","TOTAL","totale","2021-Q4","T4-2021",17.946063,,
"ITC","Nord-ovest","NEET_I","incidenza dei giovani Neet di 15-34 anni (non occupati e non in istruzione)","9","totale","Y15-29","15-29 anni","TOTAL","totale","2022-Q1","T1-2022",16.406482,,
"ITC","Nord-ovest","NEET_I","incidenza dei giovani Neet di 15-34 anni (non occupati e non in istruzione)","9","totale","Y15-29","15-29 anni","TOTAL","totale","2022-Q2","T2-2022",14.585685,,
"ITC","Nord-ovest","NEET_I","incidenza dei giovani Neet di 15-34 anni (non occupati e non in istruzione)","9","totale","Y15-29","15-29 anni","TOTAL","totale","2022-Q3","T3-2022",13.37066,,
"ITC","Nord-ovest","NEET_I","incidenza dei giovani Neet di 15-34 anni (non occupati e non in istruzione)","9","totale","Y15-29","15-29 anni","TOTAL","totale","2022-Q4","T4-2022",12.299695,,
"ITC","Nord-ovest","NEET_I","incidenza dei giovani Neet di 15-34 anni (non occupati e non in istruzione)","9","totale","Y15-29","15-29 anni","TOTAL","totale","2023-Q1","T1-2023",10.537734,,
"ITC","Nord-ovest","NEET_I","incidenza dei giovani Neet di 15-34 anni (non occupati e non in istruzione)","9","totale","Y15-29","15-29 anni","TOTAL","totale","2023-Q2","T2-2023",10.867682,,
"ITC","Nord-ovest","NEET_I","incidenza dei giovani Neet di 15-34 anni (non occupati e non in istruzione)","9","totale","Y15-29","15-29 anni","TOTAL","totale","2023-Q3","T3-2023",12.470236,,
"ITC","Nord-ovest","NEET_I","incidenza dei giovani Neet di 15-34 anni (non occupati e non in istruzione)","9","totale","Y15-29","15-29 anni","TOTAL","totale","2023-Q4","T4-2023",10.028493,,
"ITD","Nord-est","NEET_I","incidenza dei giovani Neet di 15-34 anni (non occupati e non in istruzione)","1","maschi","Y15-29","15-29 anni","TOTAL","totale","2021","2021",12.445647,,
"ITD","Nord-est","NEET_I","incidenza dei giovani Neet di 15-34 anni (non occupati e non in istruzione)","1","maschi","Y15-29","15-29 anni","TOTAL","totale","2022","2022",11.380587,,
"ITD","Nord-est","NEET_I","incidenza dei giovani Neet di 15-34 anni (non occupati e non in istruzione)","1","maschi","Y15-29","15-29 anni","TOTAL","totale","2023","2023",7.888052,,
"ITD","Nord-est","NEET_I","incidenza dei giovani Neet di 15-34 anni (non occupati e non in istruzione)","1","maschi","Y15-29","15-29 anni","TOTAL","totale","2021-Q1","T1-2021",12.668381,,
"ITD","Nord-est","NEET_I","incidenza dei giovani Neet di 15-34 anni (non occupati e non in istruzione)","1","maschi","Y15-29","15-29 anni","TOTAL","totale","2021-Q2","T2-2021",11.793621,,
"ITD","Nord-est","NEET_I","incidenza dei giovani Neet di 15-34 anni (non occupati e non in istruzione)","1","maschi","Y15-29","15-29 anni","TOTAL","totale","2021-Q3","T3-2021",11.202007,,
"ITD","Nord-est","NEET_I","incidenza dei giovani Neet di 15-34 anni (non occupati e non in istruzione)","1","maschi","Y15-29","15-29 anni","TOTAL","totale","2021-Q4","T4-2021",14.09992,,
"ITD","Nord-est","NEET_I","incidenza dei giovani Neet di 15-34 anni (non occupati e non in istruzione)","1","maschi","Y15-29","15-29 anni","TOTAL","totale","2022-Q1","T1-2022",14.870651,,
"ITD","Nord-est","NEET_I","incidenza dei giovani Neet di 15-34 anni (non occupati e non in istruzione)","1","maschi","Y15-29","15-29 anni","TOTAL","totale","2022-Q2","T2-2022",12.511811,,
"ITD","Nord-est","NEET_I","incidenza dei giovani Neet di 15-34 anni (non occupati e non in istruzione)","1","maschi","Y15-29","15-29 anni","TOTAL","totale","2022-Q3","T3-2022",9.817748,,
"ITD","Nord-est","NEET_I","incidenza dei giovani Neet di 15-34 anni (non occupati e non in istruzione)","1","maschi","Y15-29","15-29 anni","TOTAL","totale","2022-Q4","T4-2022",8.318329,,
"ITD","Nord-est","NEET_I","incidenza dei giovani Neet di 15-34 anni (non occupati e non in istruzione)","1","maschi","Y15-29","15-29 anni","TOTAL","totale","2023-Q1","T1-2023",8.671403,,
"ITD","Nord-est","NEET_I","incidenza dei giovani Neet di 15-34 anni (non occupati e non in istruzione)","1","maschi","Y15-29","15-29 anni","TOTAL","totale","2023-Q2","T2-2023",8.278326,,
"ITD","Nord-est","NEET_I","incidenza dei giovani Neet di 15-34 anni (non occupati e non in istruzione)","1","maschi","Y15-29","15-29 anni","TOTAL","totale","2023-Q3","T3-2023",7.570385,,
"ITD","Nord-est","NEET_I","incidenza dei giovani Neet di 15-34 anni (non occupati e non in istruzione)","1","maschi","Y15-29","15-29 anni","TOTAL","totale","2023-Q4","T4-2023",7.040148,,
"ITD","Nord-est","NEET_I","incidenza dei giovani Neet di 15-34 anni (non occupati e non in istruzione)","2","femmine","Y15-29","15-29 anni","TOTAL","totale","2021","2021",17.164142,,
"ITD","Nord-est","NEET_I","incidenza dei giovani Neet di 15-34 anni (non occupati e non in istruzione)","2","femmine","Y15-29","15-29 anni","TOTAL","totale","2022","2022",13.792741,,
"ITD","Nord-est","NEET_I","incidenza dei giovani Neet di 15-34 anni (non occupati e non in istruzione)","2","femmine","Y15-29","15-29 anni","TOTAL","totale","2023","2023",13.433277,,
"ITD","Nord-est","NEET_I","incidenza dei giovani Neet di 15-34 anni (non occupati e non in istruzione)","2","femmine","Y15-29","15-29 anni","TOTAL","totale","2021-Q1","T1-2021",16.56637,,
"ITD","Nord-est","NEET_I","incidenza dei giovani Neet di 15-34 anni (non occupati e non in istruzione)","2","femmine","Y15-29","15-29 anni","TOTAL","totale","2021-Q2","T2-2021",16.337269,,
"ITD","Nord-est","NEET_I","incidenza dei giovani Neet di 15-34 anni (non occupati e non in istruzione)","2","femmine","Y15-29","15-29 anni","TOTAL","totale","2021-Q3","T3-2021",18.566937,,
"ITD","Nord-est","NEET_I","incidenza dei giovani Neet di 15-34 anni (non occupati e non in istruzione)","2","femmine","Y15-29","15-29 anni","TOTAL","totale","2021-Q4","T4-2021",17.184389,,
"ITD","Nord-est","NEET_I","incidenza dei giovani Neet di 15-34 anni (non occupati e non in istruzione)","2","femmine","Y15-29","15-29 anni","TOTAL","totale","2022-Q1","T1-2022",16.035547,,
"ITD","Nord-est","NEET_I","incidenza dei giovani Neet di 15-34 anni (non occupati e non in istruzione)","2","femmine","Y15-29","15-29 anni","TOTAL","totale","2022-Q2","T2-2022",13.620149,,
"ITD","Nord-est","NEET_I","incidenza dei giovani Neet di 15-34 anni (non occupati e non in istruzione)","2","femmine","Y15-29","15-29 anni","TOTAL","totale","2022-Q3","T3-2022",13.220929,,
"ITD","Nord-est","NEET_I","incidenza dei giovani Neet di 15-34 anni (non occupati e non in istruzione)","2","femmine","Y15-29","15-29 anni","TOTAL","totale","2022-Q4","T4-2022",12.289811,,
"ITD","Nord-est","NEET_I","incidenza dei giovani Neet di 15-34 anni (non occupati e non in istruzione)","2","femmine","Y15-29","15-29 anni","TOTAL","totale","2023-Q1","T1-2023",13.193481,,
"ITD","Nord-est","NEET_I","incidenza dei giovani Neet di 15-34 anni (non occupati e non in istruzione)","2","femmine","Y15-29","15-29 anni","TOTAL","totale","2023-Q2","T2-2023",13.694458,,
"ITD","Nord-est","NEET_I","incidenza dei giovani Neet di 15-34 anni (non occupati e non in istruzione)","2","femmine","Y15-29","15-29 anni","TOTAL","totale","2023-Q3","T3-2023",13.770129,,
"ITD","Nord-est","NEET_I","incidenza dei giovani Neet di 15-34 anni (non occupati e non in istruzione)","2","femmine","Y15-29","15-29 anni","TOTAL","totale","2023-Q4","T4-2023",13.07543,,
"ITD","Nord-est","NEET_I","incidenza dei giovani Neet di 15-34 anni (non occupati e non in istruzione)","9","totale","Y15-29","15-29 anni","TOTAL","totale","2021","2021",14.7296,,
"ITD","Nord-est","NEET_I","incidenza dei giovani Neet di 15-34 anni (non occupati e non in istruzione)","9","totale","Y15-29","15-29 anni","TOTAL","totale","2022","2022",12.544086,,
"ITD","Nord-est","NEET_I","incidenza dei giovani Neet di 15-34 anni (non occupati e non in istruzione)","9","totale","Y15-29","15-29 anni","TOTAL","totale","2023","2023",10.5623,,
"ITD","Nord-est","NEET_I","incidenza dei giovani Neet di 15-34 anni (non occupati e non in istruzione)","9","totale","Y15-29","15-29 anni","TOTAL","totale","2021-Q1","T1-2021",14.558243,,
"ITD","Nord-est","NEET_I","incidenza dei giovani Neet di 15-34 anni (non occupati e non in istruzione)","9","totale","Y15-29","15-29 anni","TOTAL","totale","2021-Q2","T2-2021",13.996226,,
"ITD","Nord-est","NEET_I","incidenza dei giovani Neet di 15-34 anni (non occupati e non in istruzione)","9","totale","Y15-29","15-29 anni","TOTAL","totale","2021-Q3","T3-2021",14.767653,,
"ITD","Nord-est","NEET_I","incidenza dei giovani Neet di 15-34 anni (non occupati e non in istruzione)","9","totale","Y15-29","15-29 anni","TOTAL","totale","2021-Q4","T4-2021",15.587983,,
"ITD","Nord-est","NEET_I","incidenza dei giovani Neet di 15-34 anni (non occupati e non in istruzione)","9","totale","Y15-29","15-29 anni","TOTAL","totale","2022-Q1","T1-2022",15.432749,,
"ITD","Nord-est","NEET_I","incidenza dei giovani Neet di 15-34 anni (non occupati e non in istruzione)","9","totale","Y15-29","15-29 anni","TOTAL","totale","2022-Q2","T2-2022",13.046547,,
"ITD","Nord-est","NEET_I","incidenza dei giovani Neet di 15-34 anni (non occupati e non in istruzione)","9","totale","Y15-29","15-29 anni","TOTAL","totale","2022-Q3","T3-2022",11.459367,,
"ITD","Nord-est","NEET_I","incidenza dei giovani Neet di 15-34 anni (non occupati e non in istruzione)","9","totale","Y15-29","15-29 anni","TOTAL","totale","2022-Q4","T4-2022",10.232803,,
"ITD","Nord-est","NEET_I","incidenza dei giovani Neet di 15-34 anni (non occupati e non in istruzione)","9","totale","Y15-29","15-29 anni","TOTAL","totale","2023-Q1","T1-2023",10.851564,,
"ITD","Nord-est","NEET_I","incidenza dei giovani Neet di 15-34 anni (non occupati e non in istruzione)","9","totale","Y15-29","15-29 anni","TOTAL","totale","2023-Q2","T2-2023",10.891162,,
"ITD","Nord-est","NEET_I","incidenza dei giovani Neet di 15-34 anni (non occupati e non in istruzione)","9","totale","Y15-29","15-29 anni","TOTAL","totale","2023-Q3","T3-2023",10.560961,,
"ITD","Nord-est","NEET_I","incidenza dei giovani Neet di 15-34 anni (non occupati e non in istruzione)","9","totale","Y15-29","15-29 anni","TOTAL","totale","2023-Q4","T4-2023",9.94991,,
"ITE","Centro","NEET_I","incidenza dei giovani Neet di 15-34 anni (non occupati e non in istruzione)","1","maschi","Y15-29","15-29 anni","TOTAL","totale","2021","2021",18.941551,,
"ITE","Centro","NEET_I","incidenza dei giovani Neet di 15-34 anni (non occupati e non in istruzione)","1","maschi","Y15-29","15-29 anni","TOTAL","totale","2022","2022",14.416015,,
"ITE","Centro","NEET_I","incidenza dei giovani Neet di 15-34 anni (non occupati e non in istruzione)","1","maschi","Y15-29","15-29 anni","TOTAL","totale","2023","2023",11.278619,,
"ITE","Centro","NEET_I","incidenza dei giovani Neet di 15-34 anni (non occupati e non in istruzione)","1","maschi","Y15-29","15-29 anni","TOTAL","totale","2021-Q1","T1-2021",21.295813,,
"ITE","Centro","NEET_I","incidenza dei giovani Neet di 15-34 anni (non occupati e non in istruzione)","1","maschi","Y15-29","15-29 anni","TOTAL","totale","2021-Q2","T2-2021",18.750551,,
"ITE","Centro","NEET_I","incidenza dei giovani Neet di 15-34 anni (non occupati e non in istruzione)","1","maschi","Y15-29","15-29 anni","TOTAL","totale","2021-Q3","T3-2021",17.497546,,
"ITE","Centro","NEET_I","incidenza dei giovani Neet di 15-34 anni (non occupati e non in istruzione)","1","maschi","Y15-29","15-29 anni","TOTAL","totale","2021-Q4","T4-2021",18.231695,,
"ITE","Centro","NEET_I","incidenza dei giovani Neet di 15-34 anni (non occupati e non in istruzione)","1","maschi","Y15-29","15-29 anni","TOTAL","totale","2022-Q1","T1-2022",16.439941,,
"ITE","Centro","NEET_I","incidenza dei giovani Neet di 15-34 anni (non occupati e non in istruzione)","1","maschi","Y15-29","15-29 anni","TOTAL","totale","2022-Q2","T2-2022",15.107527,,
"ITE","Centro","NEET_I","incidenza dei giovani Neet di 15-34 anni (non occupati e non in istruzione)","1","maschi","Y15-29","15-29 anni","TOTAL","totale","2022-Q3","T3-2022",12.9963,,
"ITE","Centro","NEET_I","incidenza dei giovani Neet di 15-34 anni (non occupati e non in istruzione)","1","maschi","Y15-29","15-29 anni","TOTAL","totale","2022-Q4","T4-2022",13.114677,,
"ITE","Centro","NEET_I","incidenza dei giovani Neet di 15-34 anni (non occupati e non in istruzione)","1","maschi","Y15-29","15-29 anni","TOTAL","totale","2023-Q1","T1-2023",11.422656,,
"ITE","Centro","NEET_I","incidenza dei giovani Neet di 15-34 anni (non occupati e non in istruzione)","1","maschi","Y15-29","15-29 anni","TOTAL","totale","2023-Q2","T2-2023",10.849252,,
"ITE","Centro","NEET_I","incidenza dei giovani Neet di 15-34 anni (non occupati e non in istruzione)","1","maschi","Y15-29","15-29 anni","TOTAL","totale","2023-Q3","T3-2023",10.145429,,
"ITE","Centro","NEET_I","incidenza dei giovani Neet di 15-34 anni (non occupati e non in istruzione)","1","maschi","Y15-29","15-29 anni","TOTAL","totale","2023-Q4","T4-2023",12.693604,,
"ITE","Centro","NEET_I","incidenza dei giovani Neet di 15-34 anni (non occupati e non in istruzione)","2","femmine","Y15-29","15-29 anni","TOTAL","totale","2021","2021",20.236522,,
"ITE","Centro","NEET_I","incidenza dei giovani Neet di 15-34 anni (non occupati e non in istruzione)","2","femmine","Y15-29","15-29 anni","TOTAL","totale","2022","2022",16.34454,,
"ITE","Centro","NEET_I","incidenza dei giovani Neet di 15-34 anni (non occupati e non in istruzione)","2","femmine","Y15-29","15-29 anni","TOTAL","totale","2023","2023",13.328597,,
"ITE","Centro","NEET_I","incidenza dei giovani Neet di 15-34 anni (non occupati e non in istruzione)","2","femmine","Y15-29","15-29 anni","TOTAL","totale","2021-Q1","T1-2021",22.003165,,
"ITE","Centro","NEET_I","incidenza dei giovani Neet di 15-34 anni (non occupati e non in istruzione)","2","femmine","Y15-29","15-29 anni","TOTAL","totale","2021-Q2","T2-2021",20.282332,,
"ITE","Centro","NEET_I","incidenza dei giovani Neet di 15-34 anni (non occupati e non in istruzione)","2","femmine","Y15-29","15-29 anni","TOTAL","totale","2021-Q3","T3-2021",19.767054,,
"ITE","Centro","NEET_I","incidenza dei giovani Neet di 15-34 anni (non occupati e non in istruzione)","2","femmine","Y15-29","15-29 anni","TOTAL","totale","2021-Q4","T4-2021",18.899831,,
"ITE","Centro","NEET_I","incidenza dei giovani Neet di 15-34 anni (non occupati e non in istruzione)","2","femmine","Y15-29","15-29 anni","TOTAL","totale","2022-Q1","T1-2022",19.700964,,
"ITE","Centro","NEET_I","incidenza dei giovani Neet di 15-34 anni (non occupati e non in istruzione)","2","femmine","Y15-29","15-29 anni","TOTAL","totale","2022-Q2","T2-2022",15.726262,,
"ITE","Centro","NEET_I","incidenza dei giovani Neet di 15-34 anni (non occupati e non in istruzione)","2","femmine","Y15-29","15-29 anni","TOTAL","totale","2022-Q3","T3-2022",14.743174,,
"ITE","Centro","NEET_I","incidenza dei giovani Neet di 15-34 anni (non occupati e non in istruzione)","2","femmine","Y15-29","15-29 anni","TOTAL","totale","2022-Q4","T4-2022",15.200861,,
"ITE","Centro","NEET_I","incidenza dei giovani Neet di 15-34 anni (non occupati e non in istruzione)","2","femmine","Y15-29","15-29 anni","TOTAL","totale","2023-Q1","T1-2023",13.165122,,
"ITE","Centro","NEET_I","incidenza dei giovani Neet di 15-34 anni (non occupati e non in istruzione)","2","femmine","Y15-29","15-29 anni","TOTAL","totale","2023-Q2","T2-2023",13.341943,,
"ITE","Centro","NEET_I","incidenza dei giovani Neet di 15-34 anni (non occupati e non in istruzione)","2","femmine","Y15-29","15-29 anni","TOTAL","totale","2023-Q3","T3-2023",14.791078,,
"ITE","Centro","NEET_I","incidenza dei giovani Neet di 15-34 anni (non occupati e non in istruzione)","2","femmine","Y15-29","15-29 anni","TOTAL","totale","2023-Q4","T4-2023",12.018297,,
"ITE","Centro","NEET_I","incidenza dei giovani Neet di 15-34 anni (non occupati e non in istruzione)","9","totale","Y15-29","15-29 anni","TOTAL","totale","2021","2021",19.567661,,
"ITE","Centro","NEET_I","incidenza dei giovani Neet di 15-34 anni (non occupati e non in istruzione)","9","totale","Y15-29","15-29 anni","TOTAL","totale","2022","2022",15.347427,,
"ITE","Centro","NEET_I","incidenza dei giovani Neet di 15-34 anni (non occupati e non in istruzione)","9","totale","Y15-29","15-29 anni","TOTAL","totale","2023","2023",12.267074,,
"ITE","Centro","NEET_I","incidenza dei giovani Neet di 15-34 anni (non occupati e non in istruzione)","9","totale","Y15-29","15-29 anni","TOTAL","totale","2021-Q1","T1-2021",21.638055,,
"ITE","Centro","NEET_I","incidenza dei giovani Neet di 15-34 anni (non occupati e non in istruzione)","9","totale","Y15-29","15-29 anni","TOTAL","totale","2021-Q2","T2-2021",19.491647,,
"ITE","Centro","NEET_I","incidenza dei giovani Neet di 15-34 anni (non occupati e non in istruzione)","9","totale","Y15-29","15-29 anni","TOTAL","totale","2021-Q3","T3-2021",18.594261,,
"ITE","Centro","NEET_I","incidenza dei giovani Neet di 15-34 anni (non occupati e non in istruzione)","9","totale","Y15-29","15-29 anni","TOTAL","totale","2021-Q4","T4-2021",18.554519,,
"ITE","Centro","NEET_I","incidenza dei giovani Neet di 15-34 anni (non occupati e non in istruzione)","9","totale","Y15-29","15-29 anni","TOTAL","totale","2022-Q1","T1-2022",18.015424,,
"ITE","Centro","NEET_I","incidenza dei giovani Neet di 15-34 anni (non occupati e non in istruzione)","9","totale","Y15-29","15-29 anni","TOTAL","totale","2022-Q2","T2-2022",15.406478,,
"ITE","Centro","NEET_I","incidenza dei giovani Neet di 15-34 anni (non occupati e non in istruzione)","9","totale","Y15-29","15-29 anni","TOTAL","totale","2022-Q3","T3-2022",13.840549,,
"ITE","Centro","NEET_I","incidenza dei giovani Neet di 15-34 anni (non occupati e non in istruzione)","9","totale","Y15-29","15-29 anni","TOTAL","totale","2022-Q4","T4-2022",14.1204,,
"ITE","Centro","NEET_I","incidenza dei giovani Neet di 15-34 anni (non occupati e non in istruzione)","9","totale","Y15-29","15-29 anni","TOTAL","totale","2023-Q1","T1-2023",12.262707,,
"ITE","Centro","NEET_I","incidenza dei giovani Neet di 15-34 anni (non occupati e non in istruzione)","9","totale","Y15-29","15-29 anni","TOTAL","totale","2023-Q2","T2-2023",12.051009,,
"ITE","Centro","NEET_I","incidenza dei giovani Neet di 15-34 anni (non occupati e non in istruzione)","9","totale","Y15-29","15-29 anni","TOTAL","totale","2023-Q3","T3-2023",12.385783,,
"ITE","Centro","NEET_I","incidenza dei giovani Neet di 15-34 anni (non occupati e non in istruzione)","9","totale","Y15-29","15-29 anni","TOTAL","totale","2023-Q4","T4-2023",12.367949,,
"ITFG","Mezzogiorno","NEET_I","incidenza dei giovani Neet di 15-34 anni (non occupati e non in istruzione)","1","maschi","Y15-29","15-29 anni","TOTAL","totale","2021","2021",30.060006,,
"ITFG","Mezzogiorno","NEET_I","incidenza dei giovani Neet di 15-34 anni (non occupati e non in istruzione)","1","maschi","Y15-29","15-29 anni","TOTAL","totale","2022","2022",26.713539,,
"ITFG","Mezzogiorno","NEET_I","incidenza dei giovani Neet di 15-34 anni (non occupati e non in istruzione)","1","maschi","Y15-29","15-29 anni","TOTAL","totale","2023","2023",23.22475,,
"ITFG","Mezzogiorno","NEET_I","incidenza dei giovani Neet di 15-34 anni (non occupati e non in istruzione)","1","maschi","Y15-29","15-29 anni","TOTAL","totale","2021-Q1","T1-2021",32.271484,,
"ITFG","Mezzogiorno","NEET_I","incidenza dei giovani Neet di 15-34 anni (non occupati e non in istruzione)","1","maschi","Y15-29","15-29 anni","TOTAL","totale","2021-Q2","T2-2021",30.166611,,
"ITFG","Mezzogiorno","NEET_I","incidenza dei giovani Neet di 15-34 anni (non occupati e non in istruzione)","1","maschi","Y15-29","15-29 anni","TOTAL","totale","2021-Q3","T3-2021",27.467051,,
"ITFG","Mezzogiorno","NEET_I","incidenza dei giovani Neet di 15-34 anni (non occupati e non in istruzione)","1","maschi","Y15-29","15-29 anni","TOTAL","totale","2021-Q4","T4-2021",30.332576,,
"ITFG","Mezzogiorno","NEET_I","incidenza dei giovani Neet di 15-34 anni (non occupati e non in istruzione)","1","maschi","Y15-29","15-29 anni","TOTAL","totale","2022-Q1","T1-2022",30.430961,,
"ITFG","Mezzogiorno","NEET_I","incidenza dei giovani Neet di 15-34 anni (non occupati e non in istruzione)","1","maschi","Y15-29","15-29 anni","TOTAL","totale","2022-Q2","T2-2022",25.843963,,
"ITFG","Mezzogiorno","NEET_I","incidenza dei giovani Neet di 15-34 anni (non occupati e non in istruzione)","1","maschi","Y15-29","15-29 anni","TOTAL","totale","2022-Q3","T3-2022",24.644145,,
"ITFG","Mezzogiorno","NEET_I","incidenza dei giovani Neet di 15-34 anni (non occupati e non in istruzione)","1","maschi","Y15-29","15-29 anni","TOTAL","totale","2022-Q4","T4-2022",25.911173,,
"ITFG","Mezzogiorno","NEET_I","incidenza dei giovani Neet di 15-34 anni (non occupati e non in istruzione)","1","maschi","Y15-29","15-29 anni","TOTAL","totale","2023-Q1","T1-2023",24.908359,,
"ITFG","Mezzogiorno","NEET_I","incidenza dei giovani Neet di 15-34 anni (non occupati e non in istruzione)","1","maschi","Y15-29","15-29 anni","TOTAL","totale","2023-Q2","T2-2023",23.374751,,
"ITFG","Mezzogiorno","NEET_I","incidenza dei giovani Neet di 15-34 anni (non occupati e non in istruzione)","1","maschi","Y15-29","15-29 anni","TOTAL","totale","2023-Q3","T3-2023",23.293281,,
"ITFG","Mezzogiorno","NEET_I","incidenza dei giovani Neet di 15-34 anni (non occupati e non in istruzione)","1","maschi","Y15-29","15-29 anni","TOTAL","totale","2023-Q4","T4-2023",21.313363,,
"ITFG","Mezzogiorno","NEET_I","incidenza dei giovani Neet di 15-34 anni (non occupati e non in istruzione)","2","femmine","Y15-29","15-29 anni","TOTAL","totale","2021","2021",34.396065,,
"ITFG","Mezzogiorno","NEET_I","incidenza dei giovani Neet di 15-34 anni (non occupati e non in istruzione)","2","femmine","Y15-29","15-29 anni","TOTAL","totale","2022","2022",29.15898,,
"ITFG","Mezzogiorno","NEET_I","incidenza dei giovani Neet di 15-34 anni (non occupati e non in istruzione)","2","femmine","Y15-29","15-29 anni","TOTAL","totale","2023","2023",26.312917,,
"ITFG","Mezzogiorno","NEET_I","incidenza dei giovani Neet di 15-34 anni (non occupati e non in istruzione)","2","femmine","Y15-29","15-29 anni","TOTAL","totale","2021-Q1","T1-2021",36.018363,,
"ITFG","Mezzogiorno","NEET_I","incidenza dei giovani Neet di 15-34 anni (non occupati e non in istruzione)","2","femmine","Y15-29","15-29 anni","TOTAL","totale","2021-Q2","T2-2021",33.487961,,
"ITFG","Mezzogiorno","NEET_I","incidenza dei giovani Neet di 15-34 anni (non occupati e non in istruzione)","2","femmine","Y15-29","15-29 anni","TOTAL","totale","2021-Q3","T3-2021",34.850115,,
"ITFG","Mezzogiorno","NEET_I","incidenza dei giovani Neet di 15-34 anni (non occupati e non in istruzione)","2","femmine","Y15-29","15-29 anni","TOTAL","totale","2021-Q4","T4-2021",33.198191,,
"ITFG","Mezzogiorno","NEET_I","incidenza dei giovani Neet di 15-34 anni (non occupati e non in istruzione)","2","femmine","Y15-29","15-29 anni","TOTAL","totale","2022-Q1","T1-2022",30.047194,,
"ITFG","Mezzogiorno","NEET_I","incidenza dei giovani Neet di 15-34 anni (non occupati e non in istruzione)","2","femmine","Y15-29","15-29 anni","TOTAL","totale","2022-Q2","T2-2022",30.616446,,
"ITFG","Mezzogiorno","NEET_I","incidenza dei giovani Neet di 15-34 anni (non occupati e non in istruzione)","2","femmine","Y15-29","15-29 anni","TOTAL","totale","2022-Q3","T3-2022",27.342736,,
"ITFG","Mezzogiorno","NEET_I","incidenza dei giovani Neet di 15-34 anni (non occupati e non in istruzione)","2","femmine","Y15-29","15-29 anni","TOTAL","totale","2022-Q4","T4-2022",28.614742,,
"ITFG","Mezzogiorno","NEET_I","incidenza dei giovani Neet di 15-34 anni (non occupati e non in istruzione)","2","femmine","Y15-29","15-29 anni","TOTAL","totale","2023-Q1","T1-2023",27.348789,,
"ITFG","Mezzogiorno","NEET_I","incidenza dei giovani Neet di 15-34 anni (non occupati e non in istruzione)","2","femmine","Y15-29","15-29 anni","TOTAL","totale","2023-Q2","T2-2023",24.113136,,
"ITFG","Mezzogiorno","NEET_I","incidenza dei giovani Neet di 15-34 anni (non occupati e non in istruzione)","2","femmine","Y15-29","15-29 anni","TOTAL","totale","2023-Q3","T3-2023",26.741233,,
"ITFG","Mezzogiorno","NEET_I","incidenza dei giovani Neet di 15-34 anni (non occupati e non in istruzione)","2","femmine","Y15-29","15-29 anni","TOTAL","totale","2023-Q4","T4-2023",27.048353,,
"ITFG","Mezzogiorno","NEET_I","incidenza dei giovani Neet di 15-34 anni (non occupati e non in istruzione)","9","totale","Y15-29","15-29 anni","TOTAL","totale","2021","2021",32.169627,,
"ITFG","Mezzogiorno","NEET_I","incidenza dei giovani Neet di 15-34 anni (non occupati e non in istruzione)","9","totale","Y15-29","15-29 anni","TOTAL","totale","2022","2022",27.902835,,
"ITFG","Mezzogiorno","NEET_I","incidenza dei giovani Neet di 15-34 anni (non occupati e non in istruzione)","9","totale","Y15-29","15-29 anni","TOTAL","totale","2023","2023",24.723709,,
"ITFG","Mezzogiorno","NEET_I","incidenza dei giovani Neet di 15-34 anni (non occupati e non in istruzione)","9","totale","Y15-29","15-29 anni","TOTAL","totale","2021-Q1","T1-2021",34.095134,,
"ITFG","Mezzogiorno","NEET_I","incidenza dei giovani Neet di 15-34 anni (non occupati e non in istruzione)","9","totale","Y15-29","15-29 anni","TOTAL","totale","2021-Q2","T2-2021",31.783029,,
"ITFG","Mezzogiorno","NEET_I","incidenza dei giovani Neet di 15-34 anni (non occupati e non in istruzione)","9","totale","Y15-29","15-29 anni","TOTAL","totale","2021-Q3","T3-2021",31.055415,,
"ITFG","Mezzogiorno","NEET_I","incidenza dei giovani Neet di 15-34 anni (non occupati e non in istruzione)","9","totale","Y15-29","15-29 anni","TOTAL","totale","2021-Q4","T4-2021",31.727375,,
"ITFG","Mezzogiorno","NEET_I","incidenza dei giovani Neet di 15-34 anni (non occupati e non in istruzione)","9","totale","Y15-29","15-29 anni","TOTAL","totale","2022-Q1","T1-2022",30.244195,,
"ITFG","Mezzogiorno","NEET_I","incidenza dei giovani Neet di 15-34 anni (non occupati e non in istruzione)","9","totale","Y15-29","15-29 anni","TOTAL","totale","2022-Q2","T2-2022",28.166181,,
"ITFG","Mezzogiorno","NEET_I","incidenza dei giovani Neet di 15-34 anni (non occupati e non in istruzione)","9","totale","Y15-29","15-29 anni","TOTAL","totale","2022-Q3","T3-2022",25.957131,,
"ITFG","Mezzogiorno","NEET_I","incidenza dei giovani Neet di 15-34 anni (non occupati e non in istruzione)","9","totale","Y15-29","15-29 anni","TOTAL","totale","2022-Q4","T4-2022",27.223678,,
"ITFG","Mezzogiorno","NEET_I","incidenza dei giovani Neet di 15-34 anni (non occupati e non in istruzione)","9","totale","Y15-29","15-29 anni","TOTAL","totale","2023-Q1","T1-2023",26.093001,,
"ITFG","Mezzogiorno","NEET_I","incidenza dei giovani Neet di 15-34 anni (non occupati e non in istruzione)","9","totale","Y15-29","15-29 anni","TOTAL","totale","2023-Q2","T2-2023",23.733163,,
"ITFG","Mezzogiorno","NEET_I","incidenza dei giovani Neet di 15-34 anni (non occupati e non in istruzione)","9","totale","Y15-29","15-29 anni","TOTAL","totale","2023-Q3","T3-2023",24.966867,,
"ITFG","Mezzogiorno","NEET_I","incidenza dei giovani Neet di 15-34 anni (non occupati e non in istruzione)","9","totale","Y15-29","15-29 anni","TOTAL","totale","2023-Q4","T4-2023",24.096798,,
