"ITTER107","Territorio","TIPO_DATO_FOL","Tipo dato","SEXISTAT1","Sesso","ETA1","Classe di età","RUOLO_FAM","Ruolo in famiglia","TIME","Seleziona periodo","Value","Flag Codes","Flags"
"IT","Italia","NEET_I","incidenza dei giovani Neet di 15-34 anni (non occupati e non in istruzione)","1","maschi","Y15-29","15-29 anni","SD","figlio/a","2021","2021",21.674591,,
"IT","Italia","NEET_I","incidenza dei giovani Neet di 15-34 anni (non occupati e non in istruzione)","1","maschi","Y15-29","15-29 anni","SD","figlio/a","2022","2022",18.063328,,
"IT","Italia","NEET_I","incidenza dei giovani Neet di 15-34 anni (non occupati e non in istruzione)","1","maschi","Y15-29","15-29 anni","SD","figlio/a","2023","2023",14.438753,,
"IT","Italia","NEET_I","incidenza dei giovani Neet di 15-34 anni (non occupati e non in istruzione)","2","femmine","Y15-29","15-29 anni","SD","figlio/a","2021","2021",20.549592,,
"IT","Italia","NEET_I","incidenza dei giovani Neet di 15-34 anni (non occupati e non in istruzione)","2","femmine","Y15-29","15-29 anni","SD","figlio/a","2022","2022",16.176223,,
"IT","Italia","NEET_I","incidenza dei giovani Neet di 15-34 anni (non occupati e non in istruzione)","2","femmine","Y15-29","15-29 anni","SD","figlio/a","2023","2023",13.248318,,
"IT","Italia","NEET_I","incidenza dei giovani Neet di 15-34 anni (non occupati e non in istruzione)","9","totale","Y15-29","15-29 anni","SD","figlio/a","2021","2021",21.154234,,
"IT","Italia","NEET_I","incidenza dei giovani Neet di 15-34 anni (non occupati e non in istruzione)","9","totale","Y15-29","15-29 anni","SD","figlio/a","2022","2022",17.184918,,
"IT","Italia","NEET_I","incidenza dei giovani Neet di 15-34 anni (non occupati e non in istruzione)","9","totale","Y15-29","15-29 anni","SD","figlio/a","2023","2023",13.881152,,
"IT","Italia","NEET_I","incidenza dei giovani Neet di 15-34 anni (non occupati e non in istruzione)","1","maschi","Y15-29","15-29 anni","PA","genitore","2021","2021",23.280114,,
"IT","Italia","NEET_I","incidenza dei giovani Neet di 15-34 anni (non occupati e non in istruzione)","1","maschi","Y15-29","15-29 anni","PA","genitore","2022","2022",16.474724,,
"IT","Italia","NEET_I","incidenza dei giovani Neet di 15-34 anni (non occupati e non in istruzione)","1","maschi","Y15-29","15-29 anni","PA","genitore","2023","2023",13.572153,,
"IT","Italia","NEET_I","incidenza dei giovani Neet di 15-34 anni (non occupati e non in istruzione)","2","femmine","Y15-29","15-29 anni","PA","genitore","2021","2021",64.828539,,
"IT","Italia","NEET_I","incidenza dei giovani Neet di 15-34 anni (non occupati e non in istruzione)","2","femmine","Y15-29","15-29 anni","PA","genitore","2022","2022",62.044913,,
"IT","Italia","NEET_I","incidenza dei giovani Neet di 15-34 anni (non occupati e non in istruzione)","2","femmine","Y15-29","15-29 anni","PA","genitore","2023","2023",61.707784,,
"IT","Italia","NEET_I","incidenza dei giovani Neet di 15-34 anni (non occupati e non in istruzione)","9","totale","Y15-29","15-29 anni","PA","genitore","2021","2021",55.04699,,
"IT","Italia","NEET_I","incidenza dei giovani Neet di 15-34 anni (non occupati e non in istruzione)","9","totale","Y15-29","15-29 anni","PA","genitore","2022","2022",51.633709,,
"IT","Italia","NEET_I","incidenza dei giovani Neet di 15-34 anni (non occupati e non in istruzione)","9","totale","Y15-29","15-29 anni","PA","genitore","2023","2023",49.933963,,
"IT","Italia","NEET_I","incidenza dei giovani Neet di 15-34 anni (non occupati e non in istruzione)","1","maschi","Y15-29","15-29 anni","SPO","single, partner senza figli, altro ruolo","2021","2021",16.195166,,
"IT","Italia","NEET_I","incidenza dei giovani Neet di 15-34 anni (non occupati e non in istruzione)","1","maschi","Y15-29","15-29 anni","SPO","single, partner senza figli, altro ruolo","2022","2022",14.668439,,
"IT","Italia","NEET_I","incidenza dei giovani Neet di 15-34 anni (non occupati e non in istruzione)","1","maschi","Y15-29","15-29 anni","SPO","single, partner senza figli, altro ruolo","2023","2023",14.130355,,
"IT","Italia","NEET_I","incidenza dei giovani Neet di 15-34 anni (non occupati e non in istruzione)","2","femmine","Y15-29","15-29 anni","SPO","single, partner senza figli, altro ruolo","2021","2021",24.443771,,
"IT","Italia","NEET_I","incidenza dei giovani Neet di 15-34 anni (non occupati e non in istruzione)","2","femmine","Y15-29","15-29 anni","SPO","single, partner senza figli, altro ruolo","2022","2022",20.662695,,
"IT","Italia","NEET_I","incidenza dei giovani Neet di 15-34 anni (non occupati e non in istruzione)","2","femmine","Y15-29","15-29 anni","SPO","single, partner senza figli, altro ruolo","2023","2023",19.830724,,
"IT","Italia","NEET_I","incidenza dei giovani Neet di 15-34 anni (non occupati e non in istruzione)","9","totale","Y15-29","15-29 anni","SPO","single, partner senza figli, altro ruolo","2021","2021",20.411757,,
"IT","Italia","NEET_I","incidenza dei giovani Neet di 15-34 anni (non occupati e non in istruzione)","9","totale","Y15-29","15-29 anni","SPO","single, partner senza figli, altro ruolo","2022","2022",17.611827,,
"IT","Italia","NEET_I","incidenza dei giovani Neet di 15-34 anni (non occupati e non in istruzione)","9","totale","Y15-29","15-29 anni","SPO","single, partner senza figli, altro ruolo","2023","2023",16.795442,,
"IT","Italia","NEET_I","incidenza dei giovani Neet di 15-34 anni (non occupati e non in istruzione)","1","maschi","Y15-29","15-29 anni","TOT","totale","2021","2021",21.210573,,
"IT","Italia","NEET_I","incidenza dei giovani Neet di 15-34 anni (non occupati e non in istruzione)","1","maschi","Y15-29","15-29 anni","TOT","totale","2022","2022",17.692124,,
"IT","Italia","NEET_I","incidenza dei giovani Neet di 15-34 anni (non occupati e non in istruzione)","1","maschi","Y15-29","15-29 anni","TOT","totale","2023","2023",14.38645,,
"IT","Italia","NEET_I","incidenza dei giovani Neet di 15-34 anni (non occupati e non in istruzione)","1","maschi","Y15-29","15-29 anni","TOT","totale","2021-Q1","T1-2021",22.675539,,
"IT","Italia","NEET_I","incidenza dei giovani Neet di 15-34 anni (non occupati e non in istruzione)","1","maschi","Y15-29","15-29 anni","TOT","totale","2021-Q2","T2-2021",21.179142,,
"IT","Italia","NEET_I","incidenza dei giovani Neet di 15-34 anni (non occupati e non in istruzione)","1","maschi","Y15-29","15-29 anni","TOT","totale","2021-Q3","T3-2021",19.820723,,
"IT","Italia","NEET_I","incidenza dei giovani Neet di 15-34 anni (non occupati e non in istruzione)","1","maschi","Y15-29","15-29 anni","TOT","totale","2021-Q4","T4-2021",21.167983,,
"IT","Italia","NEET_I","incidenza dei giovani Neet di 15-34 anni (non occupati e non in istruzione)","1","maschi","Y15-29","15-29 anni","TOT","totale","2022-Q1","T1-2022",20.709059,,
"IT","Italia","NEET_I","incidenza dei giovani Neet di 15-34 anni (non occupati e non in istruzione)","1","maschi","Y15-29","15-29 anni","TOT","totale","2022-Q2","T2-2022",17.701686,,
"IT","Italia","NEET_I","incidenza dei giovani Neet di 15-34 anni (non occupati e non in istruzione)","1","maschi","Y15-29","15-29 anni","TOT","totale","2022-Q3","T3-2022",16.231216,,
"IT","Italia","NEET_I","incidenza dei giovani Neet di 15-34 anni (non occupati e non in istruzione)","1","maschi","Y15-29","15-29 anni","TOT","totale","2022-Q4","T4-2022",16.118838,,
"IT","Italia","NEET_I","incidenza dei giovani Neet di 15-34 anni (non occupati e non in istruzione)","1","maschi","Y15-29","15-29 anni","TOT","totale","2023-Q1","T1-2023",14.987202,,
"IT","Italia","NEET_I","incidenza dei giovani Neet di 15-34 anni (non occupati e non in istruzione)","1","maschi","Y15-29","15-29 anni","TOT","totale","2023-Q2","T2-2023",14.507029,,
"IT","Italia","NEET_I","incidenza dei giovani Neet di 15-34 anni (non occupati e non in istruzione)","1","maschi","Y15-29","15-29 anni","TOT","totale","2023-Q3","T3-2023",14.545881,,
"IT","Italia","NEET_I","incidenza dei giovani Neet di 15-34 anni (non occupati e non in istruzione)","1","maschi","Y15-29","15-29 anni","TOT","totale","2023-Q4","T4-2023",13.508647,,
"IT","Italia","NEET_I","incidenza dei giovani Neet di 15-34 anni (non occupati e non in istruzione)","2","femmine","Y15-29","15-29 anni","TOT","totale","2021","2021",25.038407,,
"IT","Italia","NEET_I","incidenza dei giovani Neet di 15-34 anni (non occupati e non in istruzione)","2","femmine","Y15-29","15-29 anni","TOT","totale","2022","2022",20.469958,,
"IT","Italia","NEET_I","incidenza dei giovani Neet di 15-34 anni (non occupati e non in istruzione)","2","femmine","Y15-29","15-29 anni","TOT","totale","2023","2023",17.8412,,
"IT","Italia","NEET_I","incidenza dei giovani Neet di 15-34 anni (non occupati e non in istruzione)","2","femmine","Y15-29","15-29 anni","TOT","totale","2021-Q1","T1-2021",25.985472,,
"IT","Italia","NEET_I","incidenza dei giovani Neet di 15-34 anni (non occupati e non in istruzione)","2","femmine","Y15-29","15-29 anni","TOT","totale","2021-Q2","T2-2021",24.486291,,
"IT","Italia","NEET_I","incidenza dei giovani Neet di 15-34 anni (non occupati e non in istruzione)","2","femmine","Y15-29","15-29 anni","TOT","totale","2021-Q3","T3-2021",25.519762,,
"IT","Italia","NEET_I","incidenza dei giovani Neet di 15-34 anni (non occupati e non in istruzione)","2","femmine","Y15-29","15-29 anni","TOT","totale","2021-Q4","T4-2021",24.157086,,
"IT","Italia","NEET_I","incidenza dei giovani Neet di 15-34 anni (non occupati e non in istruzione)","2","femmine","Y15-29","15-29 anni","TOT","totale","2022-Q1","T1-2022",22.418394,,
"IT","Italia","NEET_I","incidenza dei giovani Neet di 15-34 anni (non occupati e non in istruzione)","2","femmine","Y15-29","15-29 anni","TOT","totale","2022-Q2","T2-2022",21.105859,,
"IT","Italia","NEET_I","incidenza dei giovani Neet di 15-34 anni (non occupati e non in istruzione)","2","femmine","Y15-29","15-29 anni","TOT","totale","2022-Q3","T3-2022",19.107694,,
"IT","Italia","NEET_I","incidenza dei giovani Neet di 15-34 anni (non occupati e non in istruzione)","2","femmine","Y15-29","15-29 anni","TOT","totale","2022-Q4","T4-2022",19.23671,,
"IT","Italia","NEET_I","incidenza dei giovani Neet di 15-34 anni (non occupati e non in istruzione)","2","femmine","Y15-29","15-29 anni","TOT","totale","2023-Q1","T1-2023",18.142617,,
"IT","Italia","NEET_I","incidenza dei giovani Neet di 15-34 anni (non occupati e non in istruzione)","2","femmine","Y15-29","15-29 anni","TOT","totale","2023-Q2","T2-2023",16.97955,,
"IT","Italia","NEET_I","incidenza dei giovani Neet di 15-34 anni (non occupati e non in istruzione)","2","femmine","Y15-29","15-29 anni","TOT","totale","2023-Q3","T3-2023",18.684557,,
"IT","Italia","NEET_I","incidenza dei giovani Neet di 15-34 anni (non occupati e non in istruzione)","2","femmine","Y15-29","15-29 anni","TOT","totale","2023-Q4","T4-2023",17.557952,,
"IT","Italia","NEET_I","incidenza dei giovani Neet di 15-34 anni (non occupati e non in istruzione)","9","totale","Y15-29","15-29 anni","TOT","totale","2021","2021",23.066929,,
"IT","Italia","NEET_I","incidenza dei giovani Neet di 15-34 anni (non occupati e non in istruzione)","9","totale","Y15-29","15-29 anni","TOT","totale","2022","2022",19.036906,,
"IT","Italia","NEET_I","incidenza dei giovani Neet di 15-34 anni (non occupati e non in istruzione)","9","totale","Y15-29","15-29 anni","TOT","totale","2023","2023",16.056448,,
"IT","Italia","NEET_I","incidenza dei giovani Neet di 15-34 anni (non occupati e non in istruzione)","9","totale","Y15-29","15-29 anni","TOT","totale","2021-Q1","T1-2021",24.282109,,
"IT","Italia","NEET_I","incidenza dei giovani Neet di 15-34 anni (non occupati e non in istruzione)","9","totale","Y15-29","15-29 anni","TOT","totale","2021-Q2","T2-2021",22.784235,,
"IT","Italia","NEET_I","incidenza dei giovani Neet di 15-34 anni (non occupati e non in istruzione)","9","totale","Y15-29","15-29 anni","TOT","totale","2021-Q3","T3-2021",22.583158,,
"IT","Italia","NEET_I","incidenza dei giovani Neet di 15-34 anni (non occupati e non in istruzione)","9","totale","Y15-29","15-29 anni","TOT","totale","2021-Q4","T4-2021",22.615927,,
"IT","Italia","NEET_I","incidenza dei giovani Neet di 15-34 anni (non occupati e non in istruzione)","9","totale","Y15-29","15-29 anni","TOT","totale","2022-Q1","T1-2022",21.537065,,
"IT","Italia","NEET_I","incidenza dei giovani Neet di 15-34 anni (non occupati e non in istruzione)","9","totale","Y15-29","15-29 anni","TOT","totale","2022-Q2","T2-2022",19.350483,,
"IT","Italia","NEET_I","incidenza dei giovani Neet di 15-34 anni (non occupati e non in istruzione)","9","totale","Y15-29","15-29 anni","TOT","totale","2022-Q3","T3-2022",17.624353,,
"IT","Italia","NEET_I","incidenza dei giovani Neet di 15-34 anni (non occupati e non in istruzione)","9","totale","Y15-29","15-29 anni","TOT","totale","2022-Q4","T4-2022",17.625952,,
"IT","Italia","NEET_I","incidenza dei giovani Neet di 15-34 anni (non occupati e non in istruzione)","9","totale","Y15-29","15-29 anni","TOT","totale","2023-Q1","T1-2023",16.512547,,
"IT","Italia","NEET_I","incidenza dei giovani Neet di 15-34 anni (non occupati e non in istruzione)","9","totale","Y15-29","15-29 anni","TOT","totale","2023-Q2","T2-2023",15.702338,,
"IT","Italia","NEET_I","incidenza dei giovani Neet di 15-34 anni (non occupati e non in istruzione)","9","totale","Y15-29","15-29 anni","TOT","totale","2023-Q3","T3-2023",16.5466,,
"IT","Italia","NEET_I","incidenza dei giovani Neet di 15-34 anni (non occupati e non in istruzione)","9","totale","Y15-29","15-29 anni","TOT","totale","2023-Q4","T4-2023",15.465704,,
"ITCD","Nord","NEET_I","incidenza dei giovani Neet di 15-34 anni (non occupati e non in istruzione)","1","maschi","Y15-29","15-29 anni","SD","figlio/a","2021","2021",15.738014,,
"ITCD","Nord","NEET_I","incidenza dei giovani Neet di 15-34 anni (non occupati e non in istruzione)","1","maschi","Y15-29","15-29 anni","SD","figlio/a","2022","2022",12.547858,,
"ITCD","Nord","NEET_I","incidenza dei giovani Neet di 15-34 anni (non occupati e non in istruzione)","1","maschi","Y15-29","15-29 anni","SD","figlio/a","2023","2023",9.104884,,
"ITCD","Nord","NEET_I","incidenza dei giovani Neet di 15-34 anni (non occupati e non in istruzione)","2","femmine","Y15-29","15-29 anni","SD","figlio/a","2021","2021",15.479743,,
"ITCD","Nord","NEET_I","incidenza dei giovani Neet di 15-34 anni (non occupati e non in istruzione)","2","femmine","Y15-29","15-29 anni","SD","figlio/a","2022","2022",11.42262,,
"ITCD","Nord","NEET_I","incidenza dei giovani Neet di 15-34 anni (non occupati e non in istruzione)","2","femmine","Y15-29","15-29 anni","SD","figlio/a","2023","2023",8.943703,,
"ITCD","Nord","NEET_I","incidenza dei giovani Neet di 15-34 anni (non occupati e non in istruzione)","9","totale","Y15-29","15-29 anni","SD","figlio/a","2021","2021",15.619513,,
"ITCD","Nord","NEET_I","incidenza dei giovani Neet di 15-34 anni (non occupati e non in istruzione)","9","totale","Y15-29","15-29 anni","SD","figlio/a","2022","2022",12.027729,,
"ITCD","Nord","NEET_I","incidenza dei giovani Neet di 15-34 anni (non occupati e non in istruzione)","9","totale","Y15-29","15-29 anni","SD","figlio/a","2023","2023",9.02961,,
"ITCD","Nord","NEET_I","incidenza dei giovani Neet di 15-34 anni (non occupati e non in istruzione)","1","maschi","Y15-29","15-29 anni","PA","genitore","2021","2021",10.862146,,
"ITCD","Nord","NEET_I","incidenza dei giovani Neet di 15-34 anni (non occupati e non in istruzione)","1","maschi","Y15-29","15-29 anni","PA","genitore","2022","2022",7.688601,,
"ITCD","Nord","NEET_I","incidenza dei giovani Neet di 15-34 anni (non occupati e non in istruzione)","1","maschi","Y15-29","15-29 anni","PA","genitore","2023","2023",5.607837,,
"ITCD","Nord","NEET_I","incidenza dei giovani Neet di 15-34 anni (non occupati e non in istruzione)","2","femmine","Y15-29","15-29 anni","PA","genitore","2021","2021",54.42676,,
"ITCD","Nord","NEET_I","incidenza dei giovani Neet di 15-34 anni (non occupati e non in istruzione)","2","femmine","Y15-29","15-29 anni","PA","genitore","2022","2022",53.484697,,
"ITCD","Nord","NEET_I","incidenza dei giovani Neet di 15-34 anni (non occupati e non in istruzione)","2","femmine","Y15-29","15-29 anni","PA","genitore","2023","2023",50.365172,,
"ITCD","Nord","NEET_I","incidenza dei giovani Neet di 15-34 anni (non occupati e non in istruzione)","9","totale","Y15-29","15-29 anni","PA","genitore","2021","2021",44.607365,,
"ITCD","Nord","NEET_I","incidenza dei giovani Neet di 15-34 anni (non occupati e non in istruzione)","9","totale","Y15-29","15-29 anni","PA","genitore","2022","2022",42.308289,,
"ITCD","Nord","NEET_I","incidenza dei giovani Neet di 15-34 anni (non occupati e non in istruzione)","9","totale","Y15-29","15-29 anni","PA","genitore","2023","2023",38.46781,,
"ITCD","Nord","NEET_I","incidenza dei giovani Neet di 15-34 anni (non occupati e non in istruzione)","1","maschi","Y15-29","15-29 anni","SPO","single, partner senza figli, altro ruolo","2021","2021",9.07064,,
"ITCD","Nord","NEET_I","incidenza dei giovani Neet di 15-34 anni (non occupati e non in istruzione)","1","maschi","Y15-29","15-29 anni","SPO","single, partner senza figli, altro ruolo","2022","2022",7.910535,,
"ITCD","Nord","NEET_I","incidenza dei giovani Neet di 15-34 anni (non occupati e non in istruzione)","1","maschi","Y15-29","15-29 anni","SPO","single, partner senza figli, altro ruolo","2023","2023",6.929076,,
"ITCD","Nord","NEET_I","incidenza dei giovani Neet di 15-34 anni (non occupati e non in istruzione)","2","femmine","Y15-29","15-29 anni","SPO","single, partner senza figli, altro ruolo","2021","2021",16.811295,,
"ITCD","Nord","NEET_I","incidenza dei giovani Neet di 15-34 anni (non occupati e non in istruzione)","2","femmine","Y15-29","15-29 anni","SPO","single, partner senza figli, altro ruolo","2022","2022",13.130443,,
"ITCD","Nord","NEET_I","incidenza dei giovani Neet di 15-34 anni (non occupati e non in istruzione)","2","femmine","Y15-29","15-29 anni","SPO","single, partner senza figli, altro ruolo","2023","2023",14.574496,,
"ITCD","Nord","NEET_I","incidenza dei giovani Neet di 15-34 anni (non occupati e non in istruzione)","9","totale","Y15-29","15-29 anni","SPO","single, partner senza figli, altro ruolo","2021","2021",13.075826,,
"ITCD","Nord","NEET_I","incidenza dei giovani Neet di 15-34 anni (non occupati e non in istruzione)","9","totale","Y15-29","15-29 anni","SPO","single, partner senza figli, altro ruolo","2022","2022",10.529853,,
"ITCD","Nord","NEET_I","incidenza dei giovani Neet di 15-34 anni (non occupati e non in istruzione)","9","totale","Y15-29","15-29 anni","SPO","single, partner senza figli, altro ruolo","2023","2023",10.566345,,
"ITCD","Nord","NEET_I","incidenza dei giovani Neet di 15-34 anni (non occupati e non in istruzione)","1","maschi","Y15-29","15-29 anni","TOT","totale","2021","2021",14.86908,,
"ITCD","Nord","NEET_I","incidenza dei giovani Neet di 15-34 anni (non occupati e non in istruzione)","1","maschi","Y15-29","15-29 anni","TOT","totale","2022","2022",11.88212,,
"ITCD","Nord","NEET_I","incidenza dei giovani Neet di 15-34 anni (non occupati e non in istruzione)","1","maschi","Y15-29","15-29 anni","TOT","totale","2023","2023",8.752831,,
"ITCD","Nord","NEET_I","incidenza dei giovani Neet di 15-34 anni (non occupati e non in istruzione)","1","maschi","Y15-29","15-29 anni","TOT","totale","2021-Q1","T1-2021",15.247268,,
"ITCD","Nord","NEET_I","incidenza dei giovani Neet di 15-34 anni (non occupati e non in istruzione)","1","maschi","Y15-29","15-29 anni","TOT","totale","2021-Q2","T2-2021",14.731814,,
"ITCD","Nord","NEET_I","incidenza dei giovani Neet di 15-34 anni (non occupati e non in istruzione)","1","maschi","Y15-29","15-29 anni","TOT","totale","2021-Q3","T3-2021",14.464202,,
"ITCD","Nord","NEET_I","incidenza dei giovani Neet di 15-34 anni (non occupati e non in istruzione)","1","maschi","Y15-29","15-29 anni","TOT","totale","2021-Q4","T4-2021",15.032506,,
"ITCD","Nord","NEET_I","incidenza dei giovani Neet di 15-34 anni (non occupati e non in istruzione)","1","maschi","Y15-29","15-29 anni","TOT","totale","2022-Q1","T1-2022",14.714356,,
"ITCD","Nord","NEET_I","incidenza dei giovani Neet di 15-34 anni (non occupati e non in istruzione)","1","maschi","Y15-29","15-29 anni","TOT","totale","2022-Q2","T2-2022",12.300727,,
"ITCD","Nord","NEET_I","incidenza dei giovani Neet di 15-34 anni (non occupati e non in istruzione)","1","maschi","Y15-29","15-29 anni","TOT","totale","2022-Q3","T3-2022",10.916194,,
"ITCD","Nord","NEET_I","incidenza dei giovani Neet di 15-34 anni (non occupati e non in istruzione)","1","maschi","Y15-29","15-29 anni","TOT","totale","2022-Q4","T4-2022",9.599866,,
"ITCD","Nord","NEET_I","incidenza dei giovani Neet di 15-34 anni (non occupati e non in istruzione)","1","maschi","Y15-29","15-29 anni","TOT","totale","2023-Q1","T1-2023",8.636181,,
"ITCD","Nord","NEET_I","incidenza dei giovani Neet di 15-34 anni (non occupati e non in istruzione)","1","maschi","Y15-29","15-29 anni","TOT","totale","2023-Q2","T2-2023",9.064489,,
"ITCD","Nord","NEET_I","incidenza dei giovani Neet di 15-34 anni (non occupati e non in istruzione)","1","maschi","Y15-29","15-29 anni","TOT","totale","2023-Q3","T3-2023",9.54295,,
"ITCD","Nord","NEET_I","incidenza dei giovani Neet di 15-34 anni (non occupati e non in istruzione)","1","maschi","Y15-29","15-29 anni","TOT","totale","2023-Q4","T4-2023",7.771305,,
"ITCD","Nord","NEET_I","incidenza dei giovani Neet di 15-34 anni (non occupati e non in istruzione)","2","femmine","Y15-29","15-29 anni","TOT","totale","2021","2021",19.270478,,
"ITCD","Nord","NEET_I","incidenza dei giovani Neet di 15-34 anni (non occupati e non in istruzione)","2","femmine","Y15-29","15-29 anni","TOT","totale","2022","2022",15.184591,,
"ITCD","Nord","NEET_I","incidenza dei giovani Neet di 15-34 anni (non occupati e non in istruzione)","2","femmine","Y15-29","15-29 anni","TOT","totale","2023","2023",12.998362,,
"ITCD","Nord","NEET_I","incidenza dei giovani Neet di 15-34 anni (non occupati e non in istruzione)","2","femmine","Y15-29","15-29 anni","TOT","totale","2021-Q1","T1-2021",19.225132,,
"ITCD","Nord","NEET_I","incidenza dei giovani Neet di 15-34 anni (non occupati e non in istruzione)","2","femmine","Y15-29","15-29 anni","TOT","totale","2021-Q2","T2-2021",18.715653,,
"ITCD","Nord","NEET_I","incidenza dei giovani Neet di 15-34 anni (non occupati e non in istruzione)","2","femmine","Y15-29","15-29 anni","TOT","totale","2021-Q3","T3-2021",20.151657,,
"ITCD","Nord","NEET_I","incidenza dei giovani Neet di 15-34 anni (non occupati e non in istruzione)","2","femmine","Y15-29","15-29 anni","TOT","totale","2021-Q4","T4-2021",18.990108,,
"ITCD","Nord","NEET_I","incidenza dei giovani Neet di 15-34 anni (non occupati e non in istruzione)","2","femmine","Y15-29","15-29 anni","TOT","totale","2022-Q1","T1-2022",17.36045,,
"ITCD","Nord","NEET_I","incidenza dei giovani Neet di 15-34 anni (non occupati e non in istruzione)","2","femmine","Y15-29","15-29 anni","TOT","totale","2022-Q2","T2-2022",15.677363,,
"ITCD","Nord","NEET_I","incidenza dei giovani Neet di 15-34 anni (non occupati e non in istruzione)","2","femmine","Y15-29","15-29 anni","TOT","totale","2022-Q3","T3-2022",14.316543,,
"ITCD","Nord","NEET_I","incidenza dei giovani Neet di 15-34 anni (non occupati e non in istruzione)","2","femmine","Y15-29","15-29 anni","TOT","totale","2022-Q4","T4-2022",13.379942,,
"ITCD","Nord","NEET_I","incidenza dei giovani Neet di 15-34 anni (non occupati e non in istruzione)","2","femmine","Y15-29","15-29 anni","TOT","totale","2023-Q1","T1-2023",12.854611,,
"ITCD","Nord","NEET_I","incidenza dei giovani Neet di 15-34 anni (non occupati e non in istruzione)","2","femmine","Y15-29","15-29 anni","TOT","totale","2023-Q2","T2-2023",12.822799,,
"ITCD","Nord","NEET_I","incidenza dei giovani Neet di 15-34 anni (non occupati e non in istruzione)","2","femmine","Y15-29","15-29 anni","TOT","totale","2023-Q3","T3-2023",13.932586,,
"ITCD","Nord","NEET_I","incidenza dei giovani Neet di 15-34 anni (non occupati e non in istruzione)","2","femmine","Y15-29","15-29 anni","TOT","totale","2023-Q4","T4-2023",12.383567,,
"ITCD","Nord","NEET_I","incidenza dei giovani Neet di 15-34 anni (non occupati e non in istruzione)","9","totale","Y15-29","15-29 anni","TOT","totale","2021","2021",17.000545,,
"ITCD","Nord","NEET_I","incidenza dei giovani Neet di 15-34 anni (non occupati e non in istruzione)","9","totale","Y15-29","15-29 anni","TOT","totale","2022","2022",13.476692,,
"ITCD","Nord","NEET_I","incidenza dei giovani Neet di 15-34 anni (non occupati e non in istruzione)","9","totale","Y15-29","15-29 anni","TOT","totale","2023","2023",10.800537,,
"ITCD","Nord","NEET_I","incidenza dei giovani Neet di 15-34 anni (non occupati e non in istruzione)","9","totale","Y15-29","15-29 anni","TOT","totale","2021-Q1","T1-2021",17.176174,,
"ITCD","Nord","NEET_I","incidenza dei giovani Neet di 15-34 anni (non occupati e non in istruzione)","9","totale","Y15-29","15-29 anni","TOT","totale","2021-Q2","T2-2021",16.663448,,
"ITCD","Nord","NEET_I","incidenza dei giovani Neet di 15-34 anni (non occupati e non in istruzione)","9","totale","Y15-29","15-29 anni","TOT","totale","2021-Q3","T3-2021",17.21839,,
"ITCD","Nord","NEET_I","incidenza dei giovani Neet di 15-34 anni (non occupati e non in istruzione)","9","totale","Y15-29","15-29 anni","TOT","totale","2021-Q4","T4-2021",16.944343,,
"ITCD","Nord","NEET_I","incidenza dei giovani Neet di 15-34 anni (non occupati e non in istruzione)","9","totale","Y15-29","15-29 anni","TOT","totale","2022-Q1","T1-2022",15.99268,,
"ITCD","Nord","NEET_I","incidenza dei giovani Neet di 15-34 anni (non occupati e non in istruzione)","9","totale","Y15-29","15-29 anni","TOT","totale","2022-Q2","T2-2022",13.931661,,
"ITCD","Nord","NEET_I","incidenza dei giovani Neet di 15-34 anni (non occupati e non in istruzione)","9","totale","Y15-29","15-29 anni","TOT","totale","2022-Q3","T3-2022",12.55853,,
"ITCD","Nord","NEET_I","incidenza dei giovani Neet di 15-34 anni (non occupati e non in istruzione)","9","totale","Y15-29","15-29 anni","TOT","totale","2022-Q4","T4-2022",11.422816,,
"ITCD","Nord","NEET_I","incidenza dei giovani Neet di 15-34 anni (non occupati e non in istruzione)","9","totale","Y15-29","15-29 anni","TOT","totale","2023-Q1","T1-2023",10.670916,,
"ITCD","Nord","NEET_I","incidenza dei giovani Neet di 15-34 anni (non occupati e non in istruzione)","9","totale","Y15-29","15-29 anni","TOT","totale","2023-Q2","T2-2023",10.877645,,
"ITCD","Nord","NEET_I","incidenza dei giovani Neet di 15-34 anni (non occupati e non in istruzione)","9","totale","Y15-29","15-29 anni","TOT","totale","2023-Q3","T3-2023",11.660353,,
"ITCD","Nord","NEET_I","incidenza dei giovani Neet di 15-34 anni (non occupati e non in istruzione)","9","totale","Y15-29","15-29 anni","TOT","totale","2023-Q4","T4-2023",9.995141,,
"ITC","Nord-ovest","NEET_I","incidenza dei giovani Neet di 15-34 anni (non occupati e non in istruzione)","1","maschi","Y15-29","15-29 anni","SD","figlio/a","2021","2021",17.844376,,
"ITC","Nord-ovest","NEET_I","incidenza dei giovani Neet di 15-34 anni (non occupati e non in istruzione)","1","maschi","Y15-29","15-29 anni","SD","figlio/a","2022","2022",13.058103,,
"ITC","Nord-ovest","NEET_I","incidenza dei giovani Neet di 15-34 anni (non occupati e non in istruzione)","1","maschi","Y15-29","15-29 anni","SD","figlio/a","2023","2023",9.850781,,
"ITC","Nord-ovest","NEET_I","incidenza dei giovani Neet di 15-34 anni (non occupati e non in istruzione)","2","femmine","Y15-29","15-29 anni","SD","figlio/a","2021","2021",16.785141,,
"ITC","Nord-ovest","NEET_I","incidenza dei giovani Neet di 15-34 anni (non occupati e non in istruzione)","2","femmine","Y15-29","15-29 anni","SD","figlio/a","2022","2022",12.407909,,
"ITC","Nord-ovest","NEET_I","incidenza dei giovani Neet di 15-34 anni (non occupati e non in istruzione)","2","femmine","Y15-29","15-29 anni","SD","figlio/a","2023","2023",8.710156,,
"ITC","Nord-ovest","NEET_I","incidenza dei giovani Neet di 15-34 anni (non occupati e non in istruzione)","9","totale","Y15-29","15-29 anni","SD","figlio/a","2021","2021",17.359216,,
"ITC","Nord-ovest","NEET_I","incidenza dei giovani Neet di 15-34 anni (non occupati e non in istruzione)","9","totale","Y15-29","15-29 anni","SD","figlio/a","2022","2022",12.756342,,
"ITC","Nord-ovest","NEET_I","incidenza dei giovani Neet di 15-34 anni (non occupati e non in istruzione)","9","totale","Y15-29","15-29 anni","SD","figlio/a","2023","2023",9.314197,,
"ITC","Nord-ovest","NEET_I","incidenza dei giovani Neet di 15-34 anni (non occupati e non in istruzione)","1","maschi","Y15-29","15-29 anni","PA","genitore","2021","2021",10.488173,,
"ITC","Nord-ovest","NEET_I","incidenza dei giovani Neet di 15-34 anni (non occupati e non in istruzione)","1","maschi","Y15-29","15-29 anni","PA","genitore","2022","2022",9.398736,,
"ITC","Nord-ovest","NEET_I","incidenza dei giovani Neet di 15-34 anni (non occupati e non in istruzione)","1","maschi","Y15-29","15-29 anni","PA","genitore","2023","2023",5.972444,,
"ITC","Nord-ovest","NEET_I","incidenza dei giovani Neet di 15-34 anni (non occupati e non in istruzione)","2","femmine","Y15-29","15-29 anni","PA","genitore","2021","2021",56.465361,,
"ITC","Nord-ovest","NEET_I","incidenza dei giovani Neet di 15-34 anni (non occupati e non in istruzione)","2","femmine","Y15-29","15-29 anni","PA","genitore","2022","2022",55.227246,,
"ITC","Nord-ovest","NEET_I","incidenza dei giovani Neet di 15-34 anni (non occupati e non in istruzione)","2","femmine","Y15-29","15-29 anni","PA","genitore","2023","2023",53.272995,,
"ITC","Nord-ovest","NEET_I","incidenza dei giovani Neet di 15-34 anni (non occupati e non in istruzione)","9","totale","Y15-29","15-29 anni","PA","genitore","2021","2021",45.607353,,
"ITC","Nord-ovest","NEET_I","incidenza dei giovani Neet di 15-34 anni (non occupati e non in istruzione)","9","totale","Y15-29","15-29 anni","PA","genitore","2022","2022",43.731487,,
"ITC","Nord-ovest","NEET_I","incidenza dei giovani Neet di 15-34 anni (non occupati e non in istruzione)","9","totale","Y15-29","15-29 anni","PA","genitore","2023","2023",40.242642,,
"ITC","Nord-ovest","NEET_I","incidenza dei giovani Neet di 15-34 anni (non occupati e non in istruzione)","1","maschi","Y15-29","15-29 anni","SPO","single, partner senza figli, altro ruolo","2021","2021",9.250038,,
"ITC","Nord-ovest","NEET_I","incidenza dei giovani Neet di 15-34 anni (non occupati e non in istruzione)","1","maschi","Y15-29","15-29 anni","SPO","single, partner senza figli, altro ruolo","2022","2022",7.106239,,
"ITC","Nord-ovest","NEET_I","incidenza dei giovani Neet di 15-34 anni (non occupati e non in istruzione)","1","maschi","Y15-29","15-29 anni","SPO","single, partner senza figli, altro ruolo","2023","2023",7.037445,,
"ITC","Nord-ovest","NEET_I","incidenza dei giovani Neet di 15-34 anni (non occupati e non in istruzione)","2","femmine","Y15-29","15-29 anni","SPO","single, partner senza figli, altro ruolo","2021","2021",18.480159,,
"ITC","Nord-ovest","NEET_I","incidenza dei giovani Neet di 15-34 anni (non occupati e non in istruzione)","2","femmine","Y15-29","15-29 anni","SPO","single, partner senza figli, altro ruolo","2022","2022",13.630427,,
"ITC","Nord-ovest","NEET_I","incidenza dei giovani Neet di 15-34 anni (non occupati e non in istruzione)","2","femmine","Y15-29","15-29 anni","SPO","single, partner senza figli, altro ruolo","2023","2023",13.120534,,
"ITC","Nord-ovest","NEET_I","incidenza dei giovani Neet di 15-34 anni (non occupati e non in istruzione)","9","totale","Y15-29","15-29 anni","SPO","single, partner senza figli, altro ruolo","2021","2021",14.061433,,
"ITC","Nord-ovest","NEET_I","incidenza dei giovani Neet di 15-34 anni (non occupati e non in istruzione)","9","totale","Y15-29","15-29 anni","SPO","single, partner senza figli, altro ruolo","2022","2022",10.321365,,
"ITC","Nord-ovest","NEET_I","incidenza dei giovani Neet di 15-34 anni (non occupati e non in istruzione)","9","totale","Y15-29","15-29 anni","SPO","single, partner senza figli, altro ruolo","2023","2023",9.839346,,
"ITC","Nord-ovest","NEET_I","incidenza dei giovani Neet di 15-34 anni (non occupati e non in istruzione)","1","maschi","Y15-29","15-29 anni","TOT","totale","2021","2021",16.658099,,
"ITC","Nord-ovest","NEET_I","incidenza dei giovani Neet di 15-34 anni (non occupati e non in istruzione)","1","maschi","Y15-29","15-29 anni","TOT","totale","2022","2022",12.253073,,
"ITC","Nord-ovest","NEET_I","incidenza dei giovani Neet di 15-34 anni (non occupati e non in istruzione)","1","maschi","Y15-29","15-29 anni","TOT","totale","2023","2023",9.390083,,
"ITC","Nord-ovest","NEET_I","incidenza dei giovani Neet di 15-34 anni (non occupati e non in istruzione)","1","maschi","Y15-29","15-29 anni","TOT","totale","2021-Q1","T1-2021",17.147982,,
"ITC","Nord-ovest","NEET_I","incidenza dei giovani Neet di 15-34 anni (non occupati e non in istruzione)","1","maschi","Y15-29","15-29 anni","TOT","totale","2021-Q2","T2-2021",16.899099,,
"ITC","Nord-ovest","NEET_I","incidenza dei giovani Neet di 15-34 anni (non occupati e non in istruzione)","1","maschi","Y15-29","15-29 anni","TOT","totale","2021-Q3","T3-2021",16.872028,,
"ITC","Nord-ovest","NEET_I","incidenza dei giovani Neet di 15-34 anni (non occupati e non in istruzione)","1","maschi","Y15-29","15-29 anni","TOT","totale","2021-Q4","T4-2021",15.722726,,
"ITC","Nord-ovest","NEET_I","incidenza dei giovani Neet di 15-34 anni (non occupati e non in istruzione)","1","maschi","Y15-29","15-29 anni","TOT","totale","2022-Q1","T1-2022",14.598627,,
"ITC","Nord-ovest","NEET_I","incidenza dei giovani Neet di 15-34 anni (non occupati e non in istruzione)","1","maschi","Y15-29","15-29 anni","TOT","totale","2022-Q2","T2-2022",12.144443,,
"ITC","Nord-ovest","NEET_I","incidenza dei giovani Neet di 15-34 anni (non occupati e non in istruzione)","1","maschi","Y15-29","15-29 anni","TOT","totale","2022-Q3","T3-2022",11.729552,,
"ITC","Nord-ovest","NEET_I","incidenza dei giovani Neet di 15-34 anni (non occupati e non in istruzione)","1","maschi","Y15-29","15-29 anni","TOT","totale","2022-Q4","T4-2022",10.544874,,
"ITC","Nord-ovest","NEET_I","incidenza dei giovani Neet di 15-34 anni (non occupati e non in istruzione)","1","maschi","Y15-29","15-29 anni","TOT","totale","2023-Q1","T1-2023",8.610287,,
"ITC","Nord-ovest","NEET_I","incidenza dei giovani Neet di 15-34 anni (non occupati e non in istruzione)","1","maschi","Y15-29","15-29 anni","TOT","totale","2023-Q2","T2-2023",9.643732,,
"ITC","Nord-ovest","NEET_I","incidenza dei giovani Neet di 15-34 anni (non occupati e non in istruzione)","1","maschi","Y15-29","15-29 anni","TOT","totale","2023-Q3","T3-2023",10.996028,,
"ITC","Nord-ovest","NEET_I","incidenza dei giovani Neet di 15-34 anni (non occupati e non in istruzione)","1","maschi","Y15-29","15-29 anni","TOT","totale","2023-Q4","T4-2023",8.309702,,
"ITC","Nord-ovest","NEET_I","incidenza dei giovani Neet di 15-34 anni (non occupati e non in istruzione)","2","femmine","Y15-29","15-29 anni","TOT","totale","2021","2021",20.822799,,
"ITC","Nord-ovest","NEET_I","incidenza dei giovani Neet di 15-34 anni (non occupati e non in istruzione)","2","femmine","Y15-29","15-29 anni","TOT","totale","2022","2022",16.210649,,
"ITC","Nord-ovest","NEET_I","incidenza dei giovani Neet di 15-34 anni (non occupati e non in istruzione)","2","femmine","Y15-29","15-29 anni","TOT","totale","2023","2023",12.677932,,
"ITC","Nord-ovest","NEET_I","incidenza dei giovani Neet di 15-34 anni (non occupati e non in istruzione)","2","femmine","Y15-29","15-29 anni","TOT","totale","2021-Q1","T1-2021",21.183926,,
"ITC","Nord-ovest","NEET_I","incidenza dei giovani Neet di 15-34 anni (non occupati e non in istruzione)","2","femmine","Y15-29","15-29 anni","TOT","totale","2021-Q2","T2-2021",20.46883,,
"ITC","Nord-ovest","NEET_I","incidenza dei giovani Neet di 15-34 anni (non occupati e non in istruzione)","2","femmine","Y15-29","15-29 anni","TOT","totale","2021-Q3","T3-2021",21.320378,,
"ITC","Nord-ovest","NEET_I","incidenza dei giovani Neet di 15-34 anni (non occupati e non in istruzione)","2","femmine","Y15-29","15-29 anni","TOT","totale","2021-Q4","T4-2021",20.320648,,
"ITC","Nord-ovest","NEET_I","incidenza dei giovani Neet di 15-34 anni (non occupati e non in istruzione)","2","femmine","Y15-29","15-29 anni","TOT","totale","2022-Q1","T1-2022",18.337689,,
"ITC","Nord-ovest","NEET_I","incidenza dei giovani Neet di 15-34 anni (non occupati e non in istruzione)","2","femmine","Y15-29","15-29 anni","TOT","totale","2022-Q2","T2-2022",17.19423,,
"ITC","Nord-ovest","NEET_I","incidenza dei giovani Neet di 15-34 anni (non occupati e non in istruzione)","2","femmine","Y15-29","15-29 anni","TOT","totale","2022-Q3","T3-2022",15.124266,,
"ITC","Nord-ovest","NEET_I","incidenza dei giovani Neet di 15-34 anni (non occupati e non in istruzione)","2","femmine","Y15-29","15-29 anni","TOT","totale","2022-Q4","T4-2022",14.182848,,
"ITC","Nord-ovest","NEET_I","incidenza dei giovani Neet di 15-34 anni (non occupati e non in istruzione)","2","femmine","Y15-29","15-29 anni","TOT","totale","2023-Q1","T1-2023",12.604964,,
"ITC","Nord-ovest","NEET_I","incidenza dei giovani Neet di 15-34 anni (non occupati e non in istruzione)","2","femmine","Y15-29","15-29 anni","TOT","totale","2023-Q2","T2-2023",12.180661,,
"ITC","Nord-ovest","NEET_I","incidenza dei giovani Neet di 15-34 anni (non occupati e non in istruzione)","2","femmine","Y15-29","15-29 anni","TOT","totale","2023-Q3","T3-2023",14.052265,,
"ITC","Nord-ovest","NEET_I","incidenza dei giovani Neet di 15-34 anni (non occupati e non in istruzione)","2","femmine","Y15-29","15-29 anni","TOT","totale","2023-Q4","T4-2023",11.87422,,
"ITC","Nord-ovest","NEET_I","incidenza dei giovani Neet di 15-34 anni (non occupati e non in istruzione)","9","totale","Y15-29","15-29 anni","TOT","totale","2021","2021",18.675679,,
"ITC","Nord-ovest","NEET_I","incidenza dei giovani Neet di 15-34 anni (non occupati e non in istruzione)","9","totale","Y15-29","15-29 anni","TOT","totale","2022","2022",14.165355,,
"ITC","Nord-ovest","NEET_I","incidenza dei giovani Neet di 15-34 anni (non occupati e non in istruzione)","9","totale","Y15-29","15-29 anni","TOT","totale","2023","2023",10.976058,,
"ITC","Nord-ovest","NEET_I","incidenza dei giovani Neet di 15-34 anni (non occupati e non in istruzione)","9","totale","Y15-29","15-29 anni","TOT","totale","2021-Q1","T1-2021",19.105244,,
"ITC","Nord-ovest","NEET_I","incidenza dei giovani Neet di 15-34 anni (non occupati e non in istruzione)","9","totale","Y15-29","15-29 anni","TOT","totale","2021-Q2","T2-2021",18.63017,,
"ITC","Nord-ovest","NEET_I","incidenza dei giovani Neet di 15-34 anni (non occupati e non in istruzione)","9","totale","Y15-29","15-29 anni","TOT","totale","2021-Q3","T3-2021",19.026559,,
"ITC","Nord-ovest","NEET_I","incidenza dei giovani Neet di 15-34 anni (non occupati e non in istruzione)","9","totale","Y15-29","15-29 anni","TOT","totale","2021-Q4","T4-2021",17.946063,,
"ITC","Nord-ovest","NEET_I","incidenza dei giovani Neet di 15-34 anni (non occupati e non in istruzione)","9","totale","Y15-29","15-29 anni","TOT","totale","2022-Q1","T1-2022",16.406482,,
"ITC","Nord-ovest","NEET_I","incidenza dei giovani Neet di 15-34 anni (non occupati e non in istruzione)","9","totale","Y15-29","15-29 anni","TOT","totale","2022-Q2","T2-2022",14.585685,,
"ITC","Nord-ovest","NEET_I","incidenza dei giovani Neet di 15-34 anni (non occupati e non in istruzione)","9","totale","Y15-29","15-29 anni","TOT","totale","2022-Q3","T3-2022",13.37066,,
"ITC","Nord-ovest","NEET_I","incidenza dei giovani Neet di 15-34 anni (non occupati e non in istruzione)","9","totale","Y15-29","15-29 anni","TOT","totale","2022-Q4","T4-2022",12.299695,,
"ITC","Nord-ovest","NEET_I","incidenza dei giovani Neet di 15-34 anni (non occupati e non in istruzione)","9","totale","Y15-29","15-29 anni","TOT","totale","2023-Q1","T1-2023",10.537734,,
"ITC","Nord-ovest","NEET_I","incidenza dei giovani Neet di 15-34 anni (non occupati e non in istruzione)","9","totale","Y15-29","15-29 anni","TOT","totale","2023-Q2","T2-2023",10.867682,,
"ITC","Nord-ovest","NEET_I","incidenza dei giovani Neet di 15-34 anni (non occupati e non in istruzione)","9","totale","Y15-29","15-29 anni","TOT","totale","2023-Q3","T3-2023",12.470236,,
"ITC","Nord-ovest","NEET_I","incidenza dei giovani Neet di 15-34 anni (non occupati e non in istruzione)","9","totale","Y15-29","15-29 anni","TOT","totale","2023-Q4","T4-2023",10.028493,,
"ITD","Nord-est","NEET_I","incidenza dei giovani Neet di 15-34 anni (non occupati e non in istruzione)","1","maschi","Y15-29","15-29 anni","SD","figlio/a","2021","2021",12.922629,,
"ITD","Nord-est","NEET_I","incidenza dei giovani Neet di 15-34 anni (non occupati e non in istruzione)","1","maschi","Y15-29","15-29 anni","SD","figlio/a","2022","2022",11.864038,,
"ITD","Nord-est","NEET_I","incidenza dei giovani Neet di 15-34 anni (non occupati e non in istruzione)","1","maschi","Y15-29","15-29 anni","SD","figlio/a","2023","2023",8.115727,,
"ITD","Nord-est","NEET_I","incidenza dei giovani Neet di 15-34 anni (non occupati e non in istruzione)","2","femmine","Y15-29","15-29 anni","SD","figlio/a","2021","2021",13.749793,,
"ITD","Nord-est","NEET_I","incidenza dei giovani Neet di 15-34 anni (non occupati e non in istruzione)","2","femmine","Y15-29","15-29 anni","SD","figlio/a","2022","2022",10.079291,,
"ITD","Nord-est","NEET_I","incidenza dei giovani Neet di 15-34 anni (non occupati e non in istruzione)","2","femmine","Y15-29","15-29 anni","SD","figlio/a","2023","2023",9.264076,,
"ITD","Nord-est","NEET_I","incidenza dei giovani Neet di 15-34 anni (non occupati e non in istruzione)","9","totale","Y15-29","15-29 anni","SD","figlio/a","2021","2021",13.303261,,
"ITD","Nord-est","NEET_I","incidenza dei giovani Neet di 15-34 anni (non occupati e non in istruzione)","9","totale","Y15-29","15-29 anni","SD","figlio/a","2022","2022",11.043482,,
"ITD","Nord-est","NEET_I","incidenza dei giovani Neet di 15-34 anni (non occupati e non in istruzione)","9","totale","Y15-29","15-29 anni","SD","figlio/a","2023","2023",8.646233,,
"ITD","Nord-est","NEET_I","incidenza dei giovani Neet di 15-34 anni (non occupati e non in istruzione)","1","maschi","Y15-29","15-29 anni","PA","genitore","2021","2021",11.5048,,
"ITD","Nord-est","NEET_I","incidenza dei giovani Neet di 15-34 anni (non occupati e non in istruzione)","1","maschi","Y15-29","15-29 anni","PA","genitore","2022","2022",5.080786,,
"ITD","Nord-est","NEET_I","incidenza dei giovani Neet di 15-34 anni (non occupati e non in istruzione)","1","maschi","Y15-29","15-29 anni","PA","genitore","2023","2023",5.124654,,
"ITD","Nord-est","NEET_I","incidenza dei giovani Neet di 15-34 anni (non occupati e non in istruzione)","2","femmine","Y15-29","15-29 anni","PA","genitore","2021","2021",51.430213,,
"ITD","Nord-est","NEET_I","incidenza dei giovani Neet di 15-34 anni (non occupati e non in istruzione)","2","femmine","Y15-29","15-29 anni","PA","genitore","2022","2022",51.054513,,
"ITD","Nord-est","NEET_I","incidenza dei giovani Neet di 15-34 anni (non occupati e non in istruzione)","2","femmine","Y15-29","15-29 anni","PA","genitore","2023","2023",46.91519,,
"ITD","Nord-est","NEET_I","incidenza dei giovani Neet di 15-34 anni (non occupati e non in istruzione)","9","totale","Y15-29","15-29 anni","PA","genitore","2021","2021",43.086303,,
"ITD","Nord-est","NEET_I","incidenza dei giovani Neet di 15-34 anni (non occupati e non in istruzione)","9","totale","Y15-29","15-29 anni","PA","genitore","2022","2022",40.280993,,
"ITD","Nord-est","NEET_I","incidenza dei giovani Neet di 15-34 anni (non occupati e non in istruzione)","9","totale","Y15-29","15-29 anni","PA","genitore","2023","2023",36.299754,,
"ITD","Nord-est","NEET_I","incidenza dei giovani Neet di 15-34 anni (non occupati e non in istruzione)","1","maschi","Y15-29","15-29 anni","SPO","single, partner senza figli, altro ruolo","2021","2021",8.815217,,
"ITD","Nord-est","NEET_I","incidenza dei giovani Neet di 15-34 anni (non occupati e non in istruzione)","1","maschi","Y15-29","15-29 anni","SPO","single, partner senza figli, altro ruolo","2022","2022",9.040892,,
"ITD","Nord-est","NEET_I","incidenza dei giovani Neet di 15-34 anni (non occupati e non in istruzione)","1","maschi","Y15-29","15-29 anni","SPO","single, partner senza figli, altro ruolo","2023","2023",6.75334,,
"ITD","Nord-est","NEET_I","incidenza dei giovani Neet di 15-34 anni (non occupati e non in istruzione)","2","femmine","Y15-29","15-29 anni","SPO","single, partner senza figli, altro ruolo","2021","2021",14.341661,,
"ITD","Nord-est","NEET_I","incidenza dei giovani Neet di 15-34 anni (non occupati e non in istruzione)","2","femmine","Y15-29","15-29 anni","SPO","single, partner senza figli, altro ruolo","2022","2022",12.484749,,
"ITD","Nord-est","NEET_I","incidenza dei giovani Neet di 15-34 anni (non occupati e non in istruzione)","2","femmine","Y15-29","15-29 anni","SPO","single, partner senza figli, altro ruolo","2023","2023",16.599443,,
"ITD","Nord-est","NEET_I","incidenza dei giovani Neet di 15-34 anni (non occupati e non in istruzione)","9","totale","Y15-29","15-29 anni","SPO","single, partner senza figli, altro ruolo","2021","2021",11.643476,,
"ITD","Nord-est","NEET_I","incidenza dei giovani Neet di 15-34 anni (non occupati e non in istruzione)","9","totale","Y15-29","15-29 anni","SPO","single, partner senza figli, altro ruolo","2022","2022",10.810678,,
"ITD","Nord-est","NEET_I","incidenza dei giovani Neet di 15-34 anni (non occupati e non in istruzione)","9","totale","Y15-29","15-29 anni","SPO","single, partner senza figli, altro ruolo","2023","2023",11.662295,,
"ITD","Nord-est","NEET_I","incidenza dei giovani Neet di 15-34 anni (non occupati e non in istruzione)","1","maschi","Y15-29","15-29 anni","TOT","totale","2021","2021",12.445647,,
"ITD","Nord-est","NEET_I","incidenza dei giovani Neet di 15-34 anni (non occupati e non in istruzione)","1","maschi","Y15-29","15-29 anni","TOT","totale","2022","2022",11.380587,,
"ITD","Nord-est","NEET_I","incidenza dei giovani Neet di 15-34 anni (non occupati e non in istruzione)","1","maschi","Y15-29","15-29 anni","TOT","totale","2023","2023",7.888052,,
"ITD","Nord-est","NEET_I","incidenza dei giovani Neet di 15-34 anni (non occupati e non in istruzione)","1","maschi","Y15-29","15-29 anni","TOT","totale","2021-Q1","T1-2021",12.668381,,
"ITD","Nord-est","NEET_I","incidenza dei giovani Neet di 15-34 anni (non occupati e non in istruzione)","1","maschi","Y15-29","15-29 anni","TOT","totale","2021-Q2","T2-2021",11.793621,,
"ITD","Nord-est","NEET_I","incidenza dei giovani Neet di 15-34 anni (non occupati e non in istruzione)","1","maschi","Y15-29","15-29 anni","TOT","totale","2021-Q3","T3-2021",11.202007,,
"ITD","Nord-est","NEET_I","incidenza dei giovani Neet di 15-34 anni (non occupati e non in istruzione)","1","maschi","Y15-29","15-29 anni","TOT","totale","2021-Q4","T4-2021",14.09992,,
"ITD","Nord-est","NEET_I","incidenza dei giovani Neet di 15-34 anni (non occupati e non in istruzione)","1","maschi","Y15-29","15-29 anni","TOT","totale","2022-Q1","T1-2022",14.870651,,
"ITD","Nord-est","NEET_I","incidenza dei giovani Neet di 15-34 anni (non occupati e non in istruzione)","1","maschi","Y15-29","15-29 anni","TOT","totale","2022-Q2","T2-2022",12.511811,,
"ITD","Nord-est","NEET_I","incidenza dei giovani Neet di 15-34 anni (non occupati e non in istruzione)","1","maschi","Y15-29","15-29 anni","TOT","totale","2022-Q3","T3-2022",9.817748,,
"ITD","Nord-est","NEET_I","incidenza dei giovani Neet di 15-34 anni (non occupati e non in istruzione)","1","maschi","Y15-29","15-29 anni","TOT","totale","2022-Q4","T4-2022",8.318329,,
"ITD","Nord-est","NEET_I","incidenza dei giovani Neet di 15-34 anni (non occupati e non in istruzione)","1","maschi","Y15-29","15-29 anni","TOT","totale","2023-Q1","T1-2023",8.671403,,
"ITD","Nord-est","NEET_I","incidenza dei giovani Neet di 15-34 anni (non occupati e non in istruzione)","1","maschi","Y15-29","15-29 anni","TOT","totale","2023-Q2","T2-2023",8.278326,,
"ITD","Nord-est","NEET_I","incidenza dei giovani Neet di 15-34 anni (non occupati e non in istruzione)","1","maschi","Y15-29","15-29 anni","TOT","totale","2023-Q3","T3-2023",7.570385,,
"ITD","Nord-est","NEET_I","incidenza dei giovani Neet di 15-34 anni (non occupati e non in istruzione)","1","maschi","Y15-29","15-29 anni","TOT","totale","2023-Q4","T4-2023",7.040148,,
"ITD","Nord-est","NEET_I","incidenza dei giovani Neet di 15-34 anni (non occupati e non in istruzione)","2","femmine","Y15-29","15-29 anni","TOT","totale","2021","2021",17.164142,,
"ITD","Nord-est","NEET_I","incidenza dei giovani Neet di 15-34 anni (non occupati e non in istruzione)","2","femmine","Y15-29","15-29 anni","TOT","totale","2022","2022",13.792741,,
"ITD","Nord-est","NEET_I","incidenza dei giovani Neet di 15-34 anni (non occupati e non in istruzione)","2","femmine","Y15-29","15-29 anni","TOT","totale","2023","2023",13.433277,,
"ITD","Nord-est","NEET_I","incidenza dei giovani Neet di 15-34 anni (non occupati e non in istruzione)","2","femmine","Y15-29","15-29 anni","TOT","totale","2021-Q1","T1-2021",16.56637,,
"ITD","Nord-est","NEET_I","incidenza dei giovani Neet di 15-34 anni (non occupati e non in istruzione)","2","femmine","Y15-29","15-29 anni","TOT","totale","2021-Q2","T2-2021",16.337269,,
"ITD","Nord-est","NEET_I","incidenza dei giovani Neet di 15-34 anni (non occupati e non in istruzione)","2","femmine","Y15-29","15-29 anni","TOT","totale","2021-Q3","T3-2021",18.566937,,
"ITD","Nord-est","NEET_I","incidenza dei giovani Neet di 15-34 anni (non occupati e non in istruzione)","2","femmine","Y15-29","15-29 anni","TOT","totale","2021-Q4","T4-2021",17.184389,,
"ITD","Nord-est","NEET_I","incidenza dei giovani Neet di 15-34 anni (non occupati e non in istruzione)","2","femmine","Y15-29","15-29 anni","TOT","totale","2022-Q1","T1-2022",16.035547,,
"ITD","Nord-est","NEET_I","incidenza dei giovani Neet di 15-34 anni (non occupati e non in istruzione)","2","femmine","Y15-29","15-29 anni","TOT","totale","2022-Q2","T2-2022",13.620149,,
"ITD","Nord-est","NEET_I","incidenza dei giovani Neet di 15-34 anni (non occupati e non in istruzione)","2","femmine","Y15-29","15-29 anni","TOT","totale","2022-Q3","T3-2022",13.220929,,
"ITD","Nord-est","NEET_I","incidenza dei giovani Neet di 15-34 anni (non occupati e non in istruzione)","2","femmine","Y15-29","15-29 anni","TOT","totale","2022-Q4","T4-2022",12.289811,,
"ITD","Nord-est","NEET_I","incidenza dei giovani Neet di 15-34 anni (non occupati e non in istruzione)","2","femmine","Y15-29","15-29 anni","TOT","totale","2023-Q1","T1-2023",13.193481,,
"ITD","Nord-est","NEET_I","incidenza dei giovani Neet di 15-34 anni (non occupati e non in istruzione)","2","femmine","Y15-29","15-29 anni","TOT","totale","2023-Q2","T2-2023",13.694458,,
"ITD","Nord-est","NEET_I","incidenza dei giovani Neet di 15-34 anni (non occupati e non in istruzione)","2","femmine","Y15-29","15-29 anni","TOT","totale","2023-Q3","T3-2023",13.770129,,
"ITD","Nord-est","NEET_I","incidenza dei giovani Neet di 15-34 anni (non occupati e non in istruzione)","2","femmine","Y15-29","15-29 anni","TOT","totale","2023-Q4","T4-2023",13.07543,,
"ITD","Nord-est","NEET_I","incidenza dei giovani Neet di 15-34 anni (non occupati e non in istruzione)","9","totale","Y15-29","15-29 anni","TOT","totale","2021","2021",14.7296,,
"ITD","Nord-est","NEET_I","incidenza dei giovani Neet di 15-34 anni (non occupati e non in istruzione)","9","totale","Y15-29","15-29 anni","TOT","totale","2022","2022",12.544086,,
"ITD","Nord-est","NEET_I","incidenza dei giovani Neet di 15-34 anni (non occupati e non in istruzione)","9","totale","Y15-29","15-29 anni","TOT","totale","2023","2023",10.5623,,
"ITD","Nord-est","NEET_I","incidenza dei giovani Neet di 15-34 anni (non occupati e non in istruzione)","9","totale","Y15-29","15-29 anni","TOT","totale","2021-Q1","T1-2021",14.558243,,
"ITD","Nord-est","NEET_I","incidenza dei giovani Neet di 15-34 anni (non occupati e non in istruzione)","9","totale","Y15-29","15-29 anni","TOT","totale","2021-Q2","T2-2021",13.996226,,
"ITD","Nord-est","NEET_I","incidenza dei giovani Neet di 15-34 anni (non occupati e non in istruzione)","9","totale","Y15-29","15-29 anni","TOT","totale","2021-Q3","T3-2021",14.767653,,
"ITD","Nord-est","NEET_I","incidenza dei giovani Neet di 15-34 anni (non occupati e non in istruzione)","9","totale","Y15-29","15-29 anni","TOT","totale","2021-Q4","T4-2021",15.587983,,
"ITD","Nord-est","NEET_I","incidenza dei giovani Neet di 15-34 anni (non occupati e non in istruzione)","9","totale","Y15-29","15-29 anni","TOT","totale","2022-Q1","T1-2022",15.432749,,
"ITD","Nord-est","NEET_I","incidenza dei giovani Neet di 15-34 anni (non occupati e non in istruzione)","9","totale","Y15-29","15-29 anni","TOT","totale","2022-Q2","T2-2022",13.046547,,
"ITD","Nord-est","NEET_I","incidenza dei giovani Neet di 15-34 anni (non occupati e non in istruzione)","9","totale","Y15-29","15-29 anni","TOT","totale","2022-Q3","T3-2022",11.459367,,
"ITD","Nord-est","NEET_I","incidenza dei giovani Neet di 15-34 anni (non occupati e non in istruzione)","9","totale","Y15-29","15-29 anni","TOT","totale","2022-Q4","T4-2022",10.232803,,
"ITD","Nord-est","NEET_I","incidenza dei giovani Neet di 15-34 anni (non occupati e non in istruzione)","9","totale","Y15-29","15-29 anni","TOT","totale","2023-Q1","T1-2023",10.851564,,
"ITD","Nord-est","NEET_I","incidenza dei giovani Neet di 15-34 anni (non occupati e non in istruzione)","9","totale","Y15-29","15-29 anni","TOT","totale","2023-Q2","T2-2023",10.891162,,
"ITD","Nord-est","NEET_I","incidenza dei giovani Neet di 15-34 anni (non occupati e non in istruzione)","9","totale","Y15-29","15-29 anni","TOT","totale","2023-Q3","T3-2023",10.560961,,
"ITD","Nord-est","NEET_I","incidenza dei giovani Neet di 15-34 anni (non occupati e non in istruzione)","9","totale","Y15-29","15-29 anni","TOT","totale","2023-Q4","T4-2023",9.94991,,
"ITE","Centro","NEET_I","incidenza dei giovani Neet di 15-34 anni (non occupati e non in istruzione)","1","maschi","Y15-29","15-29 anni","SD","figlio/a","2021","2021",19.359815,,
"ITE","Centro","NEET_I","incidenza dei giovani Neet di 15-34 anni (non occupati e non in istruzione)","1","maschi","Y15-29","15-29 anni","SD","figlio/a","2022","2022",14.873603,,
"ITE","Centro","NEET_I","incidenza dei giovani Neet di 15-34 anni (non occupati e non in istruzione)","1","maschi","Y15-29","15-29 anni","SD","figlio/a","2023","2023",11.334339,,
"ITE","Centro","NEET_I","incidenza dei giovani Neet di 15-34 anni (non occupati e non in istruzione)","2","femmine","Y15-29","15-29 anni","SD","figlio/a","2021","2021",16.55088,,
"ITE","Centro","NEET_I","incidenza dei giovani Neet di 15-34 anni (non occupati e non in istruzione)","2","femmine","Y15-29","15-29 anni","SD","figlio/a","2022","2022",13.095637,,
"ITE","Centro","NEET_I","incidenza dei giovani Neet di 15-34 anni (non occupati e non in istruzione)","2","femmine","Y15-29","15-29 anni","SD","figlio/a","2023","2023",9.470009,,
"ITE","Centro","NEET_I","incidenza dei giovani Neet di 15-34 anni (non occupati e non in istruzione)","9","totale","Y15-29","15-29 anni","SD","figlio/a","2021","2021",18.066292,,
"ITE","Centro","NEET_I","incidenza dei giovani Neet di 15-34 anni (non occupati e non in istruzione)","9","totale","Y15-29","15-29 anni","SD","figlio/a","2022","2022",14.048846,,
"ITE","Centro","NEET_I","incidenza dei giovani Neet di 15-34 anni (non occupati e non in istruzione)","9","totale","Y15-29","15-29 anni","SD","figlio/a","2023","2023",10.460313,,
"ITE","Centro","NEET_I","incidenza dei giovani Neet di 15-34 anni (non occupati e non in istruzione)","1","maschi","Y15-29","15-29 anni","PA","genitore","2021","2021",12.968957,,
"ITE","Centro","NEET_I","incidenza dei giovani Neet di 15-34 anni (non occupati e non in istruzione)","1","maschi","Y15-29","15-29 anni","PA","genitore","2022","2022",11.514053,,
"ITE","Centro","NEET_I","incidenza dei giovani Neet di 15-34 anni (non occupati e non in istruzione)","1","maschi","Y15-29","15-29 anni","PA","genitore","2023","2023",5.149129,,
"ITE","Centro","NEET_I","incidenza dei giovani Neet di 15-34 anni (non occupati e non in istruzione)","2","femmine","Y15-29","15-29 anni","PA","genitore","2021","2021",56.322329,,
"ITE","Centro","NEET_I","incidenza dei giovani Neet di 15-34 anni (non occupati e non in istruzione)","2","femmine","Y15-29","15-29 anni","PA","genitore","2022","2022",50.193057,,
"ITE","Centro","NEET_I","incidenza dei giovani Neet di 15-34 anni (non occupati e non in istruzione)","2","femmine","Y15-29","15-29 anni","PA","genitore","2023","2023",58.122875,,
"ITE","Centro","NEET_I","incidenza dei giovani Neet di 15-34 anni (non occupati e non in istruzione)","9","totale","Y15-29","15-29 anni","PA","genitore","2021","2021",46.090844,,
"ITE","Centro","NEET_I","incidenza dei giovani Neet di 15-34 anni (non occupati e non in istruzione)","9","totale","Y15-29","15-29 anni","PA","genitore","2022","2022",41.699298,,
"ITE","Centro","NEET_I","incidenza dei giovani Neet di 15-34 anni (non occupati e non in istruzione)","9","totale","Y15-29","15-29 anni","PA","genitore","2023","2023",45.390257,,
"ITE","Centro","NEET_I","incidenza dei giovani Neet di 15-34 anni (non occupati e non in istruzione)","1","maschi","Y15-29","15-29 anni","SPO","single, partner senza figli, altro ruolo","2021","2021",16.237417,,
"ITE","Centro","NEET_I","incidenza dei giovani Neet di 15-34 anni (non occupati e non in istruzione)","1","maschi","Y15-29","15-29 anni","SPO","single, partner senza figli, altro ruolo","2022","2022",10.578384,,
"ITE","Centro","NEET_I","incidenza dei giovani Neet di 15-34 anni (non occupati e non in istruzione)","1","maschi","Y15-29","15-29 anni","SPO","single, partner senza figli, altro ruolo","2023","2023",12.073627,,
"ITE","Centro","NEET_I","incidenza dei giovani Neet di 15-34 anni (non occupati e non in istruzione)","2","femmine","Y15-29","15-29 anni","SPO","single, partner senza figli, altro ruolo","2021","2021",22.268309,,
"ITE","Centro","NEET_I","incidenza dei giovani Neet di 15-34 anni (non occupati e non in istruzione)","2","femmine","Y15-29","15-29 anni","SPO","single, partner senza figli, altro ruolo","2022","2022",18.198205,,
"ITE","Centro","NEET_I","incidenza dei giovani Neet di 15-34 anni (non occupati e non in istruzione)","2","femmine","Y15-29","15-29 anni","SPO","single, partner senza figli, altro ruolo","2023","2023",14.961423,,
"ITE","Centro","NEET_I","incidenza dei giovani Neet di 15-34 anni (non occupati e non in istruzione)","9","totale","Y15-29","15-29 anni","SPO","single, partner senza figli, altro ruolo","2021","2021",19.513904,,
"ITE","Centro","NEET_I","incidenza dei giovani Neet di 15-34 anni (non occupati e non in istruzione)","9","totale","Y15-29","15-29 anni","SPO","single, partner senza figli, altro ruolo","2022","2022",14.477145,,
"ITE","Centro","NEET_I","incidenza dei giovani Neet di 15-34 anni (non occupati e non in istruzione)","9","totale","Y15-29","15-29 anni","SPO","single, partner senza figli, altro ruolo","2023","2023",13.447298,,
"ITE","Centro","NEET_I","incidenza dei giovani Neet di 15-34 anni (non occupati e non in istruzione)","1","maschi","Y15-29","15-29 anni","TOT","totale","2021","2021",18.941551,,
"ITE","Centro","NEET_I","incidenza dei giovani Neet di 15-34 anni (non occupati e non in istruzione)","1","maschi","Y15-29","15-29 anni","TOT","totale","2022","2022",14.416015,,
"ITE","Centro","NEET_I","incidenza dei giovani Neet di 15-34 anni (non occupati e non in istruzione)","1","maschi","Y15-29","15-29 anni","TOT","totale","2023","2023",11.278619,,
"ITE","Centro","NEET_I","incidenza dei giovani Neet di 15-34 anni (non occupati e non in istruzione)","1","maschi","Y15-29","15-29 anni","TOT","totale","2021-Q1","T1-2021",21.295813,,
"ITE","Centro","NEET_I","incidenza dei giovani Neet di 15-34 anni (non occupati e non in istruzione)","1","maschi","Y15-29","15-29 anni","TOT","totale","2021-Q2","T2-2021",18.750551,,
"ITE","Centro","NEET_I","incidenza dei giovani Neet di 15-34 anni (non occupati e non in istruzione)","1","maschi","Y15-29","15-29 anni","TOT","totale","2021-Q3","T3-2021",17.497546,,
"ITE","Centro","NEET_I","incidenza dei giovani Neet di 15-34 anni (non occupati e non in istruzione)","1","maschi","Y15-29","15-29 anni","TOT","totale","2021-Q4","T4-2021",18.231695,,
"ITE","Centro","NEET_I","incidenza dei giovani Neet di 15-34 anni (non occupati e non in istruzione)","1","maschi","Y15-29","15-29 anni","TOT","totale","2022-Q1","T1-2022",16.439941,,
"ITE","Centro","NEET_I","incidenza dei giovani Neet di 15-34 anni (non occupati e non in istruzione)","1","maschi","Y15-29","15-29 anni","TOT","totale","2022-Q2","T2-2022",15.107527,,
"ITE","Centro","NEET_I","incidenza dei giovani Neet di 15-34 anni (non occupati e non in istruzione)","1","maschi","Y15-29","15-29 anni","TOT","totale","2022-Q3","T3-2022",12.9963,,
"ITE","Centro","NEET_I","incidenza dei giovani Neet di 15-34 anni (non occupati e non in istruzione)","1","maschi","Y15-29","15-29 anni","TOT","totale","2022-Q4","T4-2022",13.114677,,
"ITE","Centro","NEET_I","incidenza dei giovani Neet di 15-34 anni (non occupati e non in istruzione)","1","maschi","Y15-29","15-29 anni","TOT","totale","2023-Q1","T1-2023",11.422656,,
"ITE","Centro","NEET_I","incidenza dei giovani Neet di 15-34 anni (non occupati e non in istruzione)","1","maschi","Y15-29","15-29 anni","TOT","totale","2023-Q2","T2-2023",10.849252,,
"ITE","Centro","NEET_I","incidenza dei giovani Neet di 15-34 anni (non occupati e non in istruzione)","1","maschi","Y15-29","15-29 anni","TOT","totale","2023-Q3","T3-2023",10.145429,,
"ITE","Centro","NEET_I","incidenza dei giovani Neet di 15-34 anni (non occupati e non in istruzione)","1","maschi","Y15-29","15-29 anni","TOT","totale","2023-Q4","T4-2023",12.693604,,
"ITE","Centro","NEET_I","incidenza dei giovani Neet di 15-34 anni (non occupati e non in istruzione)","2","femmine","Y15-29","15-29 anni","TOT","totale","2021","2021",20.236522,,
"ITE","Centro","NEET_I","incidenza dei giovani Neet di 15-34 anni (non occupati e non in istruzione)","2","femmine","Y15-29","15-29 anni","TOT","totale","2022","2022",16.34454,,
"ITE","Centro","NEET_I","incidenza dei giovani Neet di 15-34 anni (non occupati e non in istruzione)","2","femmine","Y15-29","15-29 anni","TOT","totale","2023","2023",13.328597,,
"ITE","Centro","NEET_I","incidenza dei giovani Neet di 15-34 anni (non occupati e non in istruzione)","2","femmine","Y15-29","15-29 anni","TOT","totale","2021-Q1","T1-2021",22.003165,,
"ITE","Centro","NEET_I","incidenza dei giovani Neet di 15-34 anni (non occupati e non in istruzione)","2","femmine","Y15-29","15-29 anni","TOT","totale","2021-Q2","T2-2021",20.282332,,
"ITE","Centro","NEET_I","incidenza dei giovani Neet di 15-34 anni (non occupati e non in istruzione)","2","femmine","Y15-29","15-29 anni","TOT","totale","2021-Q3","T3-2021",19.767054,,
"ITE","Centro","NEET_I","incidenza dei giovani Neet di 15-34 anni (non occupati e non in istruzione)","2","femmine","Y15-29","15-29 anni","TOT","totale","2021-Q4","T4-2021",18.899831,,
"ITE","Centro","NEET_I","incidenza dei giovani Neet di 15-34 anni (non occupati e non in istruzione)","2","femmine","Y15-29","15-29 anni","TOT","totale","2022-Q1","T1-2022",19.700964,,
"ITE","Centro","NEET_I","incidenza dei giovani Neet di 15-34 anni (non occupati e non in istruzione)","2","femmine","Y15-29","15-29 anni","TOT","totale","2022-Q2","T2-2022",15.726262,,
"ITE","Centro","NEET_I","incidenza dei giovani Neet di 15-34 anni (non occupati e non in istruzione)","2","femmine","Y15-29","15-29 anni","TOT","totale","2022-Q3","T3-2022",14.743174,,
"ITE","Centro","NEET_I","incidenza dei giovani Neet di 15-34 anni (non occupati e non in istruzione)","2","femmine","Y15-29","15-29 anni","TOT","totale","2022-Q4","T4-2022",15.200861,,
"ITE","Centro","NEET_I","incidenza dei giovani Neet di 15-34 anni (non occupati e non in istruzione)","2","femmine","Y15-29","15-29 anni","TOT","totale","2023-Q1","T1-2023",13.165122,,
"ITE","Centro","NEET_I","incidenza dei giovani Neet di 15-34 anni (non occupati e non in istruzione)","2","femmine","Y15-29","15-29 anni","TOT","totale","2023-Q2","T2-2023",13.341943,,
"ITE","Centro","NEET_I","incidenza dei giovani Neet di 15-34 anni (non occupati e non in istruzione)","2","femmine","Y15-29","15-29 anni","TOT","totale","2023-Q3","T3-2023",14.791078,,
"ITE","Centro","NEET_I","incidenza dei giovani Neet di 15-34 anni (non occupati e non in istruzione)","2","femmine","Y15-29","15-29 anni","TOT","totale","2023-Q4","T4-2023",12.018297,,
"ITE","Centro","NEET_I","incidenza dei giovani Neet di 15-34 anni (non occupati e non in istruzione)","9","totale","Y15-29","15-29 anni","TOT","totale","2021","2021",19.567661,,
"ITE","Centro","NEET_I","incidenza dei giovani Neet di 15-34 anni (non occupati e non in istruzione)","9","totale","Y15-29","15-29 anni","TOT","totale","2022","2022",15.347427,,
"ITE","Centro","NEET_I","incidenza dei giovani Neet di 15-34 anni (non occupati e non in istruzione)","9","totale","Y15-29","15-29 anni","TOT","totale","2023","2023",12.267074,,
"ITE","Centro","NEET_I","incidenza dei giovani Neet di 15-34 anni (non occupati e non in istruzione)","9","totale","Y15-29","15-29 anni","TOT","totale","2021-Q1","T1-2021",21.638055,,
"ITE","Centro","NEET_I","incidenza dei giovani Neet di 15-34 anni (non occupati e non in istruzione)","9","totale","Y15-29","15-29 anni","TOT","totale","2021-Q2","T2-2021",19.491647,,
"ITE","Centro","NEET_I","incidenza dei giovani Neet di 15-34 anni (non occupati e non in istruzione)","9","totale","Y15-29","15-29 anni","TOT","totale","2021-Q3","T3-2021",18.594261,,
"ITE","Centro","NEET_I","incidenza dei giovani Neet di 15-34 anni (non occupati e non in istruzione)","9","totale","Y15-29","15-29 anni","TOT","totale","2021-Q4","T4-2021",18.554519,,
"ITE","Centro","NEET_I","incidenza dei giovani Neet di 15-34 anni (non occupati e non in istruzione)","9","totale","Y15-29","15-29 anni","TOT","totale","2022-Q1","T1-2022",18.015424,,
"ITE","Centro","NEET_I","incidenza dei giovani Neet di 15-34 anni (non occupati e non in istruzione)","9","totale","Y15-29","15-29 anni","TOT","totale","2022-Q2","T2-2022",15.406478,,
"ITE","Centro","NEET_I","incidenza dei giovani Neet di 15-34 anni (non occupati e non in istruzione)","9","totale","Y15-29","15-29 anni","TOT","totale","2022-Q3","T3-2022",13.840549,,
"ITE","Centro","NEET_I","incidenza dei giovani Neet di 15-34 anni (non occupati e non in istruzione)","9","totale","Y15-29","15-29 anni","TOT","totale","2022-Q4","T4-2022",14.1204,,
"ITE","Centro","NEET_I","incidenza dei giovani Neet di 15-34 anni (non occupati e non in istruzione)","9","totale","Y15-29","15-29 anni","TOT","totale","2023-Q1","T1-2023",12.262707,,
"ITE","Centro","NEET_I","incidenza dei giovani Neet di 15-34 anni (non occupati e non in istruzione)","9","totale","Y15-29","15-29 anni","TOT","totale","2023-Q2","T2-2023",12.051009,,
"ITE","Centro","NEET_I","incidenza dei giovani Neet di 15-34 anni (non occupati e non in istruzione)","9","totale","Y15-29","15-29 anni","TOT","totale","2023-Q3","T3-2023",12.385783,,
"ITE","Centro","NEET_I","incidenza dei giovani Neet di 15-34 anni (non occupati e non in istruzione)","9","totale","Y15-29","15-29 anni","TOT","totale","2023-Q4","T4-2023",12.367949,,
"ITFG","Mezzogiorno","NEET_I","incidenza dei giovani Neet di 15-34 anni (non occupati e non in istruzione)","1","maschi","Y15-29","15-29 anni","SD","figlio/a","2021","2021",29.763108,,
"ITFG","Mezzogiorno","NEET_I","incidenza dei giovani Neet di 15-34 anni (non occupati e non in istruzione)","1","maschi","Y15-29","15-29 anni","SD","figlio/a","2022","2022",26.338535,,
"ITFG","Mezzogiorno","NEET_I","incidenza dei giovani Neet di 15-34 anni (non occupati e non in istruzione)","1","maschi","Y15-29","15-29 anni","SD","figlio/a","2023","2023",22.558819,,
"ITFG","Mezzogiorno","NEET_I","incidenza dei giovani Neet di 15-34 anni (non occupati e non in istruzione)","2","femmine","Y15-29","15-29 anni","SD","figlio/a","2021","2021",28.221431,,
"ITFG","Mezzogiorno","NEET_I","incidenza dei giovani Neet di 15-34 anni (non occupati e non in istruzione)","2","femmine","Y15-29","15-29 anni","SD","figlio/a","2022","2022",23.262102,,
"ITFG","Mezzogiorno","NEET_I","incidenza dei giovani Neet di 15-34 anni (non occupati e non in istruzione)","2","femmine","Y15-29","15-29 anni","SD","figlio/a","2023","2023",20.392298,,
"ITFG","Mezzogiorno","NEET_I","incidenza dei giovani Neet di 15-34 anni (non occupati e non in istruzione)","9","totale","Y15-29","15-29 anni","SD","figlio/a","2021","2021",29.042185,,
"ITFG","Mezzogiorno","NEET_I","incidenza dei giovani Neet di 15-34 anni (non occupati e non in istruzione)","9","totale","Y15-29","15-29 anni","SD","figlio/a","2022","2022",24.892102,,
"ITFG","Mezzogiorno","NEET_I","incidenza dei giovani Neet di 15-34 anni (non occupati e non in istruzione)","9","totale","Y15-29","15-29 anni","SD","figlio/a","2023","2023",21.540322,,
"ITFG","Mezzogiorno","NEET_I","incidenza dei giovani Neet di 15-34 anni (non occupati e non in istruzione)","1","maschi","Y15-29","15-29 anni","PA","genitore","2021","2021",39.475479,,
"ITFG","Mezzogiorno","NEET_I","incidenza dei giovani Neet di 15-34 anni (non occupati e non in istruzione)","1","maschi","Y15-29","15-29 anni","PA","genitore","2022","2022",31.084128,,
"ITFG","Mezzogiorno","NEET_I","incidenza dei giovani Neet di 15-34 anni (non occupati e non in istruzione)","1","maschi","Y15-29","15-29 anni","PA","genitore","2023","2023",29.410525,,
"ITFG","Mezzogiorno","NEET_I","incidenza dei giovani Neet di 15-34 anni (non occupati e non in istruzione)","2","femmine","Y15-29","15-29 anni","PA","genitore","2021","2021",79.794355,,
"ITFG","Mezzogiorno","NEET_I","incidenza dei giovani Neet di 15-34 anni (non occupati e non in istruzione)","2","femmine","Y15-29","15-29 anni","PA","genitore","2022","2022",77.297246,,
"ITFG","Mezzogiorno","NEET_I","incidenza dei giovani Neet di 15-34 anni (non occupati e non in istruzione)","2","femmine","Y15-29","15-29 anni","PA","genitore","2023","2023",76.455465,,
"ITFG","Mezzogiorno","NEET_I","incidenza dei giovani Neet di 15-34 anni (non occupati e non in istruzione)","9","totale","Y15-29","15-29 anni","PA","genitore","2021","2021",69.869105,,
"ITFG","Mezzogiorno","NEET_I","incidenza dei giovani Neet di 15-34 anni (non occupati e non in istruzione)","9","totale","Y15-29","15-29 anni","PA","genitore","2022","2022",67.447004,,
"ITFG","Mezzogiorno","NEET_I","incidenza dei giovani Neet di 15-34 anni (non occupati e non in istruzione)","9","totale","Y15-29","15-29 anni","PA","genitore","2023","2023",66.10753,,
"ITFG","Mezzogiorno","NEET_I","incidenza dei giovani Neet di 15-34 anni (non occupati e non in istruzione)","1","maschi","Y15-29","15-29 anni","SPO","single, partner senza figli, altro ruolo","2021","2021",29.728681,,
"ITFG","Mezzogiorno","NEET_I","incidenza dei giovani Neet di 15-34 anni (non occupati e non in istruzione)","1","maschi","Y15-29","15-29 anni","SPO","single, partner senza figli, altro ruolo","2022","2022",29.726573,,
"ITFG","Mezzogiorno","NEET_I","incidenza dei giovani Neet di 15-34 anni (non occupati e non in istruzione)","1","maschi","Y15-29","15-29 anni","SPO","single, partner senza figli, altro ruolo","2023","2023",28.860893,,
"ITFG","Mezzogiorno","NEET_I","incidenza dei giovani Neet di 15-34 anni (non occupati e non in istruzione)","2","femmine","Y15-29","15-29 anni","SPO","single, partner senza figli, altro ruolo","2021","2021",43.503505,,
"ITFG","Mezzogiorno","NEET_I","incidenza dei giovani Neet di 15-34 anni (non occupati e non in istruzione)","2","femmine","Y15-29","15-29 anni","SPO","single, partner senza figli, altro ruolo","2022","2022",39.438393,,
"ITFG","Mezzogiorno","NEET_I","incidenza dei giovani Neet di 15-34 anni (non occupati e non in istruzione)","2","femmine","Y15-29","15-29 anni","SPO","single, partner senza figli, altro ruolo","2023","2023",34.336484,,
"ITFG","Mezzogiorno","NEET_I","incidenza dei giovani Neet di 15-34 anni (non occupati e non in istruzione)","9","totale","Y15-29","15-29 anni","SPO","single, partner senza figli, altro ruolo","2021","2021",36.268158,,
"ITFG","Mezzogiorno","NEET_I","incidenza dei giovani Neet di 15-34 anni (non occupati e non in istruzione)","9","totale","Y15-29","15-29 anni","SPO","single, partner senza figli, altro ruolo","2022","2022",34.146455,,
"ITFG","Mezzogiorno","NEET_I","incidenza dei giovani Neet di 15-34 anni (non occupati e non in istruzione)","9","totale","Y15-29","15-29 anni","SPO","single, partner senza figli, altro ruolo","2023","2023",31.302943,,
"ITFG","Mezzogiorno","NEET_I","incidenza dei giovani Neet di 15-34 anni (non occupati e non in istruzione)","1","maschi","Y15-29","15-29 anni","TOT","totale","2021","2021",30.060006,,
"ITFG","Mezzogiorno","NEET_I","incidenza dei giovani Neet di 15-34 anni (non occupati e non in istruzione)","1","maschi","Y15-29","15-29 anni","TOT","totale","2022","2022",26.713539,,
"ITFG","Mezzogiorno","NEET_I","incidenza dei giovani Neet di 15-34 anni (non occupati e non in istruzione)","1","maschi","Y15-29","15-29 anni","TOT","totale","2023","2023",23.22475,,
"ITFG","Mezzogiorno","NEET_I","incidenza dei giovani Neet di 15-34 anni (non occupati e non in istruzione)","1","maschi","Y15-29","15-29 anni","TOT","totale","2021-Q1","T1-2021",32.271484,,
"ITFG","Mezzogiorno","NEET_I","incidenza dei giovani Neet di 15-34 anni (non occupati e non in istruzione)","1","maschi","Y15-29","15-29 anni","TOT","totale","2021-Q2","T2-2021",30.166611,,
"ITFG","Mezzogiorno","NEET_I","incidenza dei giovani Neet di 15-34 anni (non occupati e non in istruzione)","1","maschi","Y15-29","15-29 anni","TOT","totale","2021-Q3","T3-2021",27.467051,,
"ITFG","Mezzogiorno","NEET_I","incidenza dei giovani Neet di 15-34 anni (non occupati e non in istruzione)","1","maschi","Y15-29","15-29 anni","TOT","totale","2021-Q4","T4-2021",30.332576,,
"ITFG","Mezzogiorno","NEET_I","incidenza dei giovani Neet di 15-34 anni (non occupati e non in istruzione)","1","maschi","Y15-29","15-29 anni","TOT","totale","2022-Q1","T1-2022",30.430961,,
"ITFG","Mezzogiorno","NEET_I","incidenza dei giovani Neet di 15-34 anni (non occupati e non in istruzione)","1","maschi","Y15-29","15-29 anni","TOT","totale","2022-Q2","T2-2022",25.843963,,
"ITFG","Mezzogiorno","NEET_I","incidenza dei giovani Neet di 15-34 anni (non occupati e non in istruzione)","1","maschi","Y15-29","15-29 anni","TOT","totale","2022-Q3","T3-2022",24.644145,,
"ITFG","Mezzogiorno","NEET_I","incidenza dei giovani Neet di 15-34 anni (non occupati e non in istruzione)","1","maschi","Y15-29","15-29 anni","TOT","totale","2022-Q4","T4-2022",25.911173,,
"ITFG","Mezzogiorno","NEET_I","incidenza dei giovani Neet di 15-34 anni (non occupati e non in istruzione)","1","maschi","Y15-29","15-29 anni","TOT","totale","2023-Q1","T1-2023",24.908359,,
"ITFG","Mezzogiorno","NEET_I","incidenza dei giovani Neet di 15-34 anni (non occupati e non in istruzione)","1","maschi","Y15-29","15-29 anni","TOT","totale","2023-Q2","T2-2023",23.374751,,
"ITFG","Mezzogiorno","NEET_I","incidenza dei giovani Neet di 15-34 anni (non occupati e non in istruzione)","1","maschi","Y15-29","15-29 anni","TOT","totale","2023-Q3","T3-2023",23.293281,,
"ITFG","Mezzogiorno","NEET_I","incidenza dei giovani Neet di 15-34 anni (non occupati e non in istruzione)","1","maschi","Y15-29","15-29 anni","TOT","totale","2023-Q4","T4-2023",21.313363,,
"ITFG","Mezzogiorno","NEET_I","incidenza dei giovani Neet di 15-34 anni (non occupati e non in istruzione)","2","femmine","Y15-29","15-29 anni","TOT","totale","2021","2021",34.396065,,
"ITFG","Mezzogiorno","NEET_I","incidenza dei giovani Neet di 15-34 anni (non occupati e non in istruzione)","2","femmine","Y15-29","15-29 anni","TOT","totale","2022","2022",29.15898,,
"ITFG","Mezzogiorno","NEET_I","incidenza dei giovani Neet di 15-34 anni (non occupati e non in istruzione)","2","femmine","Y15-29","15-29 anni","TOT","totale","2023","2023",26.312917,,
"ITFG","Mezzogiorno","NEET_I","incidenza dei giovani Neet di 15-34 anni (non occupati e non in istruzione)","2","femmine","Y15-29","15-29 anni","TOT","totale","2021-Q1","T1-2021",36.018363,,
"ITFG","Mezzogiorno","NEET_I","incidenza dei giovani Neet di 15-34 anni (non occupati e non in istruzione)","2","femmine","Y15-29","15-29 anni","TOT","totale","2021-Q2","T2-2021",33.487961,,
"ITFG","Mezzogiorno","NEET_I","incidenza dei giovani Neet di 15-34 anni (non occupati e non in istruzione)","2","femmine","Y15-29","15-29 anni","TOT","totale","2021-Q3","T3-2021",34.850115,,
"ITFG","Mezzogiorno","NEET_I","incidenza dei giovani Neet di 15-34 anni (non occupati e non in istruzione)","2","femmine","Y15-29","15-29 anni","TOT","totale","2021-Q4","T4-2021",33.198191,,
"ITFG","Mezzogiorno","NEET_I","incidenza dei giovani Neet di 15-34 anni (non occupati e non in istruzione)","2","femmine","Y15-29","15-29 anni","TOT","totale","2022-Q1","T1-2022",30.047194,,
"ITFG","Mezzogiorno","NEET_I","incidenza dei giovani Neet di 15-34 anni (non occupati e non in istruzione)","2","femmine","Y15-29","15-29 anni","TOT","totale","2022-Q2","T2-2022",30.616446,,
"ITFG","Mezzogiorno","NEET_I","incidenza dei giovani Neet di 15-34 anni (non occupati e non in istruzione)","2","femmine","Y15-29","15-29 anni","TOT","totale","2022-Q3","T3-2022",27.342736,,
"ITFG","Mezzogiorno","NEET_I","incidenza dei giovani Neet di 15-34 anni (non occupati e non in istruzione)","2","femmine","Y15-29","15-29 anni","TOT","totale","2022-Q4","T4-2022",28.614742,,
"ITFG","Mezzogiorno","NEET_I","incidenza dei giovani Neet di 15-34 anni (non occupati e non in istruzione)","2","femmine","Y15-29","15-29 anni","TOT","totale","2023-Q1","T1-2023",27.348789,,
"ITFG","Mezzogiorno","NEET_I","incidenza dei giovani Neet di 15-34 anni (non occupati e non in istruzione)","2","femmine","Y15-29","15-29 anni","TOT","totale","2023-Q2","T2-2023",24.113136,,
"ITFG","Mezzogiorno","NEET_I","incidenza dei giovani Neet di 15-34 anni (non occupati e non in istruzione)","2","femmine","Y15-29","15-29 anni","TOT","totale","2023-Q3","T3-2023",26.741233,,
"ITFG","Mezzogiorno","NEET_I","incidenza dei giovani Neet di 15-34 anni (non occupati e non in istruzione)","2","femmine","Y15-29","15-29 anni","TOT","totale","2023-Q4","T4-2023",27.048353,,
"ITFG","Mezzogiorno","NEET_I","incidenza dei giovani Neet di 15-34 anni (non occupati e non in istruzione)","9","totale","Y15-29","15-29 anni","TOT","totale","2021","2021",32.169627,,
"ITFG","Mezzogiorno","NEET_I","incidenza dei giovani Neet di 15-34 anni (non occupati e non in istruzione)","9","totale","Y15-29","15-29 anni","TOT","totale","2022","2022",27.902835,,
"ITFG","Mezzogiorno","NEET_I","incidenza dei giovani Neet di 15-34 anni (non occupati e non in istruzione)","9","totale","Y15-29","15-29 anni","TOT","totale","2023","2023",24.723709,,
"ITFG","Mezzogiorno","NEET_I","incidenza dei giovani Neet di 15-34 anni (non occupati e non in istruzione)","9","totale","Y15-29","15-29 anni","TOT","totale","2021-Q1","T1-2021",34.095134,,
"ITFG","Mezzogiorno","NEET_I","incidenza dei giovani Neet di 15-34 anni (non occupati e non in istruzione)","9","totale","Y15-29","15-29 anni","TOT","totale","2021-Q2","T2-2021",31.783029,,
"ITFG","Mezzogiorno","NEET_I","incidenza dei giovani Neet di 15-34 anni (non occupati e non in istruzione)","9","totale","Y15-29","15-29 anni","TOT","totale","2021-Q3","T3-2021",31.055415,,
"ITFG","Mezzogiorno","NEET_I","incidenza dei giovani Neet di 15-34 anni (non occupati e non in istruzione)","9","totale","Y15-29","15-29 anni","TOT","totale","2021-Q4","T4-2021",31.727375,,
"ITFG","Mezzogiorno","NEET_I","incidenza dei giovani Neet di 15-34 anni (non occupati e non in istruzione)","9","totale","Y15-29","15-29 anni","TOT","totale","2022-Q1","T1-2022",30.244195,,
"ITFG","Mezzogiorno","NEET_I","incidenza dei giovani Neet di 15-34 anni (non occupati e non in istruzione)","9","totale","Y15-29","15-29 anni","TOT","totale","2022-Q2","T2-2022",28.166181,,
"ITFG","Mezzogiorno","NEET_I","incidenza dei giovani Neet di 15-34 anni (non occupati e non in istruzione)","9","totale","Y15-29","15-29 anni","TOT","totale","2022-Q3","T3-2022",25.957131,,
"ITFG","Mezzogiorno","NEET_I","incidenza dei giovani Neet di 15-34 anni (non occupati e non in istruzione)","9","totale","Y15-29","15-29 anni","TOT","totale","2022-Q4","T4-2022",27.223678,,
"ITFG","Mezzogiorno","NEET_I","incidenza dei giovani Neet di 15-34 anni (non occupati e non in istruzione)","9","totale","Y15-29","15-29 anni","TOT","totale","2023-Q1","T1-2023",26.093001,,
"ITFG","Mezzogiorno","NEET_I","incidenza dei giovani Neet di 15-34 anni (non occupati e non in istruzione)","9","totale","Y15-29","15-29 anni","TOT","totale","2023-Q2","T2-2023",23.733163,,
"ITFG","Mezzogiorno","NEET_I","incidenza dei giovani Neet di 15-34 anni (non occupati e non in istruzione)","9","totale","Y15-29","15-29 anni","TOT","totale","2023-Q3","T3-2023",24.966867,,
"ITFG","Mezzogiorno","NEET_I","incidenza dei giovani Neet di 15-34 anni (non occupati e non in istruzione)","9","totale","Y15-29","15-29 anni","TOT","totale","2023-Q4","T4-2023",24.096798,,
