State,Year,Month,Value,Index
Alabama,1895,0,0.78,Min
Alabama,1895,1,-2.89,Min
Alabama,1895,2,5.78,Min
Alabama,1895,3,10.67,Min
Alabama,1895,4,14.67,Min
Alabama,1895,5,19.17,Min
Alabama,1895,6,20.44,Min
Alabama,1895,7,20.72,Min
Alabama,1895,8,19.11,Min
Alabama,1895,9,7.33,Min
Alabama,1895,10,5.22,Min
Alabama,1895,11,0.39,Min
Alabama,1896,0,1.11,Min
Alabama,1896,1,2.44,Min
Alabama,1896,2,5.11,Min
Alabama,1896,3,13.11,Min
Alabama,1896,4,17.72,Min
Alabama,1896,5,19.39,Min
Alabama,1896,6,21.5,Min
Alabama,1896,7,21.33,Min
Alabama,1896,8,17.0,Min
Alabama,1896,9,10.33,Min
Alabama,1896,10,7.67,Min
Alabama,1896,11,1.72,Min
Alabama,1897,0,-0.33,Min
Alabama,1897,1,5.11,Min
Alabama,1897,2,10.22,Min
Alabama,1897,3,10.06,Min
Alabama,1897,4,13.28,Min
Alabama,1897,5,20.17,Min
Alabama,1897,6,21.22,Min
Alabama,1897,7,20.06,Min
Alabama,1897,8,16.94,Min
Alabama,1897,9,11.72,Min
Alabama,1897,10,5.22,Min
Alabama,1897,11,2.72,Min
Alabama,1898,0,3.78,Min
Alabama,1898,1,1.22,Min
Alabama,1898,2,9.17,Min
Alabama,1898,3,8.0,Min
Alabama,1898,4,15.67,Min
Alabama,1898,5,20.0,Min
Alabama,1898,6,20.89,Min
Alabama,1898,7,20.67,Min
Alabama,1898,8,18.39,Min
Alabama,1898,9,9.78,Min
Alabama,1898,10,3.72,Min
Alabama,1898,11,0.28,Min
Alabama,1899,0,0.61,Min
Alabama,1899,1,-1.89,Min
Alabama,1899,2,6.39,Min
Alabama,1899,3,10.44,Min
Alabama,1899,4,17.56,Min
Alabama,1899,5,19.78,Min
Alabama,1899,6,20.5,Min
Alabama,1899,7,21.06,Min
Alabama,1899,8,15.22,Min
Alabama,1899,9,12.22,Min
Alabama,1899,10,6.0,Min
Alabama,1899,11,1.0,Min
Alabama,1900,0,-0.06,Min
Alabama,1900,1,0.22,Min
Alabama,1900,2,5.17,Min
Alabama,1900,3,10.89,Min
Alabama,1900,4,14.67,Min
Alabama,1900,5,19.67,Min
Alabama,1900,6,20.61,Min
Alabama,1900,7,20.5,Min
Alabama,1900,8,18.89,Min
Alabama,1900,9,14.56,Min
Alabama,1900,10,6.11,Min
Alabama,1900,11,2.06,Min
Alabama,1901,0,1.39,Min
Alabama,1901,1,0.17,Min
Alabama,1901,2,5.06,Min
Alabama,1901,3,7.89,Min
Alabama,1901,4,13.94,Min
Alabama,1901,5,19.17,Min
Alabama,1901,6,21.0,Min
Alabama,1901,7,19.89,Min
Alabama,1901,8,16.11,Min
Alabama,1901,9,9.33,Min
Alabama,1901,10,1.5,Min
Alabama,1901,11,-0.83,Min
Alabama,1902,0,-0.61,Min
Alabama,1902,1,-0.78,Min
Alabama,1902,2,6.67,Min
Alabama,1902,3,9.61,Min
Alabama,1902,4,17.28,Min
Alabama,1902,5,19.89,Min
Alabama,1902,6,21.17,Min
Alabama,1902,7,21.11,Min
Alabama,1902,8,16.94,Min
Alabama,1902,9,10.33,Min
Alabama,1902,10,7.72,Min
Alabama,1902,11,1.61,Min
Alabama,1903,0,0.72,Min
Alabama,1903,1,2.67,Min
Alabama,1903,2,10.28,Min
Alabama,1903,3,9.0,Min
Alabama,1903,4,14.83,Min
Alabama,1903,5,16.78,Min
Alabama,1903,6,20.44,Min
Alabama,1903,7,20.78,Min
Alabama,1903,8,15.44,Min
Alabama,1903,9,9.67,Min
Alabama,1903,10,3.72,Min
Alabama,1903,11,-2.61,Min
Alabama,1904,0,-1.28,Min
Alabama,1904,1,3.11,Min
Alabama,1904,2,7.67,Min
Alabama,1904,3,8.5,Min
Alabama,1904,4,13.44,Min
Alabama,1904,5,18.28,Min
Alabama,1904,6,19.22,Min
Alabama,1904,7,19.78,Min
Alabama,1904,8,17.61,Min
Alabama,1904,9,9.56,Min
Alabama,1904,10,4.0,Min
Alabama,1904,11,1.56,Min
Alabama,1905,0,-2.5,Min
Alabama,1905,1,-1.89,Min
Alabama,1905,2,8.17,Min
Alabama,1905,3,11.0,Min
Alabama,1905,4,17.61,Min
Alabama,1905,5,19.61,Min
Alabama,1905,6,20.22,Min
Alabama,1905,7,20.56,Min
Alabama,1905,8,17.94,Min
Alabama,1905,9,11.67,Min
Alabama,1905,10,5.94,Min
Alabama,1905,11,0.44,Min
Alabama,1906,0,1.72,Min
Alabama,1906,1,0.0,Min
Alabama,1906,2,4.39,Min
Alabama,1906,3,10.39,Min
Alabama,1906,4,14.28,Min
Alabama,1906,5,19.5,Min
Alabama,1906,6,20.28,Min
Alabama,1906,7,20.67,Min
Alabama,1906,8,20.06,Min
Alabama,1906,9,9.17,Min
Alabama,1906,10,5.11,Min
Alabama,1906,11,3.83,Min
Alabama,1907,0,5.67,Min
Alabama,1907,1,2.22,Min
Alabama,1907,2,10.67,Min
Alabama,1907,3,7.89,Min
Alabama,1907,4,14.11,Min
Alabama,1907,5,17.22,Min
Alabama,1907,6,20.89,Min
Alabama,1907,7,20.22,Min
Alabama,1907,8,17.5,Min
Alabama,1907,9,9.83,Min
Alabama,1907,10,4.0,Min
Alabama,1907,11,1.67,Min
Alabama,1908,0,0.11,Min
Alabama,1908,1,0.44,Min
Alabama,1908,2,9.89,Min
Alabama,1908,3,12.89,Min
Alabama,1908,4,15.33,Min
Alabama,1908,5,18.61,Min
Alabama,1908,6,20.39,Min
Alabama,1908,7,19.94,Min
Alabama,1908,8,16.67,Min
Alabama,1908,9,7.39,Min
Alabama,1908,10,6.28,Min
Alabama,1908,11,3.72,Min
Alabama,1909,0,3.44,Min
Alabama,1909,1,2.89,Min
Alabama,1909,2,6.67,Min
Alabama,1909,3,10.33,Min
Alabama,1909,4,13.67,Min
Alabama,1909,5,19.67,Min
Alabama,1909,6,20.72,Min
Alabama,1909,7,20.67,Min
Alabama,1909,8,17.39,Min
Alabama,1909,9,8.5,Min
Alabama,1909,10,6.83,Min
Alabama,1909,11,-1.33,Min
Alabama,1910,0,0.56,Min
Alabama,1910,1,0.56,Min
Alabama,1910,2,7.72,Min
Alabama,1910,3,8.67,Min
Alabama,1910,4,13.33,Min
Alabama,1910,5,17.89,Min
Alabama,1910,6,20.44,Min
Alabama,1910,7,19.94,Min
Alabama,1910,8,18.0,Min
Alabama,1910,9,11.83,Min
Alabama,1910,10,3.11,Min
Alabama,1910,11,-0.78,Min
Alabama,1911,0,3.67,Min
Alabama,1911,1,6.11,Min
Alabama,1911,2,6.78,Min
Alabama,1911,3,11.17,Min
Alabama,1911,4,14.83,Min
Alabama,1911,5,19.72,Min
Alabama,1911,6,19.56,Min
Alabama,1911,7,20.06,Min
Alabama,1911,8,19.94,Min
Alabama,1911,9,13.67,Min
Alabama,1911,10,3.11,Min
Alabama,1911,11,3.61,Min
Alabama,1912,0,-1.67,Min
Alabama,1912,1,-1.0,Min
Alabama,1912,2,5.0,Min
Alabama,1912,3,11.5,Min
Alabama,1912,4,15.11,Min
Alabama,1912,5,18.0,Min
Alabama,1912,6,20.61,Min
Alabama,1912,7,20.0,Min
Alabama,1912,8,19.0,Min
Alabama,1912,9,12.33,Min
Alabama,1912,10,2.06,Min
Alabama,1912,11,2.72,Min
Alabama,1913,0,4.44,Min
Alabama,1913,1,1.94,Min
Alabama,1913,2,6.39,Min
Alabama,1913,3,9.5,Min
Alabama,1913,4,14.56,Min
Alabama,1913,5,18.11,Min
Alabama,1913,6,21.0,Min
Alabama,1913,7,19.83,Min
Alabama,1913,8,16.89,Min
Alabama,1913,9,8.72,Min
Alabama,1913,10,5.28,Min
Alabama,1913,11,3.06,Min
Alabama,1914,0,1.78,Min
Alabama,1914,1,0.72,Min
Alabama,1914,2,3.22,Min
Alabama,1914,3,10.5,Min
Alabama,1914,4,14.28,Min
Alabama,1914,5,21.0,Min
Alabama,1914,6,21.0,Min
Alabama,1914,7,20.39,Min
Alabama,1914,8,16.56,Min
Alabama,1914,9,11.56,Min
Alabama,1914,10,3.78,Min
Alabama,1914,11,1.11,Min
Alabama,1915,0,-0.22,Min
Alabama,1915,1,2.56,Min
Alabama,1915,2,1.39,Min
Alabama,1915,3,9.72,Min
Alabama,1915,4,16.94,Min
Alabama,1915,5,19.06,Min
Alabama,1915,6,20.33,Min
Alabama,1915,7,20.0,Min
Alabama,1915,8,17.94,Min
Alabama,1915,9,12.61,Min
Alabama,1915,10,5.67,Min
Alabama,1915,11,1.17,Min
Alabama,1916,0,5.0,Min
Alabama,1916,1,0.94,Min
Alabama,1916,2,4.78,Min
Alabama,1916,3,9.39,Min
Alabama,1916,4,15.44,Min
Alabama,1916,5,18.44,Min
Alabama,1916,6,21.06,Min
Alabama,1916,7,20.17,Min
Alabama,1916,8,16.0,Min
Alabama,1916,9,10.17,Min
Alabama,1916,10,4.17,Min
Alabama,1916,11,1.89,Min
Alabama,1917,0,4.11,Min
Alabama,1917,1,2.17,Min
Alabama,1917,2,6.78,Min
Alabama,1917,3,9.78,Min
Alabama,1917,4,11.28,Min
Alabama,1917,5,18.11,Min
Alabama,1917,6,20.39,Min
Alabama,1917,7,19.61,Min
Alabama,1917,8,16.61,Min
Alabama,1917,9,6.39,Min
Alabama,1917,10,2.72,Min
Alabama,1917,11,-1.83,Min
Alabama,1918,0,-3.28,Min
Alabama,1918,1,5.11,Min
Alabama,1918,2,9.44,Min
Alabama,1918,3,9.94,Min
Alabama,1918,4,15.5,Min
Alabama,1918,5,19.44,Min
Alabama,1918,6,18.83,Min
Alabama,1918,7,20.06,Min
Alabama,1918,8,14.28,Min
Alabama,1918,9,14.89,Min
Alabama,1918,10,4.89,Min
Alabama,1918,11,4.44,Min
Alabama,1919,0,-0.17,Min
Alabama,1919,1,2.44,Min
Alabama,1919,2,6.22,Min
Alabama,1919,3,9.06,Min
Alabama,1919,4,14.56,Min
Alabama,1919,5,19.72,Min
Alabama,1919,6,20.67,Min
Alabama,1919,7,20.39,Min
Alabama,1919,8,16.67,Min
Alabama,1919,9,17.44,Min
Alabama,1919,10,7.28,Min
Alabama,1919,11,1.78,Min
Alabama,1920,0,2.78,Min
Alabama,1920,1,2.11,Min
Alabama,1920,2,4.72,Min
Alabama,1920,3,10.39,Min
Alabama,1920,4,15.56,Min
Alabama,1920,5,18.44,Min
Alabama,1920,6,20.33,Min
Alabama,1920,7,19.89,Min
Alabama,1920,8,18.72,Min
Alabama,1920,9,9.5,Min
Alabama,1920,10,3.22,Min
Alabama,1920,11,1.22,Min
Alabama,1921,0,3.06,Min
Alabama,1921,1,3.61,Min
Alabama,1921,2,10.56,Min
Alabama,1921,3,9.5,Min
Alabama,1921,4,14.17,Min
Alabama,1921,5,19.83,Min
Alabama,1921,6,21.06,Min
Alabama,1921,7,20.5,Min
Alabama,1921,8,20.33,Min
Alabama,1921,9,8.94,Min
Alabama,1921,10,7.28,Min
Alabama,1921,11,3.61,Min
Alabama,1922,0,3.0,Min
Alabama,1922,1,6.28,Min
Alabama,1922,2,6.83,Min
Alabama,1922,3,12.67,Min
Alabama,1922,4,16.17,Min
Alabama,1922,5,19.44,Min
Alabama,1922,6,20.33,Min
Alabama,1922,7,19.5,Min
Alabama,1922,8,17.78,Min
Alabama,1922,9,11.17,Min
Alabama,1922,10,6.72,Min
Alabama,1922,11,6.06,Min
Alabama,1923,0,3.89,Min
Alabama,1923,1,2.11,Min
Alabama,1923,2,5.39,Min
Alabama,1923,3,10.5,Min
Alabama,1923,4,14.67,Min
Alabama,1923,5,18.83,Min
Alabama,1923,6,19.78,Min
Alabama,1923,7,20.44,Min
Alabama,1923,8,17.72,Min
Alabama,1923,9,9.94,Min
Alabama,1923,10,3.61,Min
Alabama,1923,11,6.72,Min
Alabama,1924,0,-1.94,Min
Alabama,1924,1,1.61,Min
Alabama,1924,2,3.89,Min
Alabama,1924,3,10.22,Min
Alabama,1924,4,12.78,Min
Alabama,1924,5,20.17,Min
Alabama,1924,6,19.72,Min
Alabama,1924,7,20.39,Min
Alabama,1924,8,16.22,Min
Alabama,1924,9,9.39,Min
Alabama,1924,10,4.72,Min
Alabama,1924,11,2.39,Min
Alabama,1925,0,2.83,Min
Alabama,1925,1,4.56,Min
Alabama,1925,2,6.39,Min
Alabama,1925,3,12.11,Min
Alabama,1925,4,13.5,Min
Alabama,1925,5,19.94,Min
Alabama,1925,6,20.83,Min
Alabama,1925,7,19.67,Min
Alabama,1925,8,20.78,Min
Alabama,1925,9,12.11,Min
Alabama,1925,10,4.67,Min
Alabama,1925,11,0.11,Min
Alabama,1926,0,0.94,Min
Alabama,1926,1,3.33,Min
Alabama,1926,2,3.39,Min
Alabama,1926,3,8.22,Min
Alabama,1926,4,13.67,Min
Alabama,1926,5,18.5,Min
Alabama,1926,6,19.56,Min
Alabama,1926,7,21.22,Min
Alabama,1926,8,20.06,Min
Alabama,1926,9,12.11,Min
Alabama,1926,10,2.89,Min
Alabama,1926,11,3.83,Min
Alabama,1927,0,2.33,Min
Alabama,1927,1,8.17,Min
Alabama,1927,2,6.94,Min
Alabama,1927,3,12.94,Min
Alabama,1927,4,15.72,Min
Alabama,1927,5,19.89,Min
Alabama,1927,6,20.39,Min
Alabama,1927,7,19.06,Min
Alabama,1927,8,17.44,Min
Alabama,1927,9,10.89,Min
Alabama,1927,10,8.44,Min
Alabama,1927,11,1.5,Min
Alabama,1928,0,-0.06,Min
Alabama,1928,1,2.0,Min
Alabama,1928,2,6.33,Min
Alabama,1928,3,8.33,Min
Alabama,1928,4,13.72,Min
Alabama,1928,5,18.72,Min
Alabama,1928,6,20.89,Min
Alabama,1928,7,20.89,Min
Alabama,1928,8,16.11,Min
Alabama,1928,9,12.78,Min
Alabama,1928,10,4.5,Min
Alabama,1928,11,0.61,Min
Alabama,1929,0,2.39,Min
Alabama,1929,1,1.28,Min
Alabama,1929,2,8.28,Min
Alabama,1929,3,12.56,Min
Alabama,1929,4,15.67,Min
Alabama,1929,5,18.56,Min
Alabama,1929,6,20.06,Min
Alabama,1929,7,19.33,Min
Alabama,1929,8,17.72,Min
Alabama,1929,9,10.17,Min
Alabama,1929,10,7.28,Min
Alabama,1929,11,0.06,Min
Alabama,1930,0,1.06,Min
Alabama,1930,1,4.61,Min
Alabama,1930,2,4.67,Min
Alabama,1930,3,10.22,Min
Alabama,1930,4,15.67,Min
Alabama,1930,5,17.5,Min
Alabama,1930,6,21.0,Min
Alabama,1930,7,19.17,Min
Alabama,1930,8,18.83,Min
Alabama,1930,9,9.67,Min
Alabama,1930,10,6.28,Min
Alabama,1930,11,0.56,Min
Alabama,1931,0,0.06,Min
Alabama,1931,1,2.39,Min
Alabama,1931,2,3.06,Min
Alabama,1931,3,8.72,Min
Alabama,1931,4,12.83,Min
Alabama,1931,5,18.11,Min
Alabama,1931,6,21.06,Min
Alabama,1931,7,18.83,Min
Alabama,1931,8,18.67,Min
Alabama,1931,9,12.28,Min
Alabama,1931,10,8.0,Min
Alabama,1931,11,7.22,Min
Alabama,1932,0,5.11,Min
Alabama,1932,1,7.72,Min
Alabama,1932,2,3.56,Min
Alabama,1932,3,10.33,Min
Alabama,1932,4,14.11,Min
Alabama,1932,5,19.39,Min
Alabama,1932,6,21.72,Min
Alabama,1932,7,20.78,Min
Alabama,1932,8,17.72,Min
Alabama,1932,9,9.61,Min
Alabama,1932,10,3.0,Min
Alabama,1932,11,4.06,Min
Alabama,1933,0,5.11,Min
Alabama,1933,1,3.06,Min
Alabama,1933,2,5.78,Min
Alabama,1933,3,10.11,Min
Alabama,1933,4,17.5,Min
Alabama,1933,5,17.94,Min
Alabama,1933,6,20.44,Min
Alabama,1933,7,20.22,Min
Alabama,1933,8,18.94,Min
Alabama,1933,9,11.33,Min
Alabama,1933,10,4.56,Min
Alabama,1933,11,6.28,Min
Alabama,1934,0,3.33,Min
Alabama,1934,1,-0.44,Min
Alabama,1934,2,4.56,Min
Alabama,1934,3,10.44,Min
Alabama,1934,4,15.22,Min
Alabama,1934,5,19.89,Min
Alabama,1934,6,21.33,Min
Alabama,1934,7,21.0,Min
Alabama,1934,8,16.39,Min
Alabama,1934,9,11.72,Min
Alabama,1934,10,6.22,Min
Alabama,1934,11,1.28,Min
Alabama,1935,0,2.0,Min
Alabama,1935,1,2.61,Min
Alabama,1935,2,9.22,Min
Alabama,1935,3,11.33,Min
Alabama,1935,4,15.61,Min
Alabama,1935,5,17.89,Min
Alabama,1935,6,20.72,Min
Alabama,1935,7,21.0,Min
Alabama,1935,8,16.61,Min
Alabama,1935,9,11.17,Min
Alabama,1935,10,6.33,Min
Alabama,1935,11,-1.78,Min
Alabama,1936,0,0.0,Min
Alabama,1936,1,0.72,Min
Alabama,1936,2,7.33,Min
Alabama,1936,3,9.28,Min
Alabama,1936,4,15.39,Min
Alabama,1936,5,18.94,Min
Alabama,1936,6,21.0,Min
Alabama,1936,7,20.44,Min
Alabama,1936,8,18.94,Min
Alabama,1936,9,12.06,Min
Alabama,1936,10,4.11,Min
Alabama,1936,11,3.83,Min
Alabama,1937,0,9.39,Min
Alabama,1937,1,2.61,Min
Alabama,1937,2,4.17,Min
Alabama,1937,3,9.56,Min
Alabama,1937,4,15.5,Min
Alabama,1937,5,19.94,Min
Alabama,1937,6,19.67,Min
Alabama,1937,7,20.67,Min
Alabama,1937,8,16.33,Min
Alabama,1937,9,10.33,Min
Alabama,1937,10,3.78,Min
Alabama,1937,11,1.61,Min
Alabama,1938,0,2.0,Min
Alabama,1938,1,5.56,Min
Alabama,1938,2,10.06,Min
Alabama,1938,3,10.5,Min
Alabama,1938,4,15.67,Min
Alabama,1938,5,18.33,Min
Alabama,1938,6,20.72,Min
Alabama,1938,7,20.5,Min
Alabama,1938,8,16.17,Min
Alabama,1938,9,9.94,Min
Alabama,1938,10,5.0,Min
Alabama,1938,11,1.06,Min
Alabama,1939,0,2.89,Min
Alabama,1939,1,4.5,Min
Alabama,1939,2,7.33,Min
Alabama,1939,3,9.33,Min
Alabama,1939,4,14.78,Min
Alabama,1939,5,20.0,Min
Alabama,1939,6,20.44,Min
Alabama,1939,7,19.56,Min
Alabama,1939,8,18.11,Min
Alabama,1939,9,11.06,Min
Alabama,1939,10,3.17,Min
Alabama,1939,11,2.0,Min
Alabama,1940,0,-6.0,Min
Alabama,1940,1,1.33,Min
Alabama,1940,2,5.33,Min
Alabama,1940,3,9.83,Min
Alabama,1940,4,12.39,Min
Alabama,1940,5,18.5,Min
Alabama,1940,6,20.0,Min
Alabama,1940,7,20.28,Min
Alabama,1940,8,14.83,Min
Alabama,1940,9,9.78,Min
Alabama,1940,10,5.06,Min
Alabama,1940,11,4.44,Min
Alabama,1941,0,1.39,Min
Alabama,1941,1,0.0,Min
Alabama,1941,2,3.0,Min
Alabama,1941,3,11.22,Min
Alabama,1941,4,14.78,Min
Alabama,1941,5,19.17,Min
Alabama,1941,6,21.06,Min
Alabama,1941,7,20.72,Min
Alabama,1941,8,18.61,Min
Alabama,1941,9,14.83,Min
Alabama,1941,10,4.11,Min
Alabama,1941,11,3.11,Min
Alabama,1942,0,-1.39,Min
Alabama,1942,1,0.44,Min
Alabama,1942,2,5.56,Min
Alabama,1942,3,9.33,Min
Alabama,1942,4,14.17,Min
Alabama,1942,5,19.17,Min
Alabama,1942,6,20.67,Min
Alabama,1942,7,19.5,Min
Alabama,1942,8,15.89,Min
Alabama,1942,9,10.67,Min
Alabama,1942,10,5.83,Min
Alabama,1942,11,2.39,Min
Alabama,1943,0,2.33,Min
Alabama,1943,1,2.22,Min
Alabama,1943,2,5.0,Min
Alabama,1943,3,9.78,Min
Alabama,1943,4,16.06,Min
Alabama,1943,5,20.44,Min
Alabama,1943,6,21.11,Min
Alabama,1943,7,20.56,Min
Alabama,1943,8,15.72,Min
Alabama,1943,9,8.5,Min
Alabama,1943,10,2.06,Min
Alabama,1943,11,1.39,Min
Alabama,1944,0,1.17,Min
Alabama,1944,1,6.5,Min
Alabama,1944,2,6.67,Min
Alabama,1944,3,9.94,Min
Alabama,1944,4,15.06,Min
Alabama,1944,5,19.5,Min
Alabama,1944,6,19.33,Min
Alabama,1944,7,20.28,Min
Alabama,1944,8,18.22,Min
Alabama,1944,9,8.94,Min
Alabama,1944,10,5.22,Min
Alabama,1944,11,0.67,Min
Alabama,1945,0,0.89,Min
Alabama,1945,1,4.67,Min
Alabama,1945,2,10.72,Min
Alabama,1945,3,11.56,Min
Alabama,1945,4,13.28,Min
Alabama,1945,5,18.89,Min
Alabama,1945,6,20.33,Min
Alabama,1945,7,19.94,Min
Alabama,1945,8,18.67,Min
Alabama,1945,9,9.78,Min
Alabama,1945,10,6.17,Min
Alabama,1945,11,-1.0,Min
Alabama,1946,0,2.56,Min
Alabama,1946,1,2.61,Min
Alabama,1946,2,8.89,Min
Alabama,1946,3,11.56,Min
Alabama,1946,4,14.89,Min
Alabama,1946,5,18.06,Min
Alabama,1946,6,20.61,Min
Alabama,1946,7,19.0,Min
Alabama,1946,8,16.78,Min
Alabama,1946,9,10.11,Min
Alabama,1946,10,9.28,Min
Alabama,1946,11,3.0,Min
Alabama,1947,0,4.5,Min
Alabama,1947,1,-2.39,Min
Alabama,1947,2,2.56,Min
Alabama,1947,3,11.94,Min
Alabama,1947,4,14.11,Min
Alabama,1947,5,18.61,Min
Alabama,1947,6,18.17,Min
Alabama,1947,7,20.67,Min
Alabama,1947,8,18.0,Min
Alabama,1947,9,14.0,Min
Alabama,1947,10,5.44,Min
Alabama,1947,11,1.72,Min
Alabama,1948,0,-2.67,Min
Alabama,1948,1,4.44,Min
Alabama,1948,2,8.39,Min
Alabama,1948,3,12.39,Min
Alabama,1948,4,14.44,Min
Alabama,1948,5,18.94,Min
Alabama,1948,6,20.72,Min
Alabama,1948,7,19.5,Min
Alabama,1948,8,16.22,Min
Alabama,1948,9,8.06,Min
Alabama,1948,10,6.83,Min
Alabama,1948,11,3.89,Min
Alabama,1949,0,5.72,Min
Alabama,1949,1,5.56,Min
Alabama,1949,2,5.33,Min
Alabama,1949,3,10.06,Min
Alabama,1949,4,15.11,Min
Alabama,1949,5,19.28,Min
Alabama,1949,6,21.28,Min
Alabama,1949,7,20.06,Min
Alabama,1949,8,16.22,Min
Alabama,1949,9,14.83,Min
Alabama,1949,10,2.89,Min
Alabama,1949,11,2.78,Min
Alabama,1950,0,9.67,Min
Alabama,1950,1,4.83,Min
Alabama,1950,2,4.56,Min
Alabama,1950,3,7.94,Min
Alabama,1950,4,16.83,Min
Alabama,1950,5,18.94,Min
Alabama,1950,6,19.44,Min
Alabama,1950,7,18.44,Min
Alabama,1950,8,16.67,Min
Alabama,1950,9,12.06,Min
Alabama,1950,10,1.33,Min
Alabama,1950,11,-0.67,Min
Alabama,1951,0,1.56,Min
Alabama,1951,1,2.67,Min
Alabama,1951,2,7.17,Min
Alabama,1951,3,9.11,Min
Alabama,1951,4,13.22,Min
Alabama,1951,5,19.17,Min
Alabama,1951,6,20.61,Min
Alabama,1951,7,20.72,Min
Alabama,1951,8,17.94,Min
Alabama,1951,9,11.67,Min
Alabama,1951,10,2.22,Min
Alabama,1951,11,3.39,Min
Alabama,1952,0,5.44,Min
Alabama,1952,1,4.61,Min
Alabama,1952,2,4.89,Min
Alabama,1952,3,8.67,Min
Alabama,1952,4,14.78,Min
Alabama,1952,5,20.56,Min
Alabama,1952,6,20.44,Min
Alabama,1952,7,20.17,Min
Alabama,1952,8,15.67,Min
Alabama,1952,9,5.94,Min
Alabama,1952,10,3.39,Min
Alabama,1952,11,1.44,Min
Alabama,1953,0,2.94,Min
Alabama,1953,1,3.11,Min
Alabama,1953,2,7.89,Min
Alabama,1953,3,8.56,Min
Alabama,1953,4,16.94,Min
Alabama,1953,5,20.17,Min
Alabama,1953,6,20.56,Min
Alabama,1953,7,19.22,Min
Alabama,1953,8,15.56,Min
Alabama,1953,9,10.28,Min
Alabama,1953,10,3.17,Min
Alabama,1953,11,1.17,Min
Alabama,1954,0,1.72,Min
Alabama,1954,1,3.39,Min
Alabama,1954,2,5.5,Min
Alabama,1954,3,12.56,Min
Alabama,1954,4,12.22,Min
Alabama,1954,5,18.5,Min
Alabama,1954,6,21.11,Min
Alabama,1954,7,20.78,Min
Alabama,1954,8,17.39,Min
Alabama,1954,9,10.39,Min
Alabama,1954,10,3.22,Min
Alabama,1954,11,0.33,Min
Alabama,1955,0,0.67,Min
Alabama,1955,1,3.22,Min
Alabama,1955,2,7.56,Min
Alabama,1955,3,11.78,Min
Alabama,1955,4,15.89,Min
Alabama,1955,5,16.0,Min
Alabama,1955,6,20.61,Min
Alabama,1955,7,20.44,Min
Alabama,1955,8,18.0,Min
Alabama,1955,9,8.44,Min
Alabama,1955,10,3.56,Min
Alabama,1955,11,1.78,Min
Alabama,1956,0,-0.61,Min
Alabama,1956,1,5.94,Min
Alabama,1956,2,5.33,Min
Alabama,1956,3,9.17,Min
Alabama,1956,4,16.06,Min
Alabama,1956,5,17.83,Min
Alabama,1956,6,19.94,Min
Alabama,1956,7,19.5,Min
Alabama,1956,8,14.72,Min
Alabama,1956,9,11.67,Min
Alabama,1956,10,3.06,Min
Alabama,1956,11,5.72,Min
Alabama,1957,0,3.39,Min
Alabama,1957,1,7.72,Min
Alabama,1957,2,5.39,Min
Alabama,1957,3,11.56,Min
Alabama,1957,4,15.78,Min
Alabama,1957,5,19.89,Min
Alabama,1957,6,20.22,Min
Alabama,1957,7,19.22,Min
Alabama,1957,8,17.89,Min
Alabama,1957,9,9.33,Min
Alabama,1957,10,7.0,Min
Alabama,1957,11,2.0,Min
Alabama,1958,0,-1.56,Min
Alabama,1958,1,-3.0,Min
Alabama,1958,2,4.78,Min
Alabama,1958,3,10.5,Min
Alabama,1958,4,14.72,Min
Alabama,1958,5,19.22,Min
Alabama,1958,6,20.44,Min
Alabama,1958,7,19.61,Min
Alabama,1958,8,17.61,Min
Alabama,1958,9,9.67,Min
Alabama,1958,10,6.06,Min
Alabama,1958,11,-0.39,Min
Alabama,1959,0,-0.94,Min
Alabama,1959,1,4.0,Min
Alabama,1959,2,4.17,Min
Alabama,1959,3,9.89,Min
Alabama,1959,4,15.83,Min
Alabama,1959,5,18.83,Min
Alabama,1959,6,20.28,Min
Alabama,1959,7,20.11,Min
Alabama,1959,8,17.94,Min
Alabama,1959,9,13.89,Min
Alabama,1959,10,3.39,Min
Alabama,1959,11,2.11,Min
Alabama,1960,0,1.83,Min
Alabama,1960,1,0.56,Min
Alabama,1960,2,1.28,Min
Alabama,1960,3,10.28,Min
Alabama,1960,4,12.61,Min
Alabama,1960,5,18.39,Min
Alabama,1960,6,20.44,Min
Alabama,1960,7,20.33,Min
Alabama,1960,8,17.78,Min
Alabama,1960,9,11.44,Min
Alabama,1960,10,4.28,Min
Alabama,1960,11,-1.11,Min
Alabama,1961,0,-2.28,Min
Alabama,1961,1,4.72,Min
Alabama,1961,2,7.56,Min
Alabama,1961,3,7.56,Min
Alabama,1961,4,12.89,Min
Alabama,1961,5,17.22,Min
Alabama,1961,6,19.28,Min
Alabama,1961,7,19.28,Min
Alabama,1961,8,17.11,Min
Alabama,1961,9,8.22,Min
Alabama,1961,10,6.56,Min
Alabama,1961,11,2.78,Min
Alabama,1962,0,0.11,Min
Alabama,1962,1,5.83,Min
Alabama,1962,2,4.17,Min
Alabama,1962,3,8.61,Min
Alabama,1962,4,16.0,Min
Alabama,1962,5,18.56,Min
Alabama,1962,6,20.33,Min
Alabama,1962,7,19.94,Min
Alabama,1962,8,16.94,Min
Alabama,1962,9,11.22,Min
Alabama,1962,10,4.06,Min
Alabama,1962,11,-0.33,Min
Alabama,1963,0,-2.44,Min
Alabama,1963,1,-1.83,Min
Alabama,1963,2,7.06,Min
Alabama,1963,3,12.0,Min
Alabama,1963,4,15.11,Min
Alabama,1963,5,18.78,Min
Alabama,1963,6,19.56,Min
Alabama,1963,7,19.67,Min
Alabama,1963,8,15.94,Min
Alabama,1963,9,9.89,Min
Alabama,1963,10,4.56,Min
Alabama,1963,11,-3.17,Min
Alabama,1964,0,-0.44,Min
Alabama,1964,1,-0.17,Min
Alabama,1964,2,5.22,Min
Alabama,1964,3,11.83,Min
Alabama,1964,4,14.56,Min
Alabama,1964,5,19.0,Min
Alabama,1964,6,20.0,Min
Alabama,1964,7,19.72,Min
Alabama,1964,8,16.89,Min
Alabama,1964,9,8.22,Min
Alabama,1964,10,6.44,Min
Alabama,1964,11,3.22,Min
Alabama,1965,0,1.22,Min
Alabama,1965,1,1.33,Min
Alabama,1965,2,4.78,Min
Alabama,1965,3,11.94,Min
Alabama,1965,4,14.67,Min
Alabama,1965,5,18.22,Min
Alabama,1965,6,20.06,Min
Alabama,1965,7,19.67,Min
Alabama,1965,8,18.11,Min
Alabama,1965,9,9.61,Min
Alabama,1965,10,7.06,Min
Alabama,1965,11,1.11,Min
Alabama,1966,0,-0.78,Min
Alabama,1966,1,2.11,Min
Alabama,1966,2,4.78,Min
Alabama,1966,3,10.33,Min
Alabama,1966,4,14.5,Min
Alabama,1966,5,16.56,Min
Alabama,1966,6,20.61,Min
Alabama,1966,7,19.39,Min
Alabama,1966,8,16.67,Min
Alabama,1966,9,9.28,Min
Alabama,1966,10,5.39,Min
Alabama,1966,11,1.78,Min
Alabama,1967,0,1.11,Min
Alabama,1967,1,0.5,Min
Alabama,1967,2,7.11,Min
Alabama,1967,3,12.56,Min
Alabama,1967,4,13.5,Min
Alabama,1967,5,18.28,Min
Alabama,1967,6,18.72,Min
Alabama,1967,7,18.44,Min
Alabama,1967,8,14.17,Min
Alabama,1967,9,7.67,Min
Alabama,1967,10,2.67,Min
Alabama,1967,11,4.61,Min
Alabama,1968,0,-0.28,Min
Alabama,1968,1,-2.22,Min
Alabama,1968,2,3.33,Min
Alabama,1968,3,10.61,Min
Alabama,1968,4,13.78,Min
Alabama,1968,5,17.89,Min
Alabama,1968,6,19.72,Min
Alabama,1968,7,19.72,Min
Alabama,1968,8,15.22,Min
Alabama,1968,9,10.0,Min
Alabama,1968,10,3.78,Min
Alabama,1968,11,-0.72,Min
Alabama,1969,0,0.56,Min
Alabama,1969,1,1.56,Min
Alabama,1969,2,1.83,Min
Alabama,1969,3,10.61,Min
Alabama,1969,4,14.22,Min
Alabama,1969,5,18.33,Min
Alabama,1969,6,21.06,Min
Alabama,1969,7,18.61,Min
Alabama,1969,8,15.83,Min
Alabama,1969,9,11.5,Min
Alabama,1969,10,2.17,Min
Alabama,1969,11,-0.06,Min
Alabama,1970,0,-2.44,Min
Alabama,1970,1,-0.72,Min
Alabama,1970,2,5.11,Min
Alabama,1970,3,11.83,Min
Alabama,1970,4,14.0,Min
Alabama,1970,5,17.94,Min
Alabama,1970,6,19.44,Min
Alabama,1970,7,20.61,Min
Alabama,1970,8,18.67,Min
Alabama,1970,9,11.67,Min
Alabama,1970,10,2.5,Min
Alabama,1970,11,3.0,Min
Alabama,1971,0,1.17,Min
Alabama,1971,1,0.67,Min
Alabama,1971,2,3.0,Min
Alabama,1971,3,7.83,Min
Alabama,1971,4,12.0,Min
Alabama,1971,5,18.72,Min
Alabama,1971,6,19.94,Min
Alabama,1971,7,19.67,Min
Alabama,1971,8,18.39,Min
Alabama,1971,9,13.28,Min
Alabama,1971,10,3.94,Min
Alabama,1971,11,7.5,Min
Alabama,1972,0,3.17,Min
Alabama,1972,1,2.22,Min
Alabama,1972,2,5.61,Min
Alabama,1972,3,10.06,Min
Alabama,1972,4,13.83,Min
Alabama,1972,5,17.0,Min
Alabama,1972,6,18.94,Min
Alabama,1972,7,19.61,Min
Alabama,1972,8,18.28,Min
Alabama,1972,9,10.67,Min
Alabama,1972,10,5.0,Min
Alabama,1972,11,3.89,Min
Alabama,1973,0,0.44,Min
Alabama,1973,1,0.22,Min
Alabama,1973,2,9.61,Min
Alabama,1973,3,9.44,Min
Alabama,1973,4,12.83,Min
Alabama,1973,5,18.83,Min
Alabama,1973,6,20.78,Min
Alabama,1973,7,19.11,Min
Alabama,1973,8,18.78,Min
Alabama,1973,9,12.06,Min
Alabama,1973,10,7.33,Min
Alabama,1973,11,1.11,Min
Alabama,1974,0,7.72,Min
Alabama,1974,1,1.67,Min
Alabama,1974,2,8.56,Min
Alabama,1974,3,9.11,Min
Alabama,1974,4,15.72,Min
Alabama,1974,5,16.56,Min
Alabama,1974,6,19.61,Min
Alabama,1974,7,19.5,Min
Alabama,1974,8,16.11,Min
Alabama,1974,9,7.33,Min
Alabama,1974,10,4.06,Min
Alabama,1974,11,2.22,Min
Alabama,1975,0,3.28,Min
Alabama,1975,1,4.17,Min
Alabama,1975,2,5.22,Min
Alabama,1975,3,9.0,Min
Alabama,1975,4,16.28,Min
Alabama,1975,5,18.28,Min
Alabama,1975,6,20.0,Min
Alabama,1975,7,20.28,Min
Alabama,1975,8,15.61,Min
Alabama,1975,9,11.56,Min
Alabama,1975,10,5.72,Min
Alabama,1975,11,1.06,Min
Alabama,1976,0,-2.06,Min
Alabama,1976,1,3.78,Min
Alabama,1976,2,8.11,Min
Alabama,1976,3,8.89,Min
Alabama,1976,4,12.28,Min
Alabama,1976,5,17.33,Min
Alabama,1976,6,19.5,Min
Alabama,1976,7,18.44,Min
Alabama,1976,8,16.11,Min
Alabama,1976,9,7.39,Min
Alabama,1976,10,0.78,Min
Alabama,1976,11,-1.17,Min
Alabama,1977,0,-5.0,Min
Alabama,1977,1,-0.44,Min
Alabama,1977,2,7.61,Min
Alabama,1977,3,10.72,Min
Alabama,1977,4,14.83,Min
Alabama,1977,5,18.72,Min
Alabama,1977,6,20.94,Min
Alabama,1977,7,20.44,Min
Alabama,1977,8,18.61,Min
Alabama,1977,9,8.67,Min
Alabama,1977,10,7.72,Min
Alabama,1977,11,0.83,Min
Alabama,1978,0,-2.89,Min
Alabama,1978,1,-2.61,Min
Alabama,1978,2,3.78,Min
Alabama,1978,3,9.83,Min
Alabama,1978,4,14.67,Min
Alabama,1978,5,19.22,Min
Alabama,1978,6,20.78,Min
Alabama,1978,7,20.22,Min
Alabama,1978,8,18.44,Min
Alabama,1978,9,8.22,Min
Alabama,1978,10,7.83,Min
Alabama,1978,11,1.11,Min
Alabama,1979,0,-2.33,Min
Alabama,1979,1,1.0,Min
Alabama,1979,2,5.89,Min
Alabama,1979,3,11.22,Min
Alabama,1979,4,14.56,Min
Alabama,1979,5,17.56,Min
Alabama,1979,6,20.83,Min
Alabama,1979,7,19.61,Min
Alabama,1979,8,17.39,Min
Alabama,1979,9,8.94,Min
Alabama,1979,10,4.33,Min
Alabama,1979,11,0.94,Min
Alabama,1980,0,3.11,Min
Alabama,1980,1,-0.67,Min
Alabama,1980,2,5.0,Min
Alabama,1980,3,8.61,Min
Alabama,1980,4,15.11,Min
Alabama,1980,5,18.56,Min
Alabama,1980,6,21.39,Min
Alabama,1980,7,20.61,Min
Alabama,1980,8,18.83,Min
Alabama,1980,9,8.33,Min
Alabama,1980,10,4.39,Min
Alabama,1980,11,0.0,Min
Alabama,1981,0,-2.89,Min
Alabama,1981,1,1.67,Min
Alabama,1981,2,3.61,Min
Alabama,1981,3,12.06,Min
Alabama,1981,4,12.5,Min
Alabama,1981,5,20.39,Min
Alabama,1981,6,21.0,Min
Alabama,1981,7,19.78,Min
Alabama,1981,8,14.44,Min
Alabama,1981,9,9.72,Min
Alabama,1981,10,4.83,Min
Alabama,1981,11,0.44,Min
Alabama,1982,0,-0.33,Min
Alabama,1982,1,2.89,Min
Alabama,1982,2,8.33,Min
Alabama,1982,3,9.44,Min
Alabama,1982,4,14.78,Min
Alabama,1982,5,18.11,Min
Alabama,1982,6,20.56,Min
Alabama,1982,7,20.22,Min
Alabama,1982,8,15.67,Min
Alabama,1982,9,10.83,Min
Alabama,1982,10,6.33,Min
Alabama,1982,11,6.0,Min
Alabama,1983,0,0.11,Min
Alabama,1983,1,2.67,Min
Alabama,1983,2,4.89,Min
Alabama,1983,3,7.33,Min
Alabama,1983,4,13.72,Min
Alabama,1983,5,18.0,Min
Alabama,1983,6,20.61,Min
Alabama,1983,7,20.67,Min
Alabama,1983,8,15.67,Min
Alabama,1983,9,11.06,Min
Alabama,1983,10,4.67,Min
Alabama,1983,11,-0.22,Min
Alabama,1984,0,-1.67,Min
Alabama,1984,1,1.94,Min
Alabama,1984,2,4.83,Min
Alabama,1984,3,9.61,Min
Alabama,1984,4,13.44,Min
Alabama,1984,5,17.78,Min
Alabama,1984,6,19.72,Min
Alabama,1984,7,19.56,Min
Alabama,1984,8,15.17,Min
Alabama,1984,9,14.44,Min
Alabama,1984,10,3.89,Min
Alabama,1984,11,6.39,Min
Alabama,1985,0,-3.39,Min
Alabama,1985,1,1.56,Min
Alabama,1985,2,8.0,Min
Alabama,1985,3,10.33,Min
Alabama,1985,4,14.94,Min
Alabama,1985,5,18.89,Min
Alabama,1985,6,20.11,Min
Alabama,1985,7,20.06,Min
Alabama,1985,8,16.11,Min
Alabama,1985,9,14.33,Min
Alabama,1985,10,10.78,Min
Alabama,1985,11,-1.61,Min
Alabama,1986,0,-1.11,Min
Alabama,1986,1,4.22,Min
Alabama,1986,2,5.17,Min
Alabama,1986,3,8.33,Min
Alabama,1986,4,15.28,Min
Alabama,1986,5,19.89,Min
Alabama,1986,6,21.28,Min
Alabama,1986,7,19.44,Min
Alabama,1986,8,18.78,Min
Alabama,1986,9,11.72,Min
Alabama,1986,10,9.83,Min
Alabama,1986,11,2.94,Min
Alabama,1987,0,0.28,Min
Alabama,1987,1,3.61,Min
Alabama,1987,2,6.44,Min
Alabama,1987,3,7.72,Min
Alabama,1987,4,16.89,Min
Alabama,1987,5,18.89,Min
Alabama,1987,6,20.33,Min
Alabama,1987,7,21.11,Min
Alabama,1987,8,16.28,Min
Alabama,1987,9,5.22,Min
Alabama,1987,10,5.83,Min
Alabama,1987,11,4.06,Min
Alabama,1988,0,-0.67,Min
Alabama,1988,1,0.33,Min
Alabama,1988,2,5.11,Min
Alabama,1988,3,9.83,Min
Alabama,1988,4,12.06,Min
Alabama,1988,5,17.22,Min
Alabama,1988,6,20.44,Min
Alabama,1988,7,20.83,Min
Alabama,1988,8,18.5,Min
Alabama,1988,9,8.22,Min
Alabama,1988,10,7.0,Min
Alabama,1988,11,1.33,Min
Alabama,1989,0,3.89,Min
Alabama,1989,1,3.39,Min
Alabama,1989,2,7.78,Min
Alabama,1989,3,8.83,Min
Alabama,1989,4,13.94,Min
Alabama,1989,5,19.17,Min
Alabama,1989,6,20.83,Min
Alabama,1989,7,19.78,Min
Alabama,1989,8,17.22,Min
Alabama,1989,9,9.56,Min
Alabama,1989,10,5.17,Min
Alabama,1989,11,-2.44,Min
Alabama,1990,0,3.67,Min
Alabama,1990,1,6.44,Min
Alabama,1990,2,7.72,Min
Alabama,1990,3,8.78,Min
Alabama,1990,4,14.33,Min
Alabama,1990,5,18.61,Min
Alabama,1990,6,20.22,Min
Alabama,1990,7,19.94,Min
Alabama,1990,8,16.94,Min
Alabama,1990,9,10.17,Min
Alabama,1990,10,5.33,Min
Alabama,1990,11,4.33,Min
Alabama,1991,0,3.11,Min
Alabama,1991,1,4.06,Min
Alabama,1991,2,7.0,Min
Alabama,1991,3,12.89,Min
Alabama,1991,4,17.94,Min
Alabama,1991,5,19.33,Min
Alabama,1991,6,21.28,Min
Alabama,1991,7,20.22,Min
Alabama,1991,8,16.94,Min
Alabama,1991,9,10.61,Min
Alabama,1991,10,3.17,Min
Alabama,1991,11,3.78,Min
Alabama,1992,0,1.06,Min
Alabama,1992,1,4.06,Min
Alabama,1992,2,5.56,Min
Alabama,1992,3,9.17,Min
Alabama,1992,4,12.78,Min
Alabama,1992,5,17.94,Min
Alabama,1992,6,21.0,Min
Alabama,1992,7,18.89,Min
Alabama,1992,8,17.67,Min
Alabama,1992,9,9.67,Min
Alabama,1992,10,5.33,Min
Alabama,1992,11,3.5,Min
Alabama,1993,0,4.22,Min
Alabama,1993,1,1.5,Min
Alabama,1993,2,4.67,Min
Alabama,1993,3,7.72,Min
Alabama,1993,4,14.06,Min
Alabama,1993,5,18.94,Min
Alabama,1993,6,21.39,Min
Alabama,1993,7,20.72,Min
Alabama,1993,8,16.78,Min
Alabama,1993,9,10.44,Min
Alabama,1993,10,4.0,Min
Alabama,1993,11,1.61,Min
Alabama,1994,0,-0.67,Min
Alabama,1994,1,3.5,Min
Alabama,1994,2,5.72,Min
Alabama,1994,3,10.72,Min
Alabama,1994,4,13.44,Min
Alabama,1994,5,20.11,Min
Alabama,1994,6,20.28,Min
Alabama,1994,7,19.33,Min
Alabama,1994,8,16.11,Min
Alabama,1994,9,12.33,Min
Alabama,1994,10,8.0,Min
Alabama,1994,11,4.44,Min
Alabama,1995,0,1.61,Min
Alabama,1995,1,2.22,Min
Alabama,1995,2,8.28,Min
Alabama,1995,3,9.89,Min
Alabama,1995,4,15.83,Min
Alabama,1995,5,17.61,Min
Alabama,1995,6,20.83,Min
Alabama,1995,7,22.0,Min
Alabama,1995,8,16.67,Min
Alabama,1995,9,10.78,Min
Alabama,1995,10,3.06,Min
Alabama,1995,11,1.17,Min
Alabama,1996,0,-0.17,Min
Alabama,1996,1,1.89,Min
Alabama,1996,2,3.89,Min
Alabama,1996,3,7.94,Min
Alabama,1996,4,15.83,Min
Alabama,1996,5,18.89,Min
Alabama,1996,6,20.56,Min
Alabama,1996,7,19.83,Min
Alabama,1996,8,16.28,Min
Alabama,1996,9,10.5,Min
Alabama,1996,10,5.28,Min
Alabama,1996,11,3.17,Min
Alabama,1997,0,2.11,Min
Alabama,1997,1,4.89,Min
Alabama,1997,2,9.11,Min
Alabama,1997,3,7.83,Min
Alabama,1997,4,12.83,Min
Alabama,1997,5,18.33,Min
Alabama,1997,6,21.11,Min
Alabama,1997,7,19.44,Min
Alabama,1997,8,16.89,Min
Alabama,1997,9,10.28,Min
Alabama,1997,10,4.0,Min
Alabama,1997,11,1.5,Min
Alabama,1998,0,3.22,Min
Alabama,1998,1,3.72,Min
Alabama,1998,2,5.61,Min
Alabama,1998,3,9.83,Min
Alabama,1998,4,16.0,Min
Alabama,1998,5,20.56,Min
Alabama,1998,6,22.06,Min
Alabama,1998,7,20.39,Min
Alabama,1998,8,19.17,Min
Alabama,1998,9,12.0,Min
Alabama,1998,10,7.89,Min
Alabama,1998,11,5.56,Min
Alabama,1999,0,3.0,Min
Alabama,1999,1,4.39,Min
Alabama,1999,2,4.17,Min
Alabama,1999,3,12.72,Min
Alabama,1999,4,13.67,Min
Alabama,1999,5,19.5,Min
Alabama,1999,6,21.39,Min
Alabama,1999,7,20.83,Min
Alabama,1999,8,15.44,Min
Alabama,1999,9,10.28,Min
Alabama,1999,10,5.67,Min
Alabama,1999,11,1.44,Min
Alabama,2000,0,2.17,Min
Alabama,2000,1,3.56,Min
Alabama,2000,2,7.56,Min
Alabama,2000,3,8.22,Min
Alabama,2000,4,16.44,Min
Alabama,2000,5,18.72,Min
Alabama,2000,6,20.5,Min
Alabama,2000,7,20.11,Min
Alabama,2000,8,17.0,Min
Alabama,2000,9,9.78,Min
Alabama,2000,10,5.56,Min
Alabama,2000,11,-1.89,Min
Alabama,2001,0,-1.17,Min
Alabama,2001,1,5.0,Min
Alabama,2001,2,5.06,Min
Alabama,2001,3,11.33,Min
Alabama,2001,4,14.33,Min
Alabama,2001,5,18.67,Min
Alabama,2001,6,20.78,Min
Alabama,2001,7,20.44,Min
Alabama,2001,8,16.22,Min
Alabama,2001,9,8.22,Min
Alabama,2001,10,6.72,Min
Alabama,2001,11,3.94,Min
Alabama,2002,0,1.83,Min
Alabama,2002,1,0.72,Min
Alabama,2002,2,5.33,Min
Alabama,2002,3,12.67,Min
Alabama,2002,4,14.56,Min
Alabama,2002,5,18.83,Min
Alabama,2002,6,21.0,Min
Alabama,2002,7,20.33,Min
Alabama,2002,8,19.83,Min
Alabama,2002,9,15.39,Min
Alabama,2002,10,4.39,Min
Alabama,2002,11,1.17,Min
Alabama,2003,0,-2.0,Min
Alabama,2003,1,2.89,Min
Alabama,2003,2,8.28,Min
Alabama,2003,3,10.44,Min
Alabama,2003,4,16.44,Min
Alabama,2003,5,18.72,Min
Alabama,2003,6,20.67,Min
Alabama,2003,7,21.06,Min
Alabama,2003,8,16.44,Min
Alabama,2003,9,10.61,Min
Alabama,2003,10,7.56,Min
Alabama,2003,11,-0.22,Min
Alabama,2004,0,0.33,Min
Alabama,2004,1,2.22,Min
Alabama,2004,2,7.44,Min
Alabama,2004,3,8.39,Min
Alabama,2004,4,16.28,Min
Alabama,2004,5,19.94,Min
Alabama,2004,6,20.44,Min
Alabama,2004,7,18.67,Min
Alabama,2004,8,17.72,Min
Alabama,2004,9,14.72,Min
Alabama,2004,10,8.89,Min
Alabama,2004,11,0.78,Min
Alabama,2005,0,3.39,Min
Alabama,2005,1,4.89,Min
Alabama,2005,2,5.39,Min
Alabama,2005,3,8.78,Min
Alabama,2005,4,12.94,Min
Alabama,2005,5,19.39,Min
Alabama,2005,6,21.78,Min
Alabama,2005,7,21.67,Min
Alabama,2005,8,18.44,Min
Alabama,2005,9,10.61,Min
Alabama,2005,10,5.94,Min
Alabama,2005,11,-0.39,Min
Alabama,2006,0,4.0,Min
Alabama,2006,1,1.56,Min
Alabama,2006,2,6.11,Min
Alabama,2006,3,12.06,Min
Alabama,2006,4,14.72,Min
Alabama,2006,5,18.17,Min
Alabama,2006,6,21.0,Min
Alabama,2006,7,21.67,Min
Alabama,2006,8,15.94,Min
Alabama,2006,9,9.33,Min
Alabama,2006,10,4.33,Min
Alabama,2006,11,2.72,Min
Alabama,2007,0,2.44,Min
Alabama,2007,1,0.06,Min
Alabama,2007,2,7.44,Min
Alabama,2007,3,8.22,Min
Alabama,2007,4,13.89,Min
Alabama,2007,5,18.78,Min
Alabama,2007,6,20.67,Min
Alabama,2007,7,22.17,Min
Alabama,2007,8,18.06,Min
Alabama,2007,9,12.56,Min
Alabama,2007,10,4.39,Min
Alabama,2007,11,4.78,Min
Alabama,2008,0,0.06,Min
Alabama,2008,1,2.28,Min
Alabama,2008,2,5.11,Min
Alabama,2008,3,10.33,Min
Alabama,2008,4,14.72,Min
Alabama,2008,5,19.33,Min
Alabama,2008,6,20.22,Min
Alabama,2008,7,20.22,Min
Alabama,2008,8,17.89,Min
Alabama,2008,9,10.0,Min
Alabama,2008,10,3.06,Min
Alabama,2008,11,3.94,Min
Alabama,2009,0,1.0,Min
Alabama,2009,1,1.56,Min
Alabama,2009,2,7.56,Min
Alabama,2009,3,9.22,Min
Alabama,2009,4,16.78,Min
Alabama,2009,5,20.0,Min
Alabama,2009,6,19.61,Min
Alabama,2009,7,20.06,Min
Alabama,2009,8,19.22,Min
Alabama,2009,9,11.61,Min
Alabama,2009,10,5.11,Min
Alabama,2009,11,1.94,Min
Alabama,2010,0,-1.56,Min
Alabama,2010,1,-0.94,Min
Alabama,2010,2,4.28,Min
Alabama,2010,3,9.83,Min
Alabama,2010,4,16.83,Min
Alabama,2010,5,21.17,Min
Alabama,2010,6,22.17,Min
Alabama,2010,7,22.56,Min
Alabama,2010,8,17.28,Min
Alabama,2010,9,9.11,Min
Alabama,2010,10,5.72,Min
Alabama,2010,11,-1.72,Min
Alabama,2011,0,-1.0,Min
Alabama,2011,1,2.89,Min
Alabama,2011,2,7.56,Min
Alabama,2011,3,11.44,Min
Alabama,2011,4,13.78,Min
Alabama,2011,5,20.28,Min
Alabama,2011,6,21.89,Min
Alabama,2011,7,20.78,Min
Alabama,2011,8,16.06,Min
Alabama,2011,9,8.11,Min
Alabama,2011,10,6.17,Min
Alabama,2011,11,3.56,Min
Alabama,2012,0,3.33,Min
Alabama,2012,1,5.44,Min
Alabama,2012,2,11.56,Min
Alabama,2012,3,11.33,Min
Alabama,2012,4,16.33,Min
Alabama,2012,5,18.5,Min
Alabama,2012,6,21.61,Min
Alabama,2012,7,20.17,Min
Alabama,2012,8,16.61,Min
Alabama,2012,9,10.0,Min
Alabama,2012,10,2.78,Min
Alabama,2012,11,4.44,Min
Alabama,2013,0,4.61,Min
Alabama,2013,1,2.89,Min
Alabama,2013,2,2.89,Min
Alabama,2013,3,10.0,Min
Alabama,2013,4,13.78,Min
Alabama,2013,5,20.11,Min
Alabama,2013,6,20.67,Min
Alabama,2013,7,20.33,Min
Alabama,2013,8,17.67,Min
Alabama,2013,9,11.94,Min
Alabama,2013,10,4.44,Min
Alabama,2013,11,3.11,Min
Alabama,2014,0,-4.06,Min
Alabama,2014,1,2.17,Min
Alabama,2014,2,4.22,Min
Alabama,2014,3,10.06,Min
Alabama,2014,4,14.56,Min
Alabama,2014,5,19.94,Min
Alabama,2014,6,19.56,Min
Alabama,2014,7,19.94,Min
Alabama,2014,8,18.72,Min
Alabama,2014,9,11.11,Min
Alabama,2014,10,1.83,Min
Alabama,2014,11,4.33,Min
Alabama,2015,0,0.28,Min
Alabama,2015,1,-1.11,Min
Alabama,2015,2,8.22,Min
Alabama,2015,3,13.06,Min
Alabama,2015,4,15.56,Min
Alabama,2015,5,20.11,Min
Alabama,2015,6,21.78,Min
Alabama,2015,7,20.11,Min
Alabama,2015,8,17.56,Min
Alabama,2015,9,11.89,Min
Alabama,2015,10,9.5,Min
Alabama,2015,11,8.33,Min
Alabama,2016,0,0.33,Min
Alabama,2016,1,3.44,Min
Alabama,2016,2,8.83,Min
Alabama,2016,3,10.72,Min
Alabama,2016,4,14.72,Min
Alabama,2016,5,19.72,Min
Alabama,2016,6,21.72,Min
Alabama,2016,7,22.06,Min
Alabama,2016,8,19.06,Min
Alabama,2016,9,12.0,Min
Alabama,2016,10,5.89,Min
Alabama,2016,11,4.22,Min
Alabama,2017,0,5.56,Min
Alabama,2017,1,6.28,Min
Alabama,2017,2,7.83,Min
Alabama,2017,3,12.22,Min
Alabama,2017,4,14.39,Min
Alabama,2017,5,19.33,Min
Alabama,2017,6,21.39,Min
Alabama,2017,7,20.78,Min
Alabama,2017,8,16.89,Min
Alabama,2017,9,12.44,Min
Alabama,2017,10,6.17,Min
Alabama,2017,11,2.78,Min
Alabama,2018,0,-1.67,Min
Alabama,2018,1,8.83,Min
Alabama,2018,2,6.22,Min
Alabama,2018,3,7.89,Min
Alabama,2018,4,17.06,Min
Alabama,2018,5,20.39,Min
Alabama,2018,6,21.56,Min
Alabama,2018,7,20.78,Min
Alabama,2018,8,20.89,Min
Alabama,2018,9,13.72,Min
Alabama,2018,10,4.5,Min
Alabama,2018,11,4.44,Min
Alabama,2019,0,2.5,Min
Alabama,2019,1,7.89,Min
Alabama,2019,2,6.17,Min
Alabama,2019,3,10.44,Min
Alabama,2019,4,16.94,Min
Alabama,2019,5,19.67,Min
Alabama,2019,6,21.22,Min
Alabama,2019,7,20.94,Min
Alabama,2019,8,19.44,Min
Alabama,2019,9,13.83,Min
Alabama,2019,10,3.06,Min
Alabama,2019,11,5.22,Min
Alabama,2020,0,4.0,Min
Alabama,2020,1,4.83,Min
Alabama,2020,2,11.78,Min
Alabama,2020,3,9.67,Min
Alabama,2020,4,13.89,Min
Alabama,2020,5,19.28,Min
Alabama,2020,6,21.67,Min
Alabama,2020,7,21.33,Min
Alabama,2020,8,18.33,Min
Alabama,2020,9,13.22,Min
Alabama,2020,10,8.0,Min
Alabama,2020,11,1.0,Min
Alabama,2021,0,2.61,Min
Alabama,2021,1,2.11,Min
Alabama,2021,2,8.72,Min
Alabama,2021,3,9.28,Min
Alabama,2021,4,14.28,Min
Alabama,2021,5,19.56,Min
Alabama,2021,6,21.17,Min
Alabama,2021,7,21.44,Min
Alabama,2021,8,17.89,Min
Alabama,2021,9,13.83,Min
Alabama,2021,10,3.78,Min
Alabama,2021,11,7.61,Min
Alabama,2022,0,0.0,Min
Alabama,2022,1,2.94,Min
Alabama,2022,2,6.5,Min
Alabama,2022,3,9.78,Min
Alabama,2022,4,16.83,Min
Alabama,2022,5,20.5,Min
Alabama,2022,6,22.11,Min
Alabama,2022,7,21.28,Min
Alabama,2022,8,16.83,Min
Alabama,2022,9,8.33,Min
Alabama,2022,10,6.56,Min
Alabama,2022,11,4.17,Min
Alabama,2023,0,4.72,Min
Alabama,2023,1,7.5,Min
Alabama,2023,2,7.89,Min
Alabama,2023,3,10.61,Min
Alabama,2023,4,15.11,Min
Alabama,2023,5,18.61,Min
Alabama,2023,6,21.44,Min
Alabama,2023,7,21.44,Min
Alabama,2023,8,17.83,Min
Alabama,2023,9,11.44,Min
Alabama,2023,10,5.89,Min
Alabama,2023,11,3.0,Min
Alabama,2024,0,0.06,Min
Alabama,2024,1,4.22,Min
Alabama,2024,2,8.0,Min
Alabama,2024,3,11.17,Min
Alabama,2024,4,17.5,Min
Alabama,2024,5,19.78,Min
Alabama,2024,6,22.06,Min
Alabama,2024,7,20.44,Min
Alabama,2024,8,18.78,Min
Alabama,2024,9,11.28,Min
Alabama,2024,10,10.67,Min
Alabama,2024,11,-73.28,Min
Alabama,1895,0,11.5,Max
Alabama,1895,1,8.94,Max
Alabama,1895,2,19.17,Max
Alabama,1895,3,24.28,Max
Alabama,1895,4,27.0,Max
Alabama,1895,5,31.33,Max
Alabama,1895,6,32.0,Max
Alabama,1895,7,32.06,Max
Alabama,1895,8,31.72,Max
Alabama,1895,9,23.44,Max
Alabama,1895,10,18.39,Max
Alabama,1895,11,13.94,Max
Alabama,1896,0,11.67,Max
Alabama,1896,1,15.0,Max
Alabama,1896,2,17.72,Max
Alabama,1896,3,27.0,Max
Alabama,1896,4,31.0,Max
Alabama,1896,5,31.06,Max
Alabama,1896,6,33.11,Max
Alabama,1896,7,34.44,Max
Alabama,1896,8,31.78,Max
Alabama,1896,9,24.33,Max
Alabama,1896,10,20.5,Max
Alabama,1896,11,14.28,Max
Alabama,1897,0,11.17,Max
Alabama,1897,1,16.11,Max
Alabama,1897,2,21.06,Max
Alabama,1897,3,23.78,Max
Alabama,1897,4,27.89,Max
Alabama,1897,5,34.44,Max
Alabama,1897,6,33.78,Max
Alabama,1897,7,31.94,Max
Alabama,1897,8,31.5,Max
Alabama,1897,9,27.22,Max
Alabama,1897,10,19.5,Max
Alabama,1897,11,14.44,Max
Alabama,1898,0,15.06,Max
Alabama,1898,1,14.44,Max
Alabama,1898,2,21.06,Max
Alabama,1898,3,21.67,Max
Alabama,1898,4,31.11,Max
Alabama,1898,5,33.72,Max
Alabama,1898,6,32.5,Max
Alabama,1898,7,31.33,Max
Alabama,1898,8,29.67,Max
Alabama,1898,9,22.39,Max
Alabama,1898,10,16.11,Max
Alabama,1898,11,12.39,Max
Alabama,1899,0,12.44,Max
Alabama,1899,1,10.78,Max
Alabama,1899,2,19.89,Max
Alabama,1899,3,22.56,Max
Alabama,1899,4,31.44,Max
Alabama,1899,5,33.5,Max
Alabama,1899,6,33.28,Max
Alabama,1899,7,33.33,Max
Alabama,1899,8,30.17,Max
Alabama,1899,9,25.61,Max
Alabama,1899,10,19.89,Max
Alabama,1899,11,13.11,Max
Alabama,1900,0,12.94,Max
Alabama,1900,1,13.56,Max
Alabama,1900,2,18.06,Max
Alabama,1900,3,24.83,Max
Alabama,1900,4,29.11,Max
Alabama,1900,5,29.56,Max
Alabama,1900,6,32.56,Max
Alabama,1900,7,34.17,Max
Alabama,1900,8,31.72,Max
Alabama,1900,9,25.67,Max
Alabama,1900,10,19.11,Max
Alabama,1900,11,14.11,Max
Alabama,1901,0,14.17,Max
Alabama,1901,1,12.17,Max
Alabama,1901,2,18.61,Max
Alabama,1901,3,21.11,Max
Alabama,1901,4,28.89,Max
Alabama,1901,5,32.83,Max
Alabama,1901,6,35.06,Max
Alabama,1901,7,32.0,Max
Alabama,1901,8,28.72,Max
Alabama,1901,9,24.56,Max
Alabama,1901,10,17.06,Max
Alabama,1901,11,12.0,Max
Alabama,1902,0,13.0,Max
Alabama,1902,1,10.5,Max
Alabama,1902,2,19.0,Max
Alabama,1902,3,23.83,Max
Alabama,1902,4,31.28,Max
Alabama,1902,5,34.78,Max
Alabama,1902,6,35.61,Max
Alabama,1902,7,34.78,Max
Alabama,1902,8,29.33,Max
Alabama,1902,9,24.22,Max
Alabama,1902,10,20.67,Max
Alabama,1902,11,13.11,Max
Alabama,1903,0,11.94,Max
Alabama,1903,1,15.28,Max
Alabama,1903,2,20.22,Max
Alabama,1903,3,23.33,Max
Alabama,1903,4,27.22,Max
Alabama,1903,5,29.5,Max
Alabama,1903,6,33.33,Max
Alabama,1903,7,33.22,Max
Alabama,1903,8,30.39,Max
Alabama,1903,9,25.0,Max
Alabama,1903,10,16.94,Max
Alabama,1903,11,11.56,Max
Alabama,1904,0,11.44,Max
Alabama,1904,1,15.67,Max
Alabama,1904,2,21.28,Max
Alabama,1904,3,22.61,Max
Alabama,1904,4,29.0,Max
Alabama,1904,5,32.94,Max
Alabama,1904,6,32.56,Max
Alabama,1904,7,32.0,Max
Alabama,1904,8,32.39,Max
Alabama,1904,9,26.72,Max
Alabama,1904,10,18.28,Max
Alabama,1904,11,13.89,Max
Alabama,1905,0,9.89,Max
Alabama,1905,1,9.72,Max
Alabama,1905,2,22.0,Max
Alabama,1905,3,24.28,Max
Alabama,1905,4,29.67,Max
Alabama,1905,5,33.0,Max
Alabama,1905,6,32.83,Max
Alabama,1905,7,32.11,Max
Alabama,1905,8,31.22,Max
Alabama,1905,9,23.56,Max
Alabama,1905,10,20.0,Max
Alabama,1905,11,11.44,Max
Alabama,1906,0,14.0,Max
Alabama,1906,1,14.5,Max
Alabama,1906,2,16.61,Max
Alabama,1906,3,26.17,Max
Alabama,1906,4,27.83,Max
Alabama,1906,5,32.83,Max
Alabama,1906,6,32.17,Max
Alabama,1906,7,33.17,Max
Alabama,1906,8,31.44,Max
Alabama,1906,9,22.56,Max
Alabama,1906,10,20.44,Max
Alabama,1906,11,15.78,Max
Alabama,1907,0,18.33,Max
Alabama,1907,1,15.89,Max
Alabama,1907,2,25.17,Max
Alabama,1907,3,21.11,Max
Alabama,1907,4,26.22,Max
Alabama,1907,5,31.22,Max
Alabama,1907,6,33.78,Max
Alabama,1907,7,33.61,Max
Alabama,1907,8,30.44,Max
Alabama,1907,9,24.94,Max
Alabama,1907,10,17.11,Max
Alabama,1907,11,13.06,Max
Alabama,1908,0,12.56,Max
Alabama,1908,1,12.89,Max
Alabama,1908,2,23.67,Max
Alabama,1908,3,26.5,Max
Alabama,1908,4,28.89,Max
Alabama,1908,5,32.44,Max
Alabama,1908,6,33.28,Max
Alabama,1908,7,33.0,Max
Alabama,1908,8,30.56,Max
Alabama,1908,9,24.06,Max
Alabama,1908,10,21.28,Max
Alabama,1908,11,16.44,Max
Alabama,1909,0,16.11,Max
Alabama,1909,1,17.33,Max
Alabama,1909,2,19.89,Max
Alabama,1909,3,24.22,Max
Alabama,1909,4,27.44,Max
Alabama,1909,5,31.67,Max
Alabama,1909,6,33.06,Max
Alabama,1909,7,33.78,Max
Alabama,1909,8,30.72,Max
Alabama,1909,9,26.17,Max
Alabama,1909,10,23.78,Max
Alabama,1909,11,11.17,Max
Alabama,1910,0,14.22,Max
Alabama,1910,1,13.83,Max
Alabama,1910,2,24.0,Max
Alabama,1910,3,24.33,Max
Alabama,1910,4,27.72,Max
Alabama,1910,5,30.5,Max
Alabama,1910,6,31.56,Max
Alabama,1910,7,32.89,Max
Alabama,1910,8,32.39,Max
Alabama,1910,9,26.39,Max
Alabama,1910,10,17.83,Max
Alabama,1910,11,11.78,Max
Alabama,1911,0,16.28,Max
Alabama,1911,1,18.56,Max
Alabama,1911,2,21.72,Max
Alabama,1911,3,23.83,Max
Alabama,1911,4,30.33,Max
Alabama,1911,5,34.39,Max
Alabama,1911,6,31.72,Max
Alabama,1911,7,32.11,Max
Alabama,1911,8,33.61,Max
Alabama,1911,9,26.89,Max
Alabama,1911,10,17.0,Max
Alabama,1911,11,15.61,Max
Alabama,1912,0,10.78,Max
Alabama,1912,1,12.83,Max
Alabama,1912,2,17.56,Max
Alabama,1912,3,24.44,Max
Alabama,1912,4,29.33,Max
Alabama,1912,5,29.89,Max
Alabama,1912,6,32.33,Max
Alabama,1912,7,32.33,Max
Alabama,1912,8,30.83,Max
Alabama,1912,9,25.33,Max
Alabama,1912,10,18.22,Max
Alabama,1912,11,13.83,Max
Alabama,1913,0,16.94,Max
Alabama,1913,1,14.56,Max
Alabama,1913,2,19.17,Max
Alabama,1913,3,23.89,Max
Alabama,1913,4,29.22,Max
Alabama,1913,5,32.83,Max
Alabama,1913,6,33.72,Max
Alabama,1913,7,34.11,Max
Alabama,1913,8,28.89,Max
Alabama,1913,9,23.28,Max
Alabama,1913,10,21.17,Max
Alabama,1913,11,14.0,Max
Alabama,1914,0,14.89,Max
Alabama,1914,1,14.11,Max
Alabama,1914,2,16.78,Max
Alabama,1914,3,24.83,Max
Alabama,1914,4,29.67,Max
Alabama,1914,5,35.78,Max
Alabama,1914,6,34.39,Max
Alabama,1914,7,32.0,Max
Alabama,1914,8,29.17,Max
Alabama,1914,9,23.78,Max
Alabama,1914,10,18.78,Max
Alabama,1914,11,10.83,Max
Alabama,1915,0,11.83,Max
Alabama,1915,1,14.94,Max
Alabama,1915,2,14.5,Max
Alabama,1915,3,26.11,Max
Alabama,1915,4,30.06,Max
Alabama,1915,5,32.67,Max
Alabama,1915,6,33.44,Max
Alabama,1915,7,32.28,Max
Alabama,1915,8,31.39,Max
Alabama,1915,9,25.56,Max
Alabama,1915,10,21.33,Max
Alabama,1915,11,14.44,Max
Alabama,1916,0,17.0,Max
Alabama,1916,1,15.5,Max
Alabama,1916,2,19.5,Max
Alabama,1916,3,23.72,Max
Alabama,1916,4,30.11,Max
Alabama,1916,5,31.67,Max
Alabama,1916,6,30.72,Max
Alabama,1916,7,32.94,Max
Alabama,1916,8,30.33,Max
Alabama,1916,9,25.56,Max
Alabama,1916,10,20.28,Max
Alabama,1916,11,14.56,Max
Alabama,1917,0,15.56,Max
Alabama,1917,1,16.06,Max
Alabama,1917,2,20.39,Max
Alabama,1917,3,25.28,Max
Alabama,1917,4,26.5,Max
Alabama,1917,5,32.72,Max
Alabama,1917,6,32.72,Max
Alabama,1917,7,31.94,Max
Alabama,1917,8,29.11,Max
Alabama,1917,9,23.0,Max
Alabama,1917,10,17.94,Max
Alabama,1917,11,10.5,Max
Alabama,1918,0,9.22,Max
Alabama,1918,1,18.44,Max
Alabama,1918,2,23.67,Max
Alabama,1918,3,22.11,Max
Alabama,1918,4,29.61,Max
Alabama,1918,5,33.44,Max
Alabama,1918,6,32.56,Max
Alabama,1918,7,33.56,Max
Alabama,1918,8,28.39,Max
Alabama,1918,9,25.78,Max
Alabama,1918,10,18.06,Max
Alabama,1918,11,15.28,Max
Alabama,1919,0,13.5,Max
Alabama,1919,1,14.72,Max
Alabama,1919,2,20.56,Max
Alabama,1919,3,24.56,Max
Alabama,1919,4,26.56,Max
Alabama,1919,5,31.61,Max
Alabama,1919,6,32.28,Max
Alabama,1919,7,32.0,Max
Alabama,1919,8,31.22,Max
Alabama,1919,9,29.28,Max
Alabama,1919,10,20.56,Max
Alabama,1919,11,14.89,Max
Alabama,1920,0,13.78,Max
Alabama,1920,1,13.61,Max
Alabama,1920,2,17.61,Max
Alabama,1920,3,23.17,Max
Alabama,1920,4,27.17,Max
Alabama,1920,5,31.5,Max
Alabama,1920,6,32.28,Max
Alabama,1920,7,30.78,Max
Alabama,1920,8,31.06,Max
Alabama,1920,9,25.78,Max
Alabama,1920,10,17.39,Max
Alabama,1920,11,12.89,Max
Alabama,1921,0,16.17,Max
Alabama,1921,1,16.67,Max
Alabama,1921,2,24.39,Max
Alabama,1921,3,23.61,Max
Alabama,1921,4,27.94,Max
Alabama,1921,5,34.0,Max
Alabama,1921,6,33.83,Max
Alabama,1921,7,33.22,Max
Alabama,1921,8,34.0,Max
Alabama,1921,9,24.83,Max
Alabama,1921,10,21.17,Max
Alabama,1921,11,17.0,Max
Alabama,1922,0,13.0,Max
Alabama,1922,1,17.94,Max
Alabama,1922,2,19.22,Max
Alabama,1922,3,25.44,Max
Alabama,1922,4,27.83,Max
Alabama,1922,5,32.17,Max
Alabama,1922,6,32.83,Max
Alabama,1922,7,32.44,Max
Alabama,1922,8,32.22,Max
Alabama,1922,9,25.0,Max
Alabama,1922,10,20.56,Max
Alabama,1922,11,17.61,Max
Alabama,1923,0,17.11,Max
Alabama,1923,1,14.28,Max
Alabama,1923,2,19.28,Max
Alabama,1923,3,23.78,Max
Alabama,1923,4,26.56,Max
Alabama,1923,5,30.78,Max
Alabama,1923,6,31.89,Max
Alabama,1923,7,31.39,Max
Alabama,1923,8,30.94,Max
Alabama,1923,9,24.44,Max
Alabama,1923,10,17.61,Max
Alabama,1923,11,17.11,Max
Alabama,1924,0,11.5,Max
Alabama,1924,1,14.44,Max
Alabama,1924,2,16.56,Max
Alabama,1924,3,23.78,Max
Alabama,1924,4,26.39,Max
Alabama,1924,5,32.56,Max
Alabama,1924,6,33.28,Max
Alabama,1924,7,34.61,Max
Alabama,1924,8,28.67,Max
Alabama,1924,9,26.17,Max
Alabama,1924,10,20.94,Max
Alabama,1924,11,14.72,Max
Alabama,1925,0,14.0,Max
Alabama,1925,1,17.94,Max
Alabama,1925,2,21.56,Max
Alabama,1925,3,27.11,Max
Alabama,1925,4,28.11,Max
Alabama,1925,5,34.06,Max
Alabama,1925,6,34.22,Max
Alabama,1925,7,34.06,Max
Alabama,1925,8,36.0,Max
Alabama,1925,9,24.33,Max
Alabama,1925,10,17.33,Max
Alabama,1925,11,13.17,Max
Alabama,1926,0,12.11,Max
Alabama,1926,1,16.72,Max
Alabama,1926,2,15.44,Max
Alabama,1926,3,23.33,Max
Alabama,1926,4,28.56,Max
Alabama,1926,5,31.89,Max
Alabama,1926,6,32.72,Max
Alabama,1926,7,32.44,Max
Alabama,1926,8,32.11,Max
Alabama,1926,9,25.72,Max
Alabama,1926,10,16.39,Max
Alabama,1926,11,16.56,Max
Alabama,1927,0,15.28,Max
Alabama,1927,1,20.39,Max
Alabama,1927,2,19.67,Max
Alabama,1927,3,26.56,Max
Alabama,1927,4,29.33,Max
Alabama,1927,5,31.28,Max
Alabama,1927,6,33.56,Max
Alabama,1927,7,32.11,Max
Alabama,1927,8,32.67,Max
Alabama,1927,9,27.5,Max
Alabama,1927,10,21.89,Max
Alabama,1927,11,13.89,Max
Alabama,1928,0,13.33,Max
Alabama,1928,1,15.0,Max
Alabama,1928,2,19.5,Max
Alabama,1928,3,21.89,Max
Alabama,1928,4,27.5,Max
Alabama,1928,5,30.0,Max
Alabama,1928,6,33.0,Max
Alabama,1928,7,33.11,Max
Alabama,1928,8,29.33,Max
Alabama,1928,9,26.33,Max
Alabama,1928,10,18.06,Max
Alabama,1928,11,14.61,Max
Alabama,1929,0,15.5,Max
Alabama,1929,1,13.56,Max
Alabama,1929,2,21.39,Max
Alabama,1929,3,25.61,Max
Alabama,1929,4,27.83,Max
Alabama,1929,5,31.39,Max
Alabama,1929,6,33.0,Max
Alabama,1929,7,33.89,Max
Alabama,1929,8,29.39,Max
Alabama,1929,9,23.56,Max
Alabama,1929,10,17.0,Max
Alabama,1929,11,13.44,Max
Alabama,1930,0,13.17,Max
Alabama,1930,1,18.78,Max
Alabama,1930,2,17.11,Max
Alabama,1930,3,26.0,Max
Alabama,1930,4,29.11,Max
Alabama,1930,5,32.17,Max
Alabama,1930,6,36.06,Max
Alabama,1930,7,33.17,Max
Alabama,1930,8,30.5,Max
Alabama,1930,9,23.11,Max
Alabama,1930,10,17.0,Max
Alabama,1930,11,11.28,Max
Alabama,1931,0,12.94,Max
Alabama,1931,1,16.44,Max
Alabama,1931,2,15.94,Max
Alabama,1931,3,23.33,Max
Alabama,1931,4,27.06,Max
Alabama,1931,5,34.33,Max
Alabama,1931,6,33.61,Max
Alabama,1931,7,31.67,Max
Alabama,1931,8,33.44,Max
Alabama,1931,9,27.17,Max
Alabama,1931,10,22.78,Max
Alabama,1931,11,17.56,Max
Alabama,1932,0,16.94,Max
Alabama,1932,1,20.0,Max
Alabama,1932,2,17.22,Max
Alabama,1932,3,25.11,Max
Alabama,1932,4,27.39,Max
Alabama,1932,5,32.22,Max
Alabama,1932,6,34.22,Max
Alabama,1932,7,32.83,Max
Alabama,1932,8,29.28,Max
Alabama,1932,9,23.72,Max
Alabama,1932,10,15.83,Max
Alabama,1932,11,14.94,Max
Alabama,1933,0,16.44,Max
Alabama,1933,1,14.83,Max
Alabama,1933,2,19.67,Max
Alabama,1933,3,23.17,Max
Alabama,1933,4,30.94,Max
Alabama,1933,5,33.22,Max
Alabama,1933,6,31.83,Max
Alabama,1933,7,32.67,Max
Alabama,1933,8,33.11,Max
Alabama,1933,9,25.61,Max
Alabama,1933,10,19.5,Max
Alabama,1933,11,19.17,Max
Alabama,1934,0,14.78,Max
Alabama,1934,1,13.56,Max
Alabama,1934,2,18.83,Max
Alabama,1934,3,24.5,Max
Alabama,1934,4,28.33,Max
Alabama,1934,5,32.83,Max
Alabama,1934,6,33.33,Max
Alabama,1934,7,32.44,Max
Alabama,1934,8,30.28,Max
Alabama,1934,9,25.83,Max
Alabama,1934,10,20.22,Max
Alabama,1934,11,12.94,Max
Alabama,1935,0,14.39,Max
Alabama,1935,1,15.72,Max
Alabama,1935,2,22.33,Max
Alabama,1935,3,23.89,Max
Alabama,1935,4,28.78,Max
Alabama,1935,5,31.28,Max
Alabama,1935,6,33.28,Max
Alabama,1935,7,33.22,Max
Alabama,1935,8,30.11,Max
Alabama,1935,9,26.67,Max
Alabama,1935,10,18.94,Max
Alabama,1935,11,9.67,Max
Alabama,1936,0,12.33,Max
Alabama,1936,1,13.22,Max
Alabama,1936,2,21.89,Max
Alabama,1936,3,23.11,Max
Alabama,1936,4,29.83,Max
Alabama,1936,5,34.78,Max
Alabama,1936,6,33.67,Max
Alabama,1936,7,33.06,Max
Alabama,1936,8,31.83,Max
Alabama,1936,9,25.67,Max
Alabama,1936,10,17.83,Max
Alabama,1936,11,14.72,Max
Alabama,1937,0,18.33,Max
Alabama,1937,1,14.61,Max
Alabama,1937,2,18.17,Max
Alabama,1937,3,24.33,Max
Alabama,1937,4,29.11,Max
Alabama,1937,5,32.94,Max
Alabama,1937,6,32.94,Max
Alabama,1937,7,32.94,Max
Alabama,1937,8,29.0,Max
Alabama,1937,9,22.78,Max
Alabama,1937,10,16.33,Max
Alabama,1937,11,13.28,Max
Alabama,1938,0,13.78,Max
Alabama,1938,1,18.89,Max
Alabama,1938,2,23.28,Max
Alabama,1938,3,24.0,Max
Alabama,1938,4,28.89,Max
Alabama,1938,5,31.22,Max
Alabama,1938,6,32.33,Max
Alabama,1938,7,33.67,Max
Alabama,1938,8,30.67,Max
Alabama,1938,9,26.94,Max
Alabama,1938,10,20.33,Max
Alabama,1938,11,14.28,Max
Alabama,1939,0,15.78,Max
Alabama,1939,1,17.33,Max
Alabama,1939,2,21.28,Max
Alabama,1939,3,23.33,Max
Alabama,1939,4,27.5,Max
Alabama,1939,5,31.44,Max
Alabama,1939,6,33.0,Max
Alabama,1939,7,31.28,Max
Alabama,1939,8,31.17,Max
Alabama,1939,9,26.17,Max
Alabama,1939,10,17.83,Max
Alabama,1939,11,15.56,Max
Alabama,1940,0,6.11,Max
Alabama,1940,1,12.39,Max
Alabama,1940,2,19.06,Max
Alabama,1940,3,22.67,Max
Alabama,1940,4,27.61,Max
Alabama,1940,5,30.89,Max
Alabama,1940,6,31.0,Max
Alabama,1940,7,32.61,Max
Alabama,1940,8,30.28,Max
Alabama,1940,9,26.61,Max
Alabama,1940,10,18.33,Max
Alabama,1940,11,15.61,Max
Alabama,1941,0,14.39,Max
Alabama,1941,1,11.83,Max
Alabama,1941,2,15.89,Max
Alabama,1941,3,25.17,Max
Alabama,1941,4,30.44,Max
Alabama,1941,5,32.0,Max
Alabama,1941,6,32.22,Max
Alabama,1941,7,32.67,Max
Alabama,1941,8,31.72,Max
Alabama,1941,9,28.33,Max
Alabama,1941,10,18.94,Max
Alabama,1941,11,15.5,Max
Alabama,1942,0,13.06,Max
Alabama,1942,1,12.0,Max
Alabama,1942,2,18.78,Max
Alabama,1942,3,25.72,Max
Alabama,1942,4,28.61,Max
Alabama,1942,5,31.78,Max
Alabama,1942,6,33.0,Max
Alabama,1942,7,31.39,Max
Alabama,1942,8,29.06,Max
Alabama,1942,9,25.61,Max
Alabama,1942,10,20.83,Max
Alabama,1942,11,14.67,Max
Alabama,1943,0,15.06,Max
Alabama,1943,1,17.11,Max
Alabama,1943,2,18.06,Max
Alabama,1943,3,24.61,Max
Alabama,1943,4,29.83,Max
Alabama,1943,5,33.89,Max
Alabama,1943,6,33.5,Max
Alabama,1943,7,34.39,Max
Alabama,1943,8,28.39,Max
Alabama,1943,9,24.33,Max
Alabama,1943,10,18.83,Max
Alabama,1943,11,13.56,Max
Alabama,1944,0,13.5,Max
Alabama,1944,1,17.94,Max
Alabama,1944,2,20.06,Max
Alabama,1944,3,22.94,Max
Alabama,1944,4,29.5,Max
Alabama,1944,5,34.0,Max
Alabama,1944,6,33.22,Max
Alabama,1944,7,31.67,Max
Alabama,1944,8,29.89,Max
Alabama,1944,9,25.5,Max
Alabama,1944,10,18.56,Max
Alabama,1944,11,13.17,Max
Alabama,1945,0,13.33,Max
Alabama,1945,1,16.83,Max
Alabama,1945,2,24.17,Max
Alabama,1945,3,25.56,Max
Alabama,1945,4,27.22,Max
Alabama,1945,5,32.44,Max
Alabama,1945,6,32.33,Max
Alabama,1945,7,32.67,Max
Alabama,1945,8,31.44,Max
Alabama,1945,9,24.22,Max
Alabama,1945,10,20.11,Max
Alabama,1945,11,10.44,Max
Alabama,1946,0,13.56,Max
Alabama,1946,1,17.17,Max
Alabama,1946,2,22.11,Max
Alabama,1946,3,26.11,Max
Alabama,1946,4,27.11,Max
Alabama,1946,5,30.56,Max
Alabama,1946,6,31.17,Max
Alabama,1946,7,31.33,Max
Alabama,1946,8,28.17,Max
Alabama,1946,9,25.17,Max
Alabama,1946,10,21.06,Max
Alabama,1946,11,17.28,Max
Alabama,1947,0,14.67,Max
Alabama,1947,1,12.5,Max
Alabama,1947,2,15.94,Max
Alabama,1947,3,24.67,Max
Alabama,1947,4,27.5,Max
Alabama,1947,5,31.0,Max
Alabama,1947,6,31.72,Max
Alabama,1947,7,33.33,Max
Alabama,1947,8,30.94,Max
Alabama,1947,9,27.0,Max
Alabama,1947,10,16.5,Max
Alabama,1947,11,15.11,Max
Alabama,1948,0,9.89,Max
Alabama,1948,1,15.83,Max
Alabama,1948,2,20.39,Max
Alabama,1948,3,26.22,Max
Alabama,1948,4,29.17,Max
Alabama,1948,5,33.06,Max
Alabama,1948,6,33.11,Max
Alabama,1948,7,32.06,Max
Alabama,1948,8,28.72,Max
Alabama,1948,9,24.11,Max
Alabama,1948,10,19.33,Max
Alabama,1948,11,15.56,Max
Alabama,1949,0,17.22,Max
Alabama,1949,1,17.33,Max
Alabama,1949,2,18.78,Max
Alabama,1949,3,22.61,Max
Alabama,1949,4,29.44,Max
Alabama,1949,5,30.94,Max
Alabama,1949,6,32.39,Max
Alabama,1949,7,32.06,Max
Alabama,1949,8,28.67,Max
Alabama,1949,9,26.22,Max
Alabama,1949,10,19.17,Max
Alabama,1949,11,15.67,Max
Alabama,1950,0,20.22,Max
Alabama,1950,1,18.78,Max
Alabama,1950,2,17.94,Max
Alabama,1950,3,22.28,Max
Alabama,1950,4,29.44,Max
Alabama,1950,5,31.67,Max
Alabama,1950,6,31.11,Max
Alabama,1950,7,31.61,Max
Alabama,1950,8,27.89,Max
Alabama,1950,9,25.83,Max
Alabama,1950,10,17.11,Max
Alabama,1950,11,10.94,Max
Alabama,1951,0,14.94,Max
Alabama,1951,1,16.56,Max
Alabama,1951,2,19.56,Max
Alabama,1951,3,23.28,Max
Alabama,1951,4,29.17,Max
Alabama,1951,5,32.44,Max
Alabama,1951,6,33.61,Max
Alabama,1951,7,35.22,Max
Alabama,1951,8,30.56,Max
Alabama,1951,9,26.0,Max
Alabama,1951,10,16.28,Max
Alabama,1951,11,16.5,Max
Alabama,1952,0,17.22,Max
Alabama,1952,1,16.56,Max
Alabama,1952,2,18.83,Max
Alabama,1952,3,23.61,Max
Alabama,1952,4,29.06,Max
Alabama,1952,5,35.0,Max
Alabama,1952,6,35.44,Max
Alabama,1952,7,32.83,Max
Alabama,1952,8,28.89,Max
Alabama,1952,9,22.56,Max
Alabama,1952,10,18.67,Max
Alabama,1952,11,13.39,Max
Alabama,1953,0,15.89,Max
Alabama,1953,1,15.67,Max
Alabama,1953,2,21.11,Max
Alabama,1953,3,23.22,Max
Alabama,1953,4,29.56,Max
Alabama,1953,5,33.78,Max
Alabama,1953,6,32.33,Max
Alabama,1953,7,33.06,Max
Alabama,1953,8,30.72,Max
Alabama,1953,9,26.72,Max
Alabama,1953,10,19.22,Max
Alabama,1953,11,12.67,Max
Alabama,1954,0,14.83,Max
Alabama,1954,1,18.89,Max
Alabama,1954,2,18.72,Max
Alabama,1954,3,26.89,Max
Alabama,1954,4,25.72,Max
Alabama,1954,5,33.67,Max
Alabama,1954,6,34.89,Max
Alabama,1954,7,36.28,Max
Alabama,1954,8,33.89,Max
Alabama,1954,9,26.44,Max
Alabama,1954,10,17.72,Max
Alabama,1954,11,13.67,Max
Alabama,1955,0,12.67,Max
Alabama,1955,1,15.78,Max
Alabama,1955,2,22.0,Max
Alabama,1955,3,26.28,Max
Alabama,1955,4,30.0,Max
Alabama,1955,5,29.89,Max
Alabama,1955,6,32.5,Max
Alabama,1955,7,33.28,Max
Alabama,1955,8,31.78,Max
Alabama,1955,9,24.83,Max
Alabama,1955,10,18.44,Max
Alabama,1955,11,13.78,Max
Alabama,1956,0,11.94,Max
Alabama,1956,1,18.0,Max
Alabama,1956,2,19.72,Max
Alabama,1956,3,23.33,Max
Alabama,1956,4,29.78,Max
Alabama,1956,5,31.22,Max
Alabama,1956,6,33.0,Max
Alabama,1956,7,33.94,Max
Alabama,1956,8,29.83,Max
Alabama,1956,9,24.94,Max
Alabama,1956,10,18.11,Max
Alabama,1956,11,18.94,Max
Alabama,1957,0,14.89,Max
Alabama,1957,1,19.39,Max
Alabama,1957,2,17.61,Max
Alabama,1957,3,25.11,Max
Alabama,1957,4,28.39,Max
Alabama,1957,5,31.5,Max
Alabama,1957,6,32.72,Max
Alabama,1957,7,33.56,Max
Alabama,1957,8,28.56,Max
Alabama,1957,9,21.11,Max
Alabama,1957,10,18.61,Max
Alabama,1957,11,15.22,Max
Alabama,1958,0,10.11,Max
Alabama,1958,1,9.89,Max
Alabama,1958,2,16.28,Max
Alabama,1958,3,24.28,Max
Alabama,1958,4,28.44,Max
Alabama,1958,5,31.78,Max
Alabama,1958,6,31.78,Max
Alabama,1958,7,32.5,Max
Alabama,1958,8,30.33,Max
Alabama,1958,9,23.94,Max
Alabama,1958,10,20.5,Max
Alabama,1958,11,12.22,Max
Alabama,1959,0,13.22,Max
Alabama,1959,1,15.28,Max
Alabama,1959,2,18.17,Max
Alabama,1959,3,23.78,Max
Alabama,1959,4,29.5,Max
Alabama,1959,5,30.72,Max
Alabama,1959,6,32.83,Max
Alabama,1959,7,33.33,Max
Alabama,1959,8,29.5,Max
Alabama,1959,9,24.11,Max
Alabama,1959,10,18.11,Max
Alabama,1959,11,14.39,Max
Alabama,1960,0,12.0,Max
Alabama,1960,1,13.17,Max
Alabama,1960,2,13.5,Max
Alabama,1960,3,25.33,Max
Alabama,1960,4,27.17,Max
Alabama,1960,5,31.94,Max
Alabama,1960,6,34.11,Max
Alabama,1960,7,32.0,Max
Alabama,1960,8,29.56,Max
Alabama,1960,9,25.33,Max
Alabama,1960,10,19.44,Max
Alabama,1960,11,12.0,Max
Alabama,1961,0,10.22,Max
Alabama,1961,1,17.5,Max
Alabama,1961,2,20.67,Max
Alabama,1961,3,22.28,Max
Alabama,1961,4,26.83,Max
Alabama,1961,5,29.33,Max
Alabama,1961,6,31.78,Max
Alabama,1961,7,31.17,Max
Alabama,1961,8,30.0,Max
Alabama,1961,9,25.17,Max
Alabama,1961,10,19.44,Max
Alabama,1961,11,13.94,Max
Alabama,1962,0,11.61,Max
Alabama,1962,1,20.22,Max
Alabama,1962,2,16.83,Max
Alabama,1962,3,22.56,Max
Alabama,1962,4,32.11,Max
Alabama,1962,5,31.44,Max
Alabama,1962,6,33.89,Max
Alabama,1962,7,33.67,Max
Alabama,1962,8,30.33,Max
Alabama,1962,9,26.06,Max
Alabama,1962,10,17.22,Max
Alabama,1962,11,12.44,Max
Alabama,1963,0,10.33,Max
Alabama,1963,1,12.78,Max
Alabama,1963,2,22.11,Max
Alabama,1963,3,25.61,Max
Alabama,1963,4,28.94,Max
Alabama,1963,5,31.33,Max
Alabama,1963,6,31.61,Max
Alabama,1963,7,32.94,Max
Alabama,1963,8,29.67,Max
Alabama,1963,9,27.56,Max
Alabama,1963,10,18.83,Max
Alabama,1963,11,9.33,Max
Alabama,1964,0,12.06,Max
Alabama,1964,1,11.89,Max
Alabama,1964,2,19.39,Max
Alabama,1964,3,24.89,Max
Alabama,1964,4,28.89,Max
Alabama,1964,5,32.61,Max
Alabama,1964,6,31.22,Max
Alabama,1964,7,31.5,Max
Alabama,1964,8,30.39,Max
Alabama,1964,9,22.67,Max
Alabama,1964,10,20.56,Max
Alabama,1964,11,14.94,Max
Alabama,1965,0,14.89,Max
Alabama,1965,1,14.56,Max
Alabama,1965,2,16.67,Max
Alabama,1965,3,25.89,Max
Alabama,1965,4,30.44,Max
Alabama,1965,5,30.33,Max
Alabama,1965,6,31.94,Max
Alabama,1965,7,31.83,Max
Alabama,1965,8,29.39,Max
Alabama,1965,9,23.78,Max
Alabama,1965,10,20.61,Max
Alabama,1965,11,15.17,Max
Alabama,1966,0,9.61,Max
Alabama,1966,1,14.17,Max
Alabama,1966,2,18.83,Max
Alabama,1966,3,24.56,Max
Alabama,1966,4,27.0,Max
Alabama,1966,5,30.33,Max
Alabama,1966,6,33.72,Max
Alabama,1966,7,31.17,Max
Alabama,1966,8,28.83,Max
Alabama,1966,9,23.5,Max
Alabama,1966,10,19.56,Max
Alabama,1966,11,13.56,Max
Alabama,1967,0,13.78,Max
Alabama,1967,1,13.11,Max
Alabama,1967,2,22.56,Max
Alabama,1967,3,27.33,Max
Alabama,1967,4,27.39,Max
Alabama,1967,5,31.0,Max
Alabama,1967,6,30.22,Max
Alabama,1967,7,29.61,Max
Alabama,1967,8,26.72,Max
Alabama,1967,9,24.22,Max
Alabama,1967,10,17.78,Max
Alabama,1967,11,15.89,Max
Alabama,1968,0,11.72,Max
Alabama,1968,1,11.06,Max
Alabama,1968,2,18.94,Max
Alabama,1968,3,24.67,Max
Alabama,1968,4,27.39,Max
Alabama,1968,5,32.78,Max
Alabama,1968,6,32.17,Max
Alabama,1968,7,32.89,Max
Alabama,1968,8,29.61,Max
Alabama,1968,9,25.06,Max
Alabama,1968,10,17.11,Max
Alabama,1968,11,12.39,Max
Alabama,1969,0,12.0,Max
Alabama,1969,1,13.83,Max
Alabama,1969,2,15.44,Max
Alabama,1969,3,24.89,Max
Alabama,1969,4,27.83,Max
Alabama,1969,5,32.56,Max
Alabama,1969,6,33.5,Max
Alabama,1969,7,31.44,Max
Alabama,1969,8,28.67,Max
Alabama,1969,9,24.11,Max
Alabama,1969,10,18.0,Max
Alabama,1969,11,12.83,Max
Alabama,1970,0,9.06,Max
Alabama,1970,1,14.39,Max
Alabama,1970,2,17.94,Max
Alabama,1970,3,25.67,Max
Alabama,1970,4,29.17,Max
Alabama,1970,5,30.11,Max
Alabama,1970,6,32.78,Max
Alabama,1970,7,31.78,Max
Alabama,1970,8,31.78,Max
Alabama,1970,9,24.06,Max
Alabama,1970,10,16.72,Max
Alabama,1970,11,16.33,Max
Alabama,1971,0,13.22,Max
Alabama,1971,1,14.67,Max
Alabama,1971,2,16.94,Max
Alabama,1971,3,24.61,Max
Alabama,1971,4,26.39,Max
Alabama,1971,5,32.33,Max
Alabama,1971,6,31.22,Max
Alabama,1971,7,31.11,Max
Alabama,1971,8,29.61,Max
Alabama,1971,9,26.39,Max
Alabama,1971,10,18.44,Max
Alabama,1971,11,17.94,Max
Alabama,1972,0,15.78,Max
Alabama,1972,1,14.44,Max
Alabama,1972,2,20.06,Max
Alabama,1972,3,24.94,Max
Alabama,1972,4,27.0,Max
Alabama,1972,5,30.78,Max
Alabama,1972,6,31.78,Max
Alabama,1972,7,32.72,Max
Alabama,1972,8,31.89,Max
Alabama,1972,9,24.17,Max
Alabama,1972,10,15.83,Max
Alabama,1972,11,15.11,Max
Alabama,1973,0,12.0,Max
Alabama,1973,1,13.83,Max
Alabama,1973,2,21.33,Max
Alabama,1973,3,21.78,Max
Alabama,1973,4,26.83,Max
Alabama,1973,5,31.0,Max
Alabama,1973,6,32.44,Max
Alabama,1973,7,31.5,Max
Alabama,1973,8,30.61,Max
Alabama,1973,9,26.44,Max
Alabama,1973,10,21.11,Max
Alabama,1973,11,14.39,Max
Alabama,1974,0,17.78,Max
Alabama,1974,1,15.78,Max
Alabama,1974,2,22.67,Max
Alabama,1974,3,24.28,Max
Alabama,1974,4,28.56,Max
Alabama,1974,5,29.44,Max
Alabama,1974,6,32.44,Max
Alabama,1974,7,31.33,Max
Alabama,1974,8,27.06,Max
Alabama,1974,9,24.06,Max
Alabama,1974,10,18.89,Max
Alabama,1974,11,14.17,Max
Alabama,1975,0,15.67,Max
Alabama,1975,1,17.0,Max
Alabama,1975,2,18.89,Max
Alabama,1975,3,23.06,Max
Alabama,1975,4,28.44,Max
Alabama,1975,5,30.72,Max
Alabama,1975,6,31.11,Max
Alabama,1975,7,31.44,Max
Alabama,1975,8,27.11,Max
Alabama,1975,9,24.28,Max
Alabama,1975,10,19.11,Max
Alabama,1975,11,13.61,Max
Alabama,1976,0,11.56,Max
Alabama,1976,1,19.56,Max
Alabama,1976,2,21.0,Max
Alabama,1976,3,25.22,Max
Alabama,1976,4,24.78,Max
Alabama,1976,5,29.94,Max
Alabama,1976,6,32.22,Max
Alabama,1976,7,31.67,Max
Alabama,1976,8,28.33,Max
Alabama,1976,9,21.39,Max
Alabama,1976,10,14.61,Max
Alabama,1976,11,12.33,Max
Alabama,1977,0,6.44,Max
Alabama,1977,1,15.06,Max
Alabama,1977,2,20.78,Max
Alabama,1977,3,25.83,Max
Alabama,1977,4,29.56,Max
Alabama,1977,5,33.67,Max
Alabama,1977,6,33.89,Max
Alabama,1977,7,32.44,Max
Alabama,1977,8,29.94,Max
Alabama,1977,9,22.72,Max
Alabama,1977,10,18.83,Max
Alabama,1977,11,13.33,Max
Alabama,1978,0,6.89,Max
Alabama,1978,1,10.17,Max
Alabama,1978,2,17.56,Max
Alabama,1978,3,25.56,Max
Alabama,1978,4,27.56,Max
Alabama,1978,5,31.83,Max
Alabama,1978,6,33.39,Max
Alabama,1978,7,32.33,Max
Alabama,1978,8,31.44,Max
Alabama,1978,9,25.33,Max
Alabama,1978,10,22.39,Max
Alabama,1978,11,15.11,Max
Alabama,1979,0,8.78,Max
Alabama,1979,1,11.89,Max
Alabama,1979,2,20.5,Max
Alabama,1979,3,23.94,Max
Alabama,1979,4,27.06,Max
Alabama,1979,5,30.44,Max
Alabama,1979,6,31.33,Max
Alabama,1979,7,32.0,Max
Alabama,1979,8,27.72,Max
Alabama,1979,9,24.83,Max
Alabama,1979,10,18.78,Max
Alabama,1979,11,14.22,Max
Alabama,1980,0,13.22,Max
Alabama,1980,1,12.61,Max
Alabama,1980,2,17.89,Max
Alabama,1980,3,23.17,Max
Alabama,1980,4,27.28,Max
Alabama,1980,5,31.89,Max
Alabama,1980,6,34.89,Max
Alabama,1980,7,34.44,Max
Alabama,1980,8,32.39,Max
Alabama,1980,9,23.06,Max
Alabama,1980,10,17.83,Max
Alabama,1980,11,14.44,Max
Alabama,1981,0,11.22,Max
Alabama,1981,1,15.28,Max
Alabama,1981,2,18.89,Max
Alabama,1981,3,26.67,Max
Alabama,1981,4,26.67,Max
Alabama,1981,5,32.83,Max
Alabama,1981,6,33.89,Max
Alabama,1981,7,31.61,Max
Alabama,1981,8,29.39,Max
Alabama,1981,9,23.44,Max
Alabama,1981,10,20.44,Max
Alabama,1981,11,11.94,Max
Alabama,1982,0,12.44,Max
Alabama,1982,1,15.33,Max
Alabama,1982,2,21.11,Max
Alabama,1982,3,22.17,Max
Alabama,1982,4,29.28,Max
Alabama,1982,5,31.11,Max
Alabama,1982,6,32.22,Max
Alabama,1982,7,31.56,Max
Alabama,1982,8,29.0,Max
Alabama,1982,9,24.83,Max
Alabama,1982,10,19.28,Max
Alabama,1982,11,16.67,Max
Alabama,1983,0,11.17,Max
Alabama,1983,1,13.56,Max
Alabama,1983,2,17.33,Max
Alabama,1983,3,21.33,Max
Alabama,1983,4,26.94,Max
Alabama,1983,5,29.22,Max
Alabama,1983,6,33.33,Max
Alabama,1983,7,33.89,Max
Alabama,1983,8,28.78,Max
Alabama,1983,9,24.5,Max
Alabama,1983,10,18.89,Max
Alabama,1983,11,11.11,Max
Alabama,1984,0,10.94,Max
Alabama,1984,1,16.5,Max
Alabama,1984,2,19.33,Max
Alabama,1984,3,22.67,Max
Alabama,1984,4,27.39,Max
Alabama,1984,5,32.33,Max
Alabama,1984,6,31.67,Max
Alabama,1984,7,30.78,Max
Alabama,1984,8,29.83,Max
Alabama,1984,9,27.22,Max
Alabama,1984,10,18.06,Max
Alabama,1984,11,19.22,Max
Alabama,1985,0,9.17,Max
Alabama,1985,1,13.5,Max
Alabama,1985,2,21.61,Max
Alabama,1985,3,25.22,Max
Alabama,1985,4,28.0,Max
Alabama,1985,5,31.67,Max
Alabama,1985,6,31.56,Max
Alabama,1985,7,31.44,Max
Alabama,1985,8,29.11,Max
Alabama,1985,9,25.22,Max
Alabama,1985,10,21.78,Max
Alabama,1985,11,12.22,Max
Alabama,1986,0,13.44,Max
Alabama,1986,1,17.44,Max
Alabama,1986,2,20.78,Max
Alabama,1986,3,25.56,Max
Alabama,1986,4,28.44,Max
Alabama,1986,5,32.39,Max
Alabama,1986,6,34.56,Max
Alabama,1986,7,32.06,Max
Alabama,1986,8,30.44,Max
Alabama,1986,9,24.22,Max
Alabama,1986,10,19.94,Max
Alabama,1986,11,12.5,Max
Alabama,1987,0,11.94,Max
Alabama,1987,1,14.44,Max
Alabama,1987,2,19.83,Max
Alabama,1987,3,23.67,Max
Alabama,1987,4,29.17,Max
Alabama,1987,5,31.06,Max
Alabama,1987,6,33.22,Max
Alabama,1987,7,33.67,Max
Alabama,1987,8,29.94,Max
Alabama,1987,9,23.44,Max
Alabama,1987,10,20.56,Max
Alabama,1987,11,16.39,Max
Alabama,1988,0,10.33,Max
Alabama,1988,1,14.5,Max
Alabama,1988,2,19.67,Max
Alabama,1988,3,24.33,Max
Alabama,1988,4,28.28,Max
Alabama,1988,5,32.89,Max
Alabama,1988,6,31.72,Max
Alabama,1988,7,32.89,Max
Alabama,1988,8,28.72,Max
Alabama,1988,9,22.0,Max
Alabama,1988,10,20.22,Max
Alabama,1988,11,15.17,Max
Alabama,1989,0,16.72,Max
Alabama,1989,1,14.44,Max
Alabama,1989,2,20.28,Max
Alabama,1989,3,23.5,Max
Alabama,1989,4,26.67,Max
Alabama,1989,5,29.78,Max
Alabama,1989,6,31.0,Max
Alabama,1989,7,32.0,Max
Alabama,1989,8,28.22,Max
Alabama,1989,9,24.11,Max
Alabama,1989,10,19.22,Max
Alabama,1989,11,9.5,Max
Alabama,1990,0,16.11,Max
Alabama,1990,1,18.78,Max
Alabama,1990,2,21.22,Max
Alabama,1990,3,23.83,Max
Alabama,1990,4,27.22,Max
Alabama,1990,5,32.11,Max
Alabama,1990,6,32.5,Max
Alabama,1990,7,34.39,Max
Alabama,1990,8,32.22,Max
Alabama,1990,9,25.39,Max
Alabama,1990,10,21.83,Max
Alabama,1990,11,16.67,Max
Alabama,1991,0,12.17,Max
Alabama,1991,1,16.44,Max
Alabama,1991,2,20.67,Max
Alabama,1991,3,24.72,Max
Alabama,1991,4,27.89,Max
Alabama,1991,5,30.44,Max
Alabama,1991,6,32.56,Max
Alabama,1991,7,31.83,Max
Alabama,1991,8,30.17,Max
Alabama,1991,9,25.61,Max
Alabama,1991,10,17.22,Max
Alabama,1991,11,16.0,Max
Alabama,1992,0,12.39,Max
Alabama,1992,1,17.5,Max
Alabama,1992,2,19.89,Max
Alabama,1992,3,23.61,Max
Alabama,1992,4,27.22,Max
Alabama,1992,5,29.67,Max
Alabama,1992,6,32.17,Max
Alabama,1992,7,29.83,Max
Alabama,1992,8,28.33,Max
Alabama,1992,9,23.56,Max
Alabama,1992,10,17.33,Max
Alabama,1992,11,13.28,Max
Alabama,1993,0,14.44,Max
Alabama,1993,1,14.33,Max
Alabama,1993,2,17.22,Max
Alabama,1993,3,22.0,Max
Alabama,1993,4,26.83,Max
Alabama,1993,5,31.72,Max
Alabama,1993,6,34.33,Max
Alabama,1993,7,32.72,Max
Alabama,1993,8,29.94,Max
Alabama,1993,9,23.78,Max
Alabama,1993,10,17.89,Max
Alabama,1993,11,13.17,Max
Alabama,1994,0,10.5,Max
Alabama,1994,1,16.78,Max
Alabama,1994,2,20.67,Max
Alabama,1994,3,25.67,Max
Alabama,1994,4,27.0,Max
Alabama,1994,5,30.78,Max
Alabama,1994,6,30.33,Max
Alabama,1994,7,30.83,Max
Alabama,1994,8,28.56,Max
Alabama,1994,9,23.11,Max
Alabama,1994,10,20.89,Max
Alabama,1994,11,15.44,Max
Alabama,1995,0,13.33,Max
Alabama,1995,1,15.11,Max
Alabama,1995,2,20.89,Max
Alabama,1995,3,24.72,Max
Alabama,1995,4,28.72,Max
Alabama,1995,5,30.39,Max
Alabama,1995,6,33.78,Max
Alabama,1995,7,33.44,Max
Alabama,1995,8,29.72,Max
Alabama,1995,9,24.33,Max
Alabama,1995,10,16.56,Max
Alabama,1995,11,12.89,Max
Alabama,1996,0,13.0,Max
Alabama,1996,1,15.06,Max
Alabama,1996,2,17.11,Max
Alabama,1996,3,23.17,Max
Alabama,1996,4,29.67,Max
Alabama,1996,5,30.78,Max
Alabama,1996,6,32.33,Max
Alabama,1996,7,31.17,Max
Alabama,1996,8,28.33,Max
Alabama,1996,9,23.67,Max
Alabama,1996,10,17.78,Max
Alabama,1996,11,15.89,Max
Alabama,1997,0,13.33,Max
Alabama,1997,1,16.0,Max
Alabama,1997,2,23.33,Max
Alabama,1997,3,22.0,Max
Alabama,1997,4,26.22,Max
Alabama,1997,5,28.28,Max
Alabama,1997,6,32.33,Max
Alabama,1997,7,31.33,Max
Alabama,1997,8,30.67,Max
Alabama,1997,9,24.33,Max
Alabama,1997,10,15.94,Max
Alabama,1997,11,12.67,Max
Alabama,1998,0,14.28,Max
Alabama,1998,1,15.39,Max
Alabama,1998,2,18.17,Max
Alabama,1998,3,23.0,Max
Alabama,1998,4,30.17,Max
Alabama,1998,5,33.5,Max
Alabama,1998,6,33.22,Max
Alabama,1998,7,32.89,Max
Alabama,1998,8,31.22,Max
Alabama,1998,9,26.67,Max
Alabama,1998,10,20.89,Max
Alabama,1998,11,16.0,Max
Alabama,1999,0,16.28,Max
Alabama,1999,1,17.67,Max
Alabama,1999,2,19.0,Max
Alabama,1999,3,26.22,Max
Alabama,1999,4,27.94,Max
Alabama,1999,5,30.11,Max
Alabama,1999,6,32.5,Max
Alabama,1999,7,34.56,Max
Alabama,1999,8,30.44,Max
Alabama,1999,9,24.78,Max
Alabama,1999,10,21.17,Max
Alabama,1999,11,15.22,Max
Alabama,2000,0,13.94,Max
Alabama,2000,1,19.0,Max
Alabama,2000,2,22.28,Max
Alabama,2000,3,23.0,Max
Alabama,2000,4,30.17,Max
Alabama,2000,5,31.89,Max
Alabama,2000,6,34.94,Max
Alabama,2000,7,34.33,Max
Alabama,2000,8,29.56,Max
Alabama,2000,9,26.5,Max
Alabama,2000,10,17.56,Max
Alabama,2000,11,9.89,Max
Alabama,2001,0,11.39,Max
Alabama,2001,1,17.83,Max
Alabama,2001,2,16.56,Max
Alabama,2001,3,25.0,Max
Alabama,2001,4,28.56,Max
Alabama,2001,5,30.06,Max
Alabama,2001,6,32.22,Max
Alabama,2001,7,31.17,Max
Alabama,2001,8,28.11,Max
Alabama,2001,9,23.56,Max
Alabama,2001,10,23.11,Max
Alabama,2001,11,16.67,Max
Alabama,2002,0,14.61,Max
Alabama,2002,1,14.89,Max
Alabama,2002,2,20.22,Max
Alabama,2002,3,25.61,Max
Alabama,2002,4,27.94,Max
Alabama,2002,5,31.39,Max
Alabama,2002,6,32.67,Max
Alabama,2002,7,32.67,Max
Alabama,2002,8,30.5,Max
Alabama,2002,9,24.33,Max
Alabama,2002,10,16.72,Max
Alabama,2002,11,13.5,Max
Alabama,2003,0,10.83,Max
Alabama,2003,1,14.83,Max
Alabama,2003,2,20.17,Max
Alabama,2003,3,24.33,Max
Alabama,2003,4,27.61,Max
Alabama,2003,5,29.72,Max
Alabama,2003,6,31.0,Max
Alabama,2003,7,31.67,Max
Alabama,2003,8,29.22,Max
Alabama,2003,9,24.39,Max
Alabama,2003,10,21.61,Max
Alabama,2003,11,13.5,Max
Alabama,2004,0,13.22,Max
Alabama,2004,1,12.56,Max
Alabama,2004,2,22.5,Max
Alabama,2004,3,24.0,Max
Alabama,2004,4,28.94,Max
Alabama,2004,5,29.83,Max
Alabama,2004,6,31.94,Max
Alabama,2004,7,30.56,Max
Alabama,2004,8,28.78,Max
Alabama,2004,9,25.78,Max
Alabama,2004,10,19.72,Max
Alabama,2004,11,13.78,Max
Alabama,2005,0,15.78,Max
Alabama,2005,1,16.44,Max
Alabama,2005,2,18.56,Max
Alabama,2005,3,23.44,Max
Alabama,2005,4,27.33,Max
Alabama,2005,5,30.33,Max
Alabama,2005,6,31.94,Max
Alabama,2005,7,32.22,Max
Alabama,2005,8,31.5,Max
Alabama,2005,9,24.72,Max
Alabama,2005,10,20.5,Max
Alabama,2005,11,13.0,Max
Alabama,2006,0,17.28,Max
Alabama,2006,1,14.06,Max
Alabama,2006,2,20.67,Max
Alabama,2006,3,27.33,Max
Alabama,2006,4,28.0,Max
Alabama,2006,5,33.0,Max
Alabama,2006,6,34.39,Max
Alabama,2006,7,34.22,Max
Alabama,2006,8,29.33,Max
Alabama,2006,9,23.89,Max
Alabama,2006,10,18.78,Max
Alabama,2006,11,16.56,Max
Alabama,2007,0,13.89,Max
Alabama,2007,1,14.22,Max
Alabama,2007,2,23.67,Max
Alabama,2007,3,22.89,Max
Alabama,2007,4,29.61,Max
Alabama,2007,5,33.22,Max
Alabama,2007,6,31.83,Max
Alabama,2007,7,36.0,Max
Alabama,2007,8,30.83,Max
Alabama,2007,9,25.72,Max
Alabama,2007,10,19.67,Max
Alabama,2007,11,17.0,Max
Alabama,2008,0,12.17,Max
Alabama,2008,1,16.78,Max
Alabama,2008,2,20.61,Max
Alabama,2008,3,23.89,Max
Alabama,2008,4,27.83,Max
Alabama,2008,5,32.56,Max
Alabama,2008,6,33.11,Max
Alabama,2008,7,31.28,Max
Alabama,2008,8,29.33,Max
Alabama,2008,9,23.5,Max
Alabama,2008,10,18.06,Max
Alabama,2008,11,15.72,Max
Alabama,2009,0,13.72,Max
Alabama,2009,1,16.39,Max
Alabama,2009,2,20.5,Max
Alabama,2009,3,23.44,Max
Alabama,2009,4,26.83,Max
Alabama,2009,5,32.61,Max
Alabama,2009,6,31.61,Max
Alabama,2009,7,31.0,Max
Alabama,2009,8,28.61,Max
Alabama,2009,9,22.67,Max
Alabama,2009,10,18.72,Max
Alabama,2009,11,12.28,Max
Alabama,2010,0,10.44,Max
Alabama,2010,1,10.44,Max
Alabama,2010,2,17.0,Max
Alabama,2010,3,25.89,Max
Alabama,2010,4,29.06,Max
Alabama,2010,5,33.11,Max
Alabama,2010,6,34.0,Max
Alabama,2010,7,34.06,Max
Alabama,2010,8,32.56,Max
Alabama,2010,9,26.72,Max
Alabama,2010,10,20.06,Max
Alabama,2010,11,11.0,Max
Alabama,2011,0,11.11,Max
Alabama,2011,1,16.56,Max
Alabama,2011,2,21.06,Max
Alabama,2011,3,26.0,Max
Alabama,2011,4,28.33,Max
Alabama,2011,5,34.44,Max
Alabama,2011,6,33.28,Max
Alabama,2011,7,34.56,Max
Alabama,2011,8,28.56,Max
Alabama,2011,9,23.67,Max
Alabama,2011,10,19.72,Max
Alabama,2011,11,15.67,Max
Alabama,2012,0,16.83,Max
Alabama,2012,1,16.83,Max
Alabama,2012,2,24.61,Max
Alabama,2012,3,25.33,Max
Alabama,2012,4,29.61,Max
Alabama,2012,5,31.33,Max
Alabama,2012,6,33.5,Max
Alabama,2012,7,31.06,Max
Alabama,2012,8,28.94,Max
Alabama,2012,9,23.56,Max
Alabama,2012,10,18.61,Max
Alabama,2012,11,16.56,Max
Alabama,2013,0,15.5,Max
Alabama,2013,1,14.94,Max
Alabama,2013,2,16.83,Max
Alabama,2013,3,23.5,Max
Alabama,2013,4,26.44,Max
Alabama,2013,5,30.94,Max
Alabama,2013,6,30.06,Max
Alabama,2013,7,30.61,Max
Alabama,2013,8,30.06,Max
Alabama,2013,9,24.61,Max
Alabama,2013,10,17.39,Max
Alabama,2013,11,14.56,Max
Alabama,2014,0,9.89,Max
Alabama,2014,1,14.83,Max
Alabama,2014,2,18.33,Max
Alabama,2014,3,23.78,Max
Alabama,2014,4,27.89,Max
Alabama,2014,5,31.0,Max
Alabama,2014,6,31.33,Max
Alabama,2014,7,32.83,Max
Alabama,2014,8,30.56,Max
Alabama,2014,9,25.78,Max
Alabama,2014,10,16.22,Max
Alabama,2014,11,15.67,Max
Alabama,2015,0,12.56,Max
Alabama,2015,1,11.44,Max
Alabama,2015,2,20.44,Max
Alabama,2015,3,24.78,Max
Alabama,2015,4,28.72,Max
Alabama,2015,5,31.94,Max
Alabama,2015,6,33.28,Max
Alabama,2015,7,32.11,Max
Alabama,2015,8,29.5,Max
Alabama,2015,9,24.78,Max
Alabama,2015,10,20.72,Max
Alabama,2015,11,19.33,Max
Alabama,2016,0,11.94,Max
Alabama,2016,1,16.33,Max
Alabama,2016,2,21.89,Max
Alabama,2016,3,24.39,Max
Alabama,2016,4,27.78,Max
Alabama,2016,5,32.78,Max
Alabama,2016,6,33.78,Max
Alabama,2016,7,33.0,Max
Alabama,2016,8,32.67,Max
Alabama,2016,9,28.5,Max
Alabama,2016,10,22.78,Max
Alabama,2016,11,15.89,Max
Alabama,2017,0,17.17,Max
Alabama,2017,1,19.89,Max
Alabama,2017,2,21.5,Max
Alabama,2017,3,26.83,Max
Alabama,2017,4,27.72,Max
Alabama,2017,5,29.39,Max
Alabama,2017,6,32.61,Max
Alabama,2017,7,31.11,Max
Alabama,2017,8,29.17,Max
Alabama,2017,9,25.11,Max
Alabama,2017,10,20.06,Max
Alabama,2017,11,13.78,Max
Alabama,2018,0,11.0,Max
Alabama,2018,1,20.06,Max
Alabama,2018,2,19.67,Max
Alabama,2018,3,22.67,Max
Alabama,2018,4,30.06,Max
Alabama,2018,5,32.11,Max
Alabama,2018,6,32.56,Max
Alabama,2018,7,32.0,Max
Alabama,2018,8,31.78,Max
Alabama,2018,9,25.67,Max
Alabama,2018,10,15.94,Max
Alabama,2018,11,14.44,Max
Alabama,2019,0,13.67,Max
Alabama,2019,1,18.89,Max
Alabama,2019,2,19.33,Max
Alabama,2019,3,24.5,Max
Alabama,2019,4,29.89,Max
Alabama,2019,5,31.56,Max
Alabama,2019,6,32.78,Max
Alabama,2019,7,33.06,Max
Alabama,2019,8,34.17,Max
Alabama,2019,9,25.94,Max
Alabama,2019,10,17.56,Max
Alabama,2019,11,16.22,Max
Alabama,2020,0,15.44,Max
Alabama,2020,1,16.22,Max
Alabama,2020,2,23.28,Max
Alabama,2020,3,23.67,Max
Alabama,2020,4,27.11,Max
Alabama,2020,5,30.61,Max
Alabama,2020,6,32.61,Max
Alabama,2020,7,32.28,Max
Alabama,2020,8,28.61,Max
Alabama,2020,9,25.56,Max
Alabama,2020,10,21.33,Max
Alabama,2020,11,14.44,Max
Alabama,2021,0,13.67,Max
Alabama,2021,1,14.28,Max
Alabama,2021,2,21.94,Max
Alabama,2021,3,23.67,Max
Alabama,2021,4,27.22,Max
Alabama,2021,5,30.44,Max
Alabama,2021,6,31.39,Max
Alabama,2021,7,31.89,Max
Alabama,2021,8,28.72,Max
Alabama,2021,9,25.44,Max
Alabama,2021,10,18.61,Max
Alabama,2021,11,19.89,Max
Alabama,2022,0,13.22,Max
Alabama,2022,1,17.17,Max
Alabama,2022,2,21.72,Max
Alabama,2022,3,24.17,Max
Alabama,2022,4,29.33,Max
Alabama,2022,5,33.22,Max
Alabama,2022,6,33.06,Max
Alabama,2022,7,31.22,Max
Alabama,2022,8,29.56,Max
Alabama,2022,9,24.17,Max
Alabama,2022,10,19.33,Max
Alabama,2022,11,14.78,Max
Alabama,2023,0,16.83,Max
Alabama,2023,1,19.67,Max
Alabama,2023,2,21.72,Max
Alabama,2023,3,24.11,Max
Alabama,2023,4,27.39,Max
Alabama,2023,5,30.89,Max
Alabama,2023,6,33.0,Max
Alabama,2023,7,34.11,Max
Alabama,2023,8,30.67,Max
Alabama,2023,9,25.39,Max
Alabama,2023,10,19.06,Max
Alabama,2023,11,15.61,Max
Alabama,2024,0,12.44,Max
Alabama,2024,1,18.61,Max
Alabama,2024,2,20.83,Max
Alabama,2024,3,24.67,Max
Alabama,2024,4,29.17,Max
Alabama,2024,5,32.44,Max
Alabama,2024,6,32.94,Max
Alabama,2024,7,33.89,Max
Alabama,2024,8,29.61,Max
Alabama,2024,9,26.78,Max
Alabama,2024,10,22.28,Max
Alabama,2024,11,-73.28,Max
